Customer_ID,Gender,Age,Education,Employment_Status,Marital_Status,Dependents,Annual_Income,Credit_Score,Existing_Loans,Loan_ID,Loan_Type,Loan_Amount,Loan_Term_Months,Interest_Rate,Monthly_Installment,Debt_to_Income_Ratio,Employment_Years,Previous_Defaults,Credit_History,Property_Ownership,Region,Loan_Status,Default_Status,Credit_Score_Group,Income_Group,Default_Numeric
CUST-1001,Male,60,Bachelor,Self-Employed,Single,1,99600.0,811.0,0,LN-2023-10001,Auto,15000.0,24,11.15,700.16,0.084,27.0,0,Excellent,Mortgage,South,Current,No,Excellent (800+),High (>$95k),0
CUST-1002,Female,27,Bachelor,Employed,Married,0,69400.0,550.0,1,LN-2023-10002,Personal,31800.0,60,18.75,820.54,0.189,5.0,0,Poor,Own,East,Current,No,Poor (<580),Upper-Middle ($65k-$95k),0
CUST-1003,Female,52,PhD,Employed,Divorced,0,220000.0,540.0,2,LN-2023-10003,Home,58100.0,48,14.68,1607.56,0.106,3.0,0,Poor,Rent,South,Current,No,Poor (<580),High (>$95k),0
CUST-1004,Female,39,Bachelor,Employed,Divorced,3,43700.0,589.0,3,LN-2023-10004,Business,53600.0,24,17.82,2671.27,0.75,15.0,0,Fair,Mortgage,East,Defaulted,Yes,Fair (580-669),Lower-Middle ($40k-$65k),1
CUST-1005,Male,26,Bachelor,Employed,Divorced,3,33600.0,765.0,2,LN-2023-10005,Personal,9700.0,60,14.64,228.93,0.191,3.0,0,Excellent,Mortgage,West,Current,No,Very Good (740-799),Low (<$40k),0
CUST-1006,Male,40,High School,Self-Employed,Single,1,126300.0,623.0,1,LN-2023-10006,Personal,10900.0,36,16.32,384.94,0.08,4.0,0,Fair,Rent,Central,Fully Paid,No,Fair (580-669),High (>$95k),0
CUST-1007,Male,47,High School,Employed,Divorced,2,25800.0,699.0,2,LN-2023-10007,Auto,34000.0,12,13.11,3038.54,0.75,10.0,0,Good,Rent,West,Current,No,Good (670-739),Low (<$40k),0
CUST-1008,Female,63,Master,Employed,Married,2,105800.0,676.0,3,LN-2023-10008,Home,48000.0,36,10.81,1567.14,0.261,11.0,0,Good,Rent,West,Fully Paid,No,Good (670-739),High (>$95k),0
CUST-1009,Female,57,Bachelor,Unemployed,Single,3,18000.0,665.0,1,LN-2023-10009,Home,125000.0,12,12.43,11131.26,0.75,0.0,0,Fair,Mortgage,South,Fully Paid,No,Fair (580-669),Low (<$40k),0
CUST-1010,Female,27,Master,Self-Employed,Single,1,35300.0,778.0,0,LN-2023-10010,Auto,20600.0,12,10.44,1815.29,0.617,1.0,0,Excellent,Own,West,Fully Paid,No,Very Good (740-799),Low (<$40k),0
CUST-1011,Male,25,High School,Self-Employed,Divorced,1,47700.0,735.0,3,LN-2023-10011,Auto,20400.0,24,12.42,964.3,0.356,1.0,0,Good,Mortgage,South,Fully Paid,No,Good (670-739),Lower-Middle ($40k-$65k),0
CUST-1012,Female,31,Bachelor,Unemployed,Single,0,33000.0,572.0,0,LN-2023-10012,Home,118400.0,36,13.1,3995.07,0.75,0.0,2,Poor,Rent,North,Defaulted,Yes,Poor (<580),Low (<$40k),1
CUST-1013,Female,35,Bachelor,Employed,Married,0,36300.0,646.0,0,LN-2023-10013,Home,110000.0,36,12.61,3685.71,0.75,7.0,0,Fair,Rent,Central,Defaulted,Yes,Fair (580-669),Low (<$40k),1
CUST-1014,Male,23,High School,Self-Employed,Single,1,73200.0,818.0,1,LN-2023-10014,Business,67000.0,24,12.91,3182.47,0.545,2.0,0,Excellent,Own,North,Current,No,Excellent (800+),Upper-Middle ($65k-$95k),0
CUST-1015,Male,25,High School,Employed,Single,2,69200.0,697.0,1,LN-2023-10015,Business,30200.0,36,15.43,1053.26,0.229,1.0,0,Good,Rent,North,Fully Paid,No,Good (670-739),Upper-Middle ($65k-$95k),0
CUST-1016,Male,43,High School,Self-Employed,Married,2,31900.0,541.0,2,LN-2023-10016,Auto,39200.0,24,17.77,1952.67,0.75,7.0,0,Poor,Mortgage,North,Current,No,Poor (<580),Low (<$40k),0
CUST-1017,Male,57,Bachelor,Self-Employed,Married,3,65300.0,547.0,1,LN-2023-10017,Personal,13500.0,36,18.27,489.89,0.126,14.0,0,Poor,Rent,North,Current,No,Poor (<580),Upper-Middle ($65k-$95k),0
CUST-1018,Male,29,High School,Employed,Single,0,99800.0,745.0,0,LN-2023-10018,Home,129500.0,24,10.56,6009.29,0.723,5.0,0,Excellent,Rent,North,Current,No,Very Good (740-799),High (>$95k),0
CUST-1019,Male,35,PhD,Self-Employed,Married,1,143000.0,729.0,2,LN-2023-10019,Education,28800.0,36,13.58,978.45,0.128,9.0,0,Good,Rent,West,Fully Paid,No,Good (670-739),High (>$95k),0
CUST-1020,Male,23,Bachelor,Employed,Married,0,55900.0,591.0,2,LN-2023-10020,Home,116100.0,12,13.95,10421.55,0.75,1.0,0,Fair,Own,Central,Defaulted,Yes,Fair (580-669),Lower-Middle ($40k-$65k),1
CUST-1021,Female,49,High School,Employed,Married,0,59200.0,733.0,2,LN-2023-10021,Business,71400.0,36,14.0,2440.28,0.576,14.0,0,Good,Mortgage,West,Current,No,Good (670-739),Lower-Middle ($40k-$65k),0
CUST-1022,Male,26,High School,Employed,Divorced,3,36100.0,805.0,1,LN-2023-10022,Home,95500.0,60,8.43,1956.11,0.729,2.0,0,Excellent,Rent,East,Fully Paid,No,Excellent (800+),Low (<$40k),0
CUST-1023,Male,37,Bachelor,Unemployed,Single,1,36300.0,793.0,0,LN-2023-10023,Education,30400.0,36,10.93,994.25,0.329,0.0,0,Excellent,Rent,West,Current,No,Very Good (740-799),Low (<$40k),0
CUST-1024,Male,46,High School,Employed,Married,2,81000.0,806.0,1,LN-2023-10024,Personal,20300.0,36,12.86,682.62,0.117,15.0,0,Excellent,Mortgage,South,Current,No,Excellent (800+),Upper-Middle ($65k-$95k),0
CUST-1025,Male,41,Master,Employed,Single,0,82200.0,717.0,0,LN-2023-10025,Home,49400.0,12,9.94,4341.67,0.634,3.0,0,Good,Rent,Central,Current,No,Good (670-739),Upper-Middle ($65k-$95k),0
CUST-1026,Female,28,PhD,Employed,Single,0,103000.0,654.0,0,LN-2023-10026,Auto,23100.0,36,13.66,785.69,0.092,2.0,1,Fair,Rent,South,Current,No,Fair (580-669),High (>$95k),0
CUST-1027,Male,41,High School,Unemployed,Married,1,18000.0,635.0,2,LN-2023-10027,Education,16800.0,60,15.86,407.29,0.474,0.0,0,Fair,Mortgage,North,Fully Paid,No,Fair (580-669),Low (<$40k),0
CUST-1028,Male,31,Bachelor,Employed,Married,0,34200.0,668.0,1,LN-2023-10028,Auto,37100.0,24,13.38,1770.43,0.686,4.0,0,Fair,Mortgage,West,Current,No,Fair (580-669),Low (<$40k),0
CUST-1029,Female,58,High School,Self-Employed,Single,0,47700.0,595.0,1,LN-2023-10029,Personal,19700.0,36,17.78,710.03,0.232,28.0,0,Fair,Own,West,Fully Paid,No,Fair (580-669),Lower-Middle ($40k-$65k),0
CUST-1030,Male,28,Bachelor,Self-Employed,Married,0,69500.0,639.0,2,LN-2023-10030,Education,26800.0,36,14.23,918.96,0.254,4.0,0,Fair,Mortgage,North,Current,No,Fair (580-669),Upper-Middle ($65k-$95k),0
CUST-1031,Female,62,Bachelor,Employed,Single,1,101400.0,778.0,1,LN-2023-10031,Auto,42200.0,12,11.17,3733.05,0.466,34.0,0,Excellent,Mortgage,South,Fully Paid,No,Very Good (740-799),High (>$95k),0
CUST-1032,Male,44,Bachelor,Employed,Married,4,95200.0,533.0,0,LN-2023-10032,Personal,18200.0,60,19.65,478.65,0.08,2.0,1,Poor,Mortgage,West,Defaulted,Yes,Poor (<580),High (>$95k),1
CUST-1033,Male,55,High School,Self-Employed,Married,2,61400.0,539.0,0,LN-2023-10033,Home,63600.0,36,14.78,2197.87,0.43,13.0,0,Poor,Rent,East,Current,No,Poor (<580),Lower-Middle ($40k-$65k),0
CUST-1034,Female,34,Bachelor,Self-Employed,Divorced,4,123500.0,740.0,0,LN-2023-10034,Auto,10500.0,12,13.01,937.88,0.091,5.0,0,Excellent,Rent,Central,Fully Paid,No,Very Good (740-799),High (>$95k),0
CUST-1035,Female,34,Bachelor,Self-Employed,Married,2,47300.0,640.0,4,LN-2023-10035,Home,58600.0,36,11.37,1928.77,0.656,7.0,0,Fair,Mortgage,East,Defaulted,Yes,Fair (580-669),Lower-Middle ($40k-$65k),1
CUST-1036,Female,30,High School,Employed,Single,2,79700.0,506.0,2,LN-2023-10036,Education,7000.0,36,17.14,250.06,0.094,6.0,1,Poor,Rent,West,Fully Paid,No,Poor (<580),Upper-Middle ($65k-$95k),0
CUST-1037,Male,32,Bachelor,Self-Employed,Married,1,50700.0,664.0,1,LN-2023-10037,Home,65200.0,36,11.4,2146.94,0.565,8.0,0,Fair,Rent,South,Defaulted,Yes,Fair (580-669),Lower-Middle ($40k-$65k),1
CUST-1038,Male,58,Bachelor,Employed,Married,1,109800.0,652.0,0,LN-2023-10038,Auto,34100.0,48,15.02,949.37,0.104,21.0,0,Fair,Rent,Central,Fully Paid,No,Fair (580-669),High (>$95k),0
CUST-1039,Female,64,Master,Employed,Married,0,77400.0,633.0,0,LN-2023-10039,Personal,7400.0,36,17.08,264.12,0.08,24.0,0,Fair,Own,South,Current,No,Fair (580-669),Upper-Middle ($65k-$95k),0
CUST-1040,Male,66,High School,Self-Employed,Married,2,23000.0,728.0,2,LN-2023-10040,Home,52000.0,36,9.29,1660.61,0.75,37.0,0,Good,Own,East,Fully Paid,No,Good (670-739),Low (<$40k),0
CUST-1041,Male,54,Master,Employed,Married,0,108100.0,556.0,4,LN-2023-10041,Personal,31200.0,36,19.33,1148.88,0.2,11.0,0,Poor,Mortgage,East,Fully Paid,No,Poor (<580),High (>$95k),0
CUST-1042,Male,61,Bachelor,Self-Employed,Married,0,104100.0,671.0,0,LN-2023-10042,Personal,31900.0,48,16.11,905.85,0.104,29.0,0,Good,Own,South,Fully Paid,No,Good (670-739),High (>$95k),0
CUST-1043,Male,30,High School,Employed,Single,3,40000.0,652.0,3,LN-2023-10043,Personal,21500.0,24,17.08,1063.84,0.548,7.0,0,Fair,Own,South,Current,No,Fair (580-669),Low (<$40k),0
CUST-1044,Female,37,Bachelor,Self-Employed,Single,0,61200.0,673.0,1,LN-2023-10044,Personal,6100.0,12,17.1,556.64,0.152,7.0,0,Good,Rent,East,Current,No,Good (670-739),Lower-Middle ($40k-$65k),0
CUST-1045,Male,37,Bachelor,Employed,Married,4,58500.0,522.0,0,LN-2023-10045,Personal,26800.0,36,18.63,977.38,0.2,10.0,0,Poor,Rent,South,Fully Paid,No,Poor (<580),Lower-Middle ($40k-$65k),0
CUST-1046,Female,23,PhD,Employed,Divorced,2,94000.0,625.0,0,LN-2023-10046,Home,90800.0,24,13.66,4345.0,0.75,1.0,0,Fair,Mortgage,North,Current,No,Fair (580-669),Upper-Middle ($65k-$95k),0
CUST-1047,Male,51,High School,Self-Employed,Married,0,19500.0,671.0,2,LN-2023-10047,Personal,8300.0,60,15.99,201.8,0.281,4.0,0,Good,Rent,West,Current,No,Good (670-739),Low (<$40k),0
CUST-1048,Male,21,Bachelor,Employed,Married,2,112900.0,715.0,1,LN-2023-10048,Personal,19700.0,36,14.78,680.79,0.102,0.0,0,Good,Rent,South,Current,No,Good (670-739),High (>$95k),0
CUST-1049,Female,32,Bachelor,Employed,Single,2,43400.0,826.0,3,LN-2023-10049,Business,22800.0,24,12.54,1079.03,0.43,2.0,0,Excellent,Mortgage,South,Fully Paid,No,Excellent (800+),Lower-Middle ($40k-$65k),0
CUST-1050,Male,59,PhD,Unemployed,Married,0,74900.0,738.0,0,LN-2023-10050,Home,127700.0,60,9.23,2665.12,0.427,0.0,0,Good,Rent,East,Fully Paid,No,Good (670-739),Upper-Middle ($65k-$95k),0
CUST-1051,Female,24,Bachelor,Employed,Married,2,116500.0,709.0,2,LN-2023-10051,Home,115200.0,24,10.69,5352.66,0.584,1.0,0,Good,Own,Central,Current,No,Good (670-739),High (>$95k),0
CUST-1052,Female,62,PhD,Unemployed,Married,2,65800.0,778.0,0,LN-2023-10052,Personal,10600.0,48,13.51,287.06,0.08,0.0,0,Excellent,Rent,North,Fully Paid,No,Very Good (740-799),Upper-Middle ($65k-$95k),0
CUST-1053,Female,33,Master,Employed,Single,0,58100.0,644.0,0,LN-2023-10053,Home,80600.0,36,11.48,2657.1,0.549,9.0,0,Fair,Rent,East,Fully Paid,No,Fair (580-669),Lower-Middle ($40k-$65k),0
CUST-1054,Female,54,Bachelor,Employed,Single,0,30500.0,802.0,0,LN-2023-10054,Auto,25000.0,36,10.2,809.03,0.318,2.0,0,Excellent,Rent,South,Current,No,Excellent (800+),Low (<$40k),0
CUST-1055,Female,62,Master,Self-Employed,Married,0,54900.0,765.0,2,LN-2023-10055,Home,118200.0,36,10.27,3828.98,0.75,1.0,0,Excellent,Mortgage,Central,Current,No,Very Good (740-799),Lower-Middle ($40k-$65k),0
CUST-1056,Female,41,PhD,Employed,Married,0,75900.0,632.0,2,LN-2023-10056,Home,75100.0,60,12.27,1680.82,0.319,11.0,0,Fair,Rent,West,Defaulted,Yes,Fair (580-669),Upper-Middle ($65k-$95k),1
CUST-1057,Male,42,Bachelor,Employed,Single,0,21600.0,833.0,0,LN-2023-10057,Auto,11800.0,36,9.29,376.83,0.209,6.0,0,Excellent,Rent,North,Fully Paid,No,Excellent (800+),Low (<$40k),0
CUST-1058,Male,24,Bachelor,Employed,Single,2,50800.0,707.0,1,LN-2023-10058,Business,35000.0,36,15.36,1219.47,0.343,1.0,0,Good,Mortgage,South,Fully Paid,No,Good (670-739),Lower-Middle ($40k-$65k),0
CUST-1059,Male,38,Bachelor,Self-Employed,Married,0,66000.0,850.0,2,LN-2023-10059,Education,13300.0,36,10.64,433.16,0.14,6.0,0,Excellent,Rent,North,Fully Paid,No,Excellent (800+),Upper-Middle ($65k-$95k),0
CUST-1060,Male,25,Bachelor,Employed,Married,3,35100.0,695.0,1,LN-2023-10060,Personal,30500.0,24,15.51,1486.24,0.578,0.0,0,Good,Own,West,Fully Paid,No,Good (670-739),Low (<$40k),0
CUST-1061,Male,39,High School,Employed,Married,0,30700.0,622.0,3,LN-2023-10061,Auto,45100.0,36,13.75,1535.94,0.75,0.0,1,Fair,Mortgage,South,Defaulted,Yes,Fair (580-669),Low (<$40k),1
CUST-1062,Male,22,High School,Employed,Married,1,44500.0,604.0,3,LN-2023-10062,Personal,11700.0,12,15.73,1060.06,0.372,1.0,0,Fair,Own,North,Current,No,Fair (580-669),Lower-Middle ($40k-$65k),0
CUST-1063,Female,32,Bachelor,Employed,Single,1,73800.0,639.0,1,LN-2023-10063,Auto,10100.0,12,13.61,905.0,0.182,2.0,0,Fair,Rent,North,Current,No,Fair (580-669),Upper-Middle ($65k-$95k),0
CUST-1064,Male,37,Bachelor,Employed,Married,2,42100.0,621.0,2,LN-2023-10064,Home,88900.0,36,13.38,3011.69,0.75,6.0,1,Fair,Rent,Central,Defaulted,Yes,Fair (580-669),Lower-Middle ($40k-$65k),1
CUST-1065,Male,30,High School,Employed,Married,1,56000.0,778.0,2,LN-2023-10065,Home,112800.0,36,9.86,3632.33,0.75,8.0,0,Excellent,Mortgage,Central,Fully Paid,No,Very Good (740-799),Lower-Middle ($40k-$65k),0
CUST-1066,Female,54,Master,Employed,Divorced,0,82800.0,667.0,0,LN-2023-10066,Auto,20200.0,24,13.07,961.01,0.139,23.0,0,Fair,Mortgage,South,Fully Paid,No,Fair (580-669),Upper-Middle ($65k-$95k),0
CUST-1067,Male,26,Bachelor,Employed,Single,2,64200.0,532.0,1,LN-2023-10067,Auto,26700.0,12,16.43,2427.95,0.487,0.0,0,Poor,Rent,East,Fully Paid,No,Poor (<580),Lower-Middle ($40k-$65k),0
CUST-1068,Female,28,High School,Employed,Single,0,36600.0,688.0,0,LN-2023-10068,Auto,16600.0,24,13.65,794.27,0.26,3.0,0,Good,Mortgage,East,Current,No,Good (670-739),Low (<$40k),0
CUST-1069,Male,31,Bachelor,Employed,Married,0,34500.0,680.0,3,LN-2023-10069,Personal,12500.0,24,15.74,610.49,0.399,6.0,0,Good,Rent,East,Fully Paid,No,Good (670-739),Low (<$40k),0
CUST-1070,Female,32,Bachelor,Employed,Single,1,134900.0,630.0,2,LN-2023-10070,Auto,38800.0,36,15.1,1346.92,0.158,7.0,0,Fair,Own,South,Current,No,Fair (580-669),High (>$95k),0
CUST-1071,Female,29,PhD,Self-Employed,Single,2,141700.0,692.0,0,LN-2023-10071,Education,20600.0,24,13.51,984.3,0.083,5.0,0,Good,Mortgage,South,Fully Paid,No,Good (670-739),High (>$95k),0
CUST-1072,Male,22,High School,Employed,Married,0,77200.0,666.0,1,LN-2023-10072,Personal,16000.0,48,16.49,457.47,0.105,1.0,0,Fair,Rent,North,Fully Paid,No,Fair (580-669),Upper-Middle ($65k-$95k),0
CUST-1073,Male,28,High School,Employed,Divorced,1,47300.0,723.0,1,LN-2023-10073,Home,112100.0,24,10.17,5181.65,0.75,1.0,0,Good,Rent,North,Current,No,Good (670-739),Lower-Middle ($40k-$65k),0
CUST-1074,Female,31,Master,Employed,Divorced,1,72300.0,718.0,2,LN-2023-10074,Education,31900.0,24,12.46,1508.51,0.284,4.0,0,Good,Own,North,Fully Paid,No,Good (670-739),Upper-Middle ($65k-$95k),0
CUST-1075,Female,56,Master,Employed,Single,3,97100.0,701.0,1,LN-2023-10075,Home,60900.0,60,11.69,1345.17,0.187,20.0,0,Good,Own,North,Fully Paid,No,Good (670-739),High (>$95k),0
CUST-1076,Female,30,Bachelor,Self-Employed,Single,0,31700.0,559.0,2,LN-2023-10076,Auto,25800.0,36,14.95,893.73,0.452,5.0,0,Poor,Rent,South,Fully Paid,No,Poor (<580),Low (<$40k),0
CUST-1077,Female,41,Master,Unemployed,Married,0,18000.0,850.0,0,LN-2023-10077,Home,117200.0,24,7.18,5256.92,0.75,0.0,0,Excellent,Rent,West,Fully Paid,No,Excellent (800+),Low (<$40k),0
CUST-1078,Male,40,High School,Employed,Married,1,34300.0,537.0,1,LN-2023-10078,Business,52000.0,60,18.72,1340.91,0.543,1.0,0,Poor,Rent,North,Fully Paid,No,Poor (<580),Low (<$40k),0
CUST-1079,Male,28,Bachelor,Employed,Married,0,51200.0,659.0,1,LN-2023-10079,Business,66300.0,24,16.7,3268.47,0.75,0.0,0,Fair,Mortgage,East,Current,No,Fair (580-669),Lower-Middle ($40k-$65k),0
CUST-1080,Male,56,High School,Employed,Single,2,33000.0,576.0,0,LN-2023-10080,Personal,11900.0,60,17.51,299.02,0.109,29.0,0,Poor,Mortgage,South,Fully Paid,No,Poor (<580),Low (<$40k),0
CUST-1081,Female,49,High School,Employed,Married,1,57000.0,703.0,2,LN-2023-10081,Home,50100.0,12,10.92,4426.05,0.75,4.0,0,Good,Own,North,Fully Paid,No,Good (670-739),Lower-Middle ($40k-$65k),0
CUST-1082,Female,62,Master,Self-Employed,Divorced,2,92900.0,681.0,2,LN-2023-10082,Home,59000.0,48,10.35,1506.33,0.252,10.0,0,Good,Mortgage,North,Defaulted,Yes,Good (670-739),Upper-Middle ($65k-$95k),1
CUST-1083,Male,32,High School,Employed,Married,2,91900.0,655.0,5,LN-2023-10083,Personal,14600.0,24,16.7,719.75,0.213,7.0,0,Fair,Rent,East,Fully Paid,No,Fair (580-669),Upper-Middle ($65k-$95k),0
CUST-1084,Male,34,Bachelor,Employed,Married,3,191400.0,799.0,2,LN-2023-10084,Home,75000.0,60,10.0,1593.53,0.124,5.0,0,Excellent,Rent,North,Fully Paid,No,Very Good (740-799),High (>$95k),0
CUST-1085,Male,41,Master,Employed,Single,1,44100.0,764.0,1,LN-2023-10085,Education,36500.0,36,10.62,1188.41,0.364,3.0,0,Excellent,Mortgage,East,Fully Paid,No,Very Good (740-799),Lower-Middle ($40k-$65k),0
CUST-1086,Male,42,High School,Self-Employed,Married,4,60300.0,642.0,3,LN-2023-10086,Education,24600.0,24,14.17,1183.09,0.331,9.0,0,Fair,Rent,North,Defaulted,Yes,Fair (580-669),Lower-Middle ($40k-$65k),1
CUST-1087,Female,41,PhD,Employed,Divorced,0,99100.0,738.0,3,LN-2023-10087,Education,27300.0,48,13.15,734.42,0.146,10.0,0,Good,Own,Central,Fully Paid,No,Good (670-739),High (>$95k),0
CUST-1088,Female,64,PhD,Unemployed,Divorced,2,32300.0,802.0,1,LN-2023-10088,Personal,23000.0,36,15.22,799.78,0.383,0.0,0,Excellent,Rent,North,Fully Paid,No,Excellent (800+),Low (<$40k),0
CUST-1089,Female,50,Bachelor,Employed,Married,1,38600.0,763.0,1,LN-2023-10089,Education,24100.0,48,12.43,639.75,0.261,11.0,2,Fair,Mortgage,South,Current,No,Very Good (740-799),Low (<$40k),0
CUST-1090,Male,59,High School,Employed,Married,2,32500.0,658.0,4,LN-2023-10090,Home,110400.0,36,11.31,3630.58,0.75,30.0,1,Fair,Rent,West,Current,No,Fair (580-669),Low (<$40k),0
CUST-1091,Male,40,Bachelor,Self-Employed,Married,1,80600.0,534.0,2,LN-2023-10091,Personal,25700.0,48,18.95,767.76,0.176,5.0,0,Poor,Rent,West,Fully Paid,No,Poor (<580),Upper-Middle ($65k-$95k),0
CUST-1092,Female,44,Bachelor,Employed,Single,2,41100.0,697.0,2,LN-2023-10092,Home,74900.0,36,10.11,2420.68,0.75,13.0,0,Good,Rent,North,Fully Paid,No,Good (670-739),Lower-Middle ($40k-$65k),0
CUST-1093,Female,43,Bachelor,Employed,Married,3,67500.0,726.0,0,LN-2023-10093,Education,8900.0,60,13.39,204.28,0.08,2.0,0,Good,Rent,North,Current,No,Good (670-739),Upper-Middle ($65k-$95k),0
CUST-1094,Female,27,Bachelor,Employed,Single,2,56300.0,604.0,2,LN-2023-10094,Home,128800.0,36,13.74,4385.83,0.75,2.0,0,Fair,Rent,East,Defaulted,Yes,Fair (580-669),Lower-Middle ($40k-$65k),1
CUST-1095,Female,29,PhD,Employed,Married,2,98900.0,671.0,0,LN-2023-10095,Business,65000.0,12,16.82,5922.76,0.719,5.0,1,Good,Mortgage,West,Defaulted,Yes,Good (670-739),High (>$95k),1
CUST-1096,Male,21,High School,Employed,Single,0,32000.0,662.0,0,LN-2023-10096,Auto,36900.0,12,13.5,3304.47,0.75,0.0,0,Fair,Rent,West,Fully Paid,No,Fair (580-669),Low (<$40k),0
CUST-1097,Male,46,Master,Unemployed,Single,0,29200.0,787.0,3,LN-2023-10097,Home,109300.0,48,8.42,2689.93,0.75,0.0,0,Excellent,Rent,East,Defaulted,Yes,Very Good (740-799),Low (<$40k),1
CUST-1098,Male,58,High School,Employed,Single,4,33000.0,827.0,2,LN-2023-10098,Personal,20800.0,48,13.65,564.75,0.285,19.0,0,Excellent,Mortgage,West,Fully Paid,No,Excellent (800+),Low (<$40k),0
CUST-1099,Male,58,Bachelor,Self-Employed,Single,2,77700.0,769.0,1,LN-2023-10099,Personal,16700.0,48,14.85,463.5,0.106,5.0,0,Excellent,Own,South,Fully Paid,No,Very Good (740-799),Upper-Middle ($65k-$95k),0
CUST-1100,Male,64,Master,Employed,Married,1,142200.0,662.0,1,LN-2023-10100,Auto,47400.0,24,13.04,2254.37,0.209,4.0,0,Fair,Mortgage,East,Current,No,Fair (580-669),High (>$95k),0
CUST-1101,Male,42,Bachelor,Employed,Married,0,70700.0,767.0,0,LN-2023-10101,Auto,37700.0,24,11.16,1759.92,0.299,10.0,0,Excellent,Own,South,Fully Paid,No,Very Good (740-799),Upper-Middle ($65k-$95k),0
CUST-1102,Female,64,High School,Employed,Single,0,56700.0,725.0,0,LN-2023-10102,Home,116900.0,36,10.9,3821.62,0.75,25.0,0,Good,Own,West,Fully Paid,No,Good (670-739),Lower-Middle ($40k-$65k),0
CUST-1103,Male,30,Bachelor,Unemployed,Married,0,31800.0,663.0,1,LN-2023-10103,Home,82400.0,24,11.54,3861.18,0.75,0.0,0,Fair,Rent,North,Fully Paid,No,Fair (580-669),Low (<$40k),0
CUST-1104,Male,26,Bachelor,Self-Employed,Divorced,1,38400.0,847.0,0,LN-2023-10104,Education,36800.0,36,10.19,1190.72,0.372,1.0,0,Excellent,Mortgage,South,Fully Paid,No,Excellent (800+),Low (<$40k),0
CUST-1105,Female,37,Bachelor,Self-Employed,Divorced,0,156700.0,607.0,1,LN-2023-10105,Home,107200.0,36,11.92,3556.48,0.291,13.0,2,Fair,Rent,West,Defaulted,Yes,Fair (580-669),High (>$95k),1
CUST-1106,Male,58,Bachelor,Employed,Single,0,39100.0,721.0,3,LN-2023-10106,Auto,38400.0,24,11.65,1801.35,0.75,7.0,0,Good,Own,West,Defaulted,Yes,Good (670-739),Low (<$40k),1
CUST-1107,Male,44,Bachelor,Employed,Married,1,93400.0,741.0,0,LN-2023-10107,Auto,13300.0,36,11.93,441.31,0.08,2.0,0,Excellent,Rent,West,Defaulted,Yes,Very Good (740-799),Upper-Middle ($65k-$95k),1
CUST-1108,Female,30,PhD,Employed,Single,1,129900.0,645.0,0,LN-2023-10108,Personal,20900.0,36,16.12,736.02,0.08,2.0,0,Fair,Rent,North,Current,No,Fair (580-669),High (>$95k),0
CUST-1109,Male,28,Master,Unemployed,Married,0,18200.0,717.0,3,LN-2023-10109,Business,43500.0,36,14.02,1487.15,0.75,0.0,0,Good,Own,East,Fully Paid,No,Good (670-739),Low (<$40k),0
CUST-1110,Male,41,Bachelor,Employed,Married,1,99000.0,750.0,2,LN-2023-10110,Auto,35400.0,36,11.58,1168.7,0.166,3.0,0,Excellent,Own,East,Fully Paid,No,Very Good (740-799),High (>$95k),0
CUST-1111,Male,26,Master,Employed,Married,3,97400.0,690.0,0,LN-2023-10111,Personal,19500.0,48,15.01,542.8,0.08,0.0,0,Good,Rent,West,Fully Paid,No,Good (670-739),High (>$95k),0
CUST-1112,Male,41,Bachelor,Employed,Married,1,147200.0,710.0,0,LN-2023-10112,Education,9800.0,36,13.2,331.15,0.08,14.0,0,Good,Rent,South,Fully Paid,No,Good (670-739),High (>$95k),0
CUST-1113,Female,59,Bachelor,Employed,Married,2,68600.0,678.0,2,LN-2023-10113,Business,57100.0,12,16.38,5191.01,0.75,16.0,0,Good,Mortgage,East,Current,No,Good (670-739),Upper-Middle ($65k-$95k),0
CUST-1114,Female,44,High School,Employed,Married,3,46800.0,737.0,1,LN-2023-10114,Education,21300.0,60,12.38,477.91,0.183,8.0,0,Good,Rent,North,Current,No,Good (670-739),Lower-Middle ($40k-$65k),0
CUST-1115,Female,53,Bachelor,Self-Employed,Divorced,0,57300.0,668.0,2,LN-2023-10115,Home,111000.0,36,11.7,3670.9,0.75,26.0,0,Fair,Own,West,Defaulted,Yes,Fair (580-669),Lower-Middle ($40k-$65k),1
CUST-1116,Female,38,Bachelor,Employed,Married,0,28700.0,643.0,1,LN-2023-10116,Business,55200.0,60,17.21,1378.1,0.682,5.0,0,Fair,Own,Central,Fully Paid,No,Fair (580-669),Low (<$40k),0
CUST-1117,Female,48,High School,Self-Employed,Divorced,1,48900.0,671.0,4,LN-2023-10117,Personal,17000.0,60,16.55,418.39,0.355,4.0,0,Good,Rent,East,Current,No,Good (670-739),Lower-Middle ($40k-$65k),0
CUST-1118,Male,52,Bachelor,Self-Employed,Married,1,63900.0,770.0,2,LN-2023-10118,Home,106200.0,36,9.92,3422.79,0.74,7.0,0,Excellent,Rent,South,Fully Paid,No,Very Good (740-799),Lower-Middle ($40k-$65k),0
CUST-1119,Female,32,Master,Employed,Married,1,87600.0,521.0,0,LN-2023-10119,Personal,22400.0,60,17.57,563.59,0.08,2.0,1,Poor,Rent,South,Fully Paid,No,Poor (<580),Upper-Middle ($65k-$95k),0
CUST-1120,Female,62,Bachelor,Employed,Married,0,33100.0,668.0,1,LN-2023-10120,Home,129300.0,36,12.96,4354.14,0.75,18.0,1,Fair,Rent,South,Defaulted,Yes,Fair (580-669),Low (<$40k),1
CUST-1121,Female,47,Bachelor,Employed,Single,1,56500.0,850.0,1,LN-2023-10121,Business,44600.0,24,11.5,2089.08,0.49,7.0,0,Excellent,Mortgage,East,Fully Paid,No,Excellent (800+),Lower-Middle ($40k-$65k),0
CUST-1122,Female,30,Master,Self-Employed,Married,0,116000.0,693.0,0,LN-2023-10122,Education,29400.0,12,12.98,2625.65,0.272,4.0,0,Good,Mortgage,North,Fully Paid,No,Good (670-739),High (>$95k),0
CUST-1123,Male,66,High School,Employed,Married,3,66500.0,635.0,0,LN-2023-10123,Education,11700.0,36,15.57,408.86,0.08,26.0,0,Fair,Mortgage,East,Current,No,Fair (580-669),Upper-Middle ($65k-$95k),0
CUST-1124,Male,62,Bachelor,Employed,Married,0,27200.0,737.0,0,LN-2023-10124,Home,113400.0,48,9.71,2860.35,0.75,27.0,0,Good,Rent,East,Defaulted,Yes,Good (670-739),Low (<$40k),1
CUST-1125,Male,52,Master,Employed,Married,3,107000.0,603.0,1,LN-2023-10125,Business,75000.0,60,16.36,1838.23,0.233,19.0,1,Fair,Rent,West,Defaulted,Yes,Fair (580-669),High (>$95k),1
CUST-1126,Male,62,Bachelor,Employed,Single,0,56300.0,491.0,2,LN-2023-10126,Home,106700.0,36,15.67,3733.89,0.75,7.0,2,Poor,Rent,North,Defaulted,Yes,Poor (<580),Lower-Middle ($40k-$65k),1
CUST-1127,Female,46,Bachelor,Employed,Married,0,57800.0,700.0,0,LN-2023-10127,Personal,6500.0,48,15.39,182.19,0.08,3.0,0,Good,Mortgage,West,Fully Paid,No,Good (670-739),Lower-Middle ($40k-$65k),0
CUST-1128,Female,45,High School,Employed,Married,0,18000.0,607.0,2,LN-2023-10128,Auto,47500.0,60,14.3,1112.64,0.75,11.0,0,Fair,Own,North,Fully Paid,No,Fair (580-669),Low (<$40k),0
CUST-1129,Male,31,Master,Self-Employed,Divorced,4,175300.0,678.0,2,LN-2023-10129,Home,125100.0,36,12.1,4161.09,0.307,2.0,0,Good,Rent,East,Defaulted,Yes,Good (670-739),High (>$95k),1
CUST-1130,Male,43,Bachelor,Self-Employed,Married,0,78300.0,697.0,3,LN-2023-10130,Personal,13700.0,24,15.84,669.75,0.225,2.0,0,Good,Own,Central,Current,No,Good (670-739),Upper-Middle ($65k-$95k),0
CUST-1131,Male,54,Master,Employed,Single,1,39100.0,682.0,3,LN-2023-10131,Business,60400.0,48,15.97,1710.83,0.689,15.0,3,Fair,Rent,West,Defaulted,Yes,Good (670-739),Low (<$40k),1
CUST-1132,Male,60,Bachelor,Employed,Single,2,74400.0,524.0,4,LN-2023-10132,Auto,43800.0,36,17.11,1563.99,0.359,11.0,0,Poor,Own,Central,Fully Paid,No,Poor (<580),Upper-Middle ($65k-$95k),0
CUST-1133,Male,43,Bachelor,Self-Employed,Divorced,1,84400.0,672.0,4,LN-2023-10133,Business,54600.0,48,16.58,1563.65,0.304,14.0,0,Good,Rent,North,Fully Paid,No,Good (670-739),Upper-Middle ($65k-$95k),0
CUST-1134,Male,49,Master,Employed,Married,0,134900.0,707.0,1,LN-2023-10134,Auto,32800.0,36,12.64,1099.48,0.121,8.0,0,Good,Own,West,Fully Paid,No,Good (670-739),High (>$95k),0
CUST-1135,Female,51,Bachelor,Self-Employed,Single,3,62900.0,550.0,1,LN-2023-10135,Personal,20500.0,12,17.83,1877.78,0.41,25.0,0,Poor,Own,East,Fully Paid,No,Poor (<580),Lower-Middle ($40k-$65k),0
CUST-1136,Male,27,Bachelor,Employed,Married,3,63200.0,540.0,1,LN-2023-10136,Personal,21800.0,24,18.77,1096.47,0.238,4.0,0,Poor,Mortgage,South,Defaulted,Yes,Poor (<580),Lower-Middle ($40k-$65k),1
CUST-1137,Male,60,Bachelor,Employed,Single,1,47100.0,579.0,1,LN-2023-10137,Business,60300.0,24,16.7,2972.68,0.75,2.0,0,Poor,Rent,South,Fully Paid,No,Poor (<580),Lower-Middle ($40k-$65k),0
CUST-1138,Female,53,Master,Employed,Married,1,101900.0,733.0,0,LN-2023-10138,Personal,14800.0,24,13.93,710.1,0.084,14.0,0,Good,Mortgage,North,Fully Paid,No,Good (670-739),High (>$95k),0
CUST-1139,Male,41,Bachelor,Employed,Married,3,44200.0,500.0,2,LN-2023-10139,Auto,30500.0,48,18.43,902.81,0.348,10.0,1,Poor,Mortgage,West,Fully Paid,No,Poor (<580),Lower-Middle ($40k-$65k),0
CUST-1140,Female,22,Bachelor,Self-Employed,Single,4,48400.0,740.0,0,LN-2023-10140,Personal,28300.0,36,13.75,963.79,0.239,1.0,0,Excellent,Mortgage,East,Fully Paid,No,Very Good (740-799),Lower-Middle ($40k-$65k),0
CUST-1141,Female,38,High School,Employed,Married,1,47600.0,703.0,0,LN-2023-10141,Auto,42800.0,12,12.01,3802.93,0.75,7.0,0,Good,Mortgage,North,Fully Paid,No,Good (670-739),Lower-Middle ($40k-$65k),0
CUST-1142,Male,67,Master,Employed,Divorced,2,44800.0,648.0,0,LN-2023-10142,Personal,25400.0,36,17.01,905.71,0.243,19.0,0,Fair,Mortgage,East,Fully Paid,No,Fair (580-669),Lower-Middle ($40k-$65k),0
CUST-1143,Male,53,High School,Employed,Single,0,101000.0,544.0,3,LN-2023-10143,Personal,15000.0,36,19.44,553.18,0.121,10.0,0,Poor,Rent,North,Defaulted,Yes,Poor (<580),High (>$95k),1
CUST-1144,Male,57,Bachelor,Self-Employed,Married,0,172100.0,602.0,0,LN-2023-10144,Auto,39900.0,24,13.89,1913.64,0.133,8.0,1,Fair,Rent,South,Fully Paid,No,Fair (580-669),High (>$95k),0
CUST-1145,Male,54,Bachelor,Employed,Married,0,51300.0,736.0,3,LN-2023-10145,Home,78000.0,12,10.28,6867.6,0.75,27.0,0,Good,Rent,North,Defaulted,Yes,Good (670-739),Lower-Middle ($40k-$65k),1
CUST-1146,Male,40,Bachelor,Self-Employed,Married,0,38700.0,776.0,0,LN-2023-10146,Auto,35200.0,36,10.84,1149.74,0.357,5.0,0,Excellent,Mortgage,East,Fully Paid,No,Very Good (740-799),Low (<$40k),0
CUST-1147,Female,55,Bachelor,Employed,Divorced,1,73100.0,582.0,2,LN-2023-10147,Education,25300.0,36,16.23,892.35,0.191,2.0,2,Fair,Rent,North,Current,No,Fair (580-669),Upper-Middle ($65k-$95k),0
CUST-1148,Male,38,High School,Employed,Married,1,39500.0,767.0,1,LN-2023-10148,Auto,21400.0,60,11.21,467.53,0.196,2.0,0,Excellent,Rent,South,Current,No,Very Good (740-799),Low (<$40k),0
CUST-1149,Male,66,Bachelor,Self-Employed,Single,0,122700.0,728.0,1,LN-2023-10149,Home,83500.0,60,9.33,1746.73,0.189,33.0,0,Good,Mortgage,South,Current,No,Good (670-739),High (>$95k),0
CUST-1150,Male,44,Master,Employed,Single,0,54600.0,669.0,5,LN-2023-10150,Auto,41600.0,36,13.25,1406.68,0.449,12.0,0,Fair,Mortgage,West,Fully Paid,No,Fair (580-669),Lower-Middle ($40k-$65k),0
CUST-1151,Female,28,Master,Employed,Divorced,0,99400.0,607.0,0,LN-2023-10151,Business,83900.0,36,17.68,3019.73,0.365,5.0,0,Fair,Own,South,Fully Paid,No,Fair (580-669),High (>$95k),0
CUST-1152,Male,50,High School,Employed,Single,4,51700.0,620.0,0,LN-2023-10152,Auto,17800.0,36,16.02,625.97,0.145,20.0,0,Fair,Mortgage,East,Current,No,Fair (580-669),Lower-Middle ($40k-$65k),0
CUST-1153,Male,64,Master,Employed,Single,2,57400.0,824.0,1,LN-2023-10153,Auto,27300.0,24,10.44,1265.31,0.295,30.0,0,Excellent,Rent,South,Current,No,Excellent (800+),Lower-Middle ($40k-$65k),0
CUST-1154,Male,30,Bachelor,Employed,Married,0,70000.0,685.0,2,LN-2023-10154,Education,20700.0,24,13.46,988.59,0.226,4.0,0,Good,Mortgage,East,Fully Paid,No,Good (670-739),Upper-Middle ($65k-$95k),0
CUST-1155,Female,43,Master,Employed,Married,3,115600.0,783.0,5,LN-2023-10155,Education,22600.0,12,10.75,1994.79,0.285,3.0,0,Excellent,Own,North,Fully Paid,No,Very Good (740-799),High (>$95k),0
CUST-1156,Male,31,Bachelor,Employed,Married,0,65400.0,690.0,2,LN-2023-10156,Home,128000.0,12,11.01,11313.45,0.75,1.0,0,Good,Mortgage,Central,Current,No,Good (670-739),Upper-Middle ($65k-$95k),0
CUST-1157,Female,22,Bachelor,Employed,Divorced,1,65700.0,631.0,1,LN-2023-10157,Business,56300.0,24,16.45,2768.74,0.543,1.0,0,Fair,Rent,East,Fully Paid,No,Fair (580-669),Upper-Middle ($65k-$95k),0
CUST-1158,Female,46,Master,Employed,Single,3,52600.0,719.0,1,LN-2023-10158,Personal,27100.0,36,15.2,942.09,0.26,8.0,0,Good,Own,Central,Fully Paid,No,Good (670-739),Lower-Middle ($40k-$65k),0
CUST-1159,Male,56,Master,Employed,Single,0,130300.0,850.0,1,LN-2023-10159,Business,66500.0,24,11.86,3126.04,0.299,17.0,0,Excellent,Own,North,Fully Paid,No,Excellent (800+),High (>$95k),0
CUST-1160,Female,53,Bachelor,Unemployed,Single,1,35200.0,615.0,2,LN-2023-10160,Personal,6100.0,24,17.61,303.39,0.194,0.0,0,Fair,Rent,East,Fully Paid,No,Fair (580-669),Low (<$40k),0
CUST-1161,Male,67,Bachelor,Self-Employed,Married,0,60100.0,747.0,0,LN-2023-10161,Home,104100.0,36,9.61,3339.99,0.667,20.0,0,Excellent,Mortgage,West,Current,No,Very Good (740-799),Lower-Middle ($40k-$65k),0
CUST-1162,Female,33,Bachelor,Employed,Married,0,59400.0,686.0,2,LN-2023-10162,Education,28000.0,36,14.9,969.26,0.241,6.0,0,Good,Rent,West,Fully Paid,No,Good (670-739),Lower-Middle ($40k-$65k),0
CUST-1163,Female,60,Bachelor,Employed,Married,1,118800.0,546.0,0,LN-2023-10163,Personal,25000.0,12,19.2,2306.3,0.233,1.0,1,Poor,Rent,East,Fully Paid,No,Poor (<580),High (>$95k),0
CUST-1164,Female,45,Bachelor,Unemployed,Married,4,18000.0,544.0,1,LN-2023-10164,Personal,5200.0,48,18.34,153.68,0.192,0.0,0,Poor,Rent,North,Defaulted,Yes,Poor (<580),Low (<$40k),1
CUST-1165,Male,24,Bachelor,Employed,Single,1,82500.0,631.0,0,LN-2023-10165,Auto,19200.0,36,15.12,666.7,0.097,0.0,1,Fair,Mortgage,South,Current,No,Fair (580-669),Upper-Middle ($65k-$95k),0
CUST-1166,Female,62,Master,Employed,Married,3,60500.0,699.0,1,LN-2023-10166,Auto,39200.0,36,12.11,1304.06,0.303,25.0,0,Good,Mortgage,South,Current,No,Good (670-739),Lower-Middle ($40k-$65k),0
CUST-1167,Male,39,High School,Self-Employed,Single,3,125700.0,744.0,2,LN-2023-10167,Personal,13700.0,60,13.83,317.57,0.08,3.0,0,Excellent,Rent,South,Fully Paid,No,Very Good (740-799),High (>$95k),0
CUST-1168,Male,38,Bachelor,Employed,Single,0,64700.0,536.0,0,LN-2023-10168,Home,122400.0,12,13.95,10987.06,0.75,10.0,1,Poor,Rent,North,Defaulted,Yes,Poor (<580),Lower-Middle ($40k-$65k),1
CUST-1169,Male,57,High School,Employed,Married,0,86600.0,725.0,0,LN-2023-10169,Home,89000.0,36,11.28,2925.56,0.405,17.0,0,Good,Rent,North,Fully Paid,No,Good (670-739),Upper-Middle ($65k-$95k),0
CUST-1170,Female,50,Bachelor,Unemployed,Married,1,18000.0,659.0,0,LN-2023-10170,Personal,3000.0,24,16.18,147.15,0.098,0.0,1,Fair,Own,East,Current,No,Fair (580-669),Low (<$40k),0
CUST-1171,Female,39,High School,Employed,Married,1,28000.0,670.0,0,LN-2023-10171,Auto,36600.0,36,13.12,1235.32,0.529,15.0,0,Good,Rent,West,Current,No,Good (670-739),Low (<$40k),0
CUST-1172,Male,43,Bachelor,Employed,Married,0,56600.0,720.0,0,LN-2023-10172,Personal,17900.0,24,15.07,868.51,0.184,16.0,0,Good,Mortgage,North,Fully Paid,No,Good (670-739),Lower-Middle ($40k-$65k),0
CUST-1173,Male,36,Master,Employed,Single,4,87600.0,818.0,2,LN-2023-10173,Home,72000.0,36,8.68,2278.87,0.368,5.0,0,Excellent,Mortgage,West,Current,No,Excellent (800+),Upper-Middle ($65k-$95k),0
CUST-1174,Male,21,Master,Employed,Married,2,61900.0,695.0,1,LN-2023-10174,Auto,10800.0,36,14.12,369.75,0.122,0.0,0,Good,Mortgage,West,Fully Paid,No,Good (670-739),Lower-Middle ($40k-$65k),0
CUST-1175,Female,32,High School,Self-Employed,Single,1,79400.0,554.0,1,LN-2023-10175,Education,12800.0,60,15.56,308.29,0.08,1.0,1,Poor,Mortgage,South,Fully Paid,No,Poor (<580),Upper-Middle ($65k-$95k),0
CUST-1176,Male,44,Bachelor,Employed,Single,1,57200.0,654.0,2,LN-2023-10176,Auto,16100.0,36,14.8,556.54,0.164,8.0,0,Fair,Rent,East,Defaulted,Yes,Fair (580-669),Lower-Middle ($40k-$65k),1
CUST-1177,Female,54,Bachelor,Employed,Married,0,24600.0,742.0,2,LN-2023-10177,Personal,19900.0,60,13.03,453.09,0.424,21.0,0,Excellent,Own,South,Fully Paid,No,Very Good (740-799),Low (<$40k),0
CUST-1178,Male,28,Master,Unemployed,Single,1,34900.0,745.0,0,LN-2023-10178,Auto,39200.0,24,12.54,1855.18,0.638,0.0,0,Excellent,Rent,South,Current,No,Very Good (740-799),Low (<$40k),0
CUST-1179,Female,38,Master,Employed,Single,3,52300.0,726.0,3,LN-2023-10179,Education,14000.0,24,13.64,669.8,0.335,9.0,0,Good,Rent,East,Fully Paid,No,Good (670-739),Lower-Middle ($40k-$65k),0
CUST-1180,Male,25,Bachelor,Employed,Single,3,53400.0,626.0,5,LN-2023-10180,Home,104300.0,36,13.38,3533.4,0.75,2.0,0,Fair,Mortgage,South,Defaulted,Yes,Fair (580-669),Lower-Middle ($40k-$65k),1
CUST-1181,Male,46,Bachelor,Employed,Married,0,126500.0,553.0,0,LN-2023-10181,Home,29900.0,48,14.53,825.03,0.318,4.0,0,Poor,Mortgage,East,Fully Paid,No,Poor (<580),High (>$95k),0
CUST-1182,Male,50,Master,Employed,Married,1,172800.0,720.0,2,LN-2023-10182,Business,63500.0,24,14.01,3049.12,0.227,20.0,0,Good,Own,West,Current,No,Good (670-739),High (>$95k),0
CUST-1183,Female,33,High School,Employed,Married,2,37900.0,566.0,0,LN-2023-10183,Auto,39500.0,60,16.37,968.35,0.307,3.0,1,Poor,Rent,Central,Current,No,Poor (<580),Low (<$40k),0
CUST-1184,Female,39,Bachelor,Unemployed,Married,0,28500.0,728.0,0,LN-2023-10184,Education,12900.0,12,12.04,1146.39,0.483,0.0,0,Good,Own,Central,Current,No,Good (670-739),Low (<$40k),0
CUST-1185,Male,49,Master,Self-Employed,Single,0,69800.0,728.0,1,LN-2023-10185,Auto,12800.0,60,11.63,282.34,0.08,20.0,0,Good,Mortgage,Central,Current,No,Good (670-739),Upper-Middle ($65k-$95k),0
CUST-1186,Female,23,Master,Employed,Single,1,68400.0,630.0,3,LN-2023-10186,Personal,13600.0,36,16.62,482.31,0.227,1.0,0,Fair,Mortgage,Central,Fully Paid,No,Fair (580-669),Upper-Middle ($65k-$95k),0
CUST-1187,Female,46,Bachelor,Employed,Divorced,1,47900.0,660.0,2,LN-2023-10187,Personal,23600.0,36,16.02,829.94,0.321,8.0,0,Fair,Rent,South,Defaulted,Yes,Fair (580-669),Lower-Middle ($40k-$65k),1
CUST-1188,Female,60,Bachelor,Employed,Married,0,28900.0,686.0,1,LN-2023-10188,Auto,36100.0,60,13.38,828.43,0.455,1.0,0,Good,Mortgage,Central,Fully Paid,No,Good (670-739),Low (<$40k),0
CUST-1189,Male,32,Bachelor,Employed,Married,0,65600.0,617.0,1,LN-2023-10189,Home,126200.0,60,12.24,2822.58,0.551,2.0,0,Fair,Rent,North,Defaulted,Yes,Fair (580-669),Upper-Middle ($65k-$95k),1
CUST-1190,Male,22,Bachelor,Employed,Single,0,71600.0,552.0,1,LN-2023-10190,Home,98500.0,60,14.39,2311.89,0.423,1.0,1,Poor,Own,Central,Defaulted,Yes,Poor (<580),Upper-Middle ($65k-$95k),1
CUST-1191,Male,31,Bachelor,Unemployed,Married,0,18000.0,666.0,1,LN-2023-10191,Personal,14900.0,36,15.19,517.9,0.474,0.0,0,Fair,Mortgage,East,Fully Paid,No,Fair (580-669),Low (<$40k),0
CUST-1192,Female,64,Bachelor,Employed,Married,1,102600.0,675.0,3,LN-2023-10192,Education,33100.0,60,13.98,769.84,0.155,30.0,0,Good,Mortgage,West,Current,No,Good (670-739),High (>$95k),0
CUST-1193,Female,48,Bachelor,Employed,Single,0,51700.0,785.0,1,LN-2023-10193,Education,11200.0,48,11.34,291.32,0.115,13.0,0,Excellent,Mortgage,Central,Current,No,Very Good (740-799),Lower-Middle ($40k-$65k),0
CUST-1194,Female,38,Master,Employed,Married,0,58400.0,603.0,1,LN-2023-10194,Home,114100.0,48,13.74,3103.09,0.66,7.0,0,Fair,Mortgage,Central,Fully Paid,No,Fair (580-669),Lower-Middle ($40k-$65k),0
CUST-1195,Male,33,High School,Employed,Single,2,62200.0,760.0,1,LN-2023-10195,Auto,23900.0,48,12.36,633.61,0.148,7.0,1,Good,Rent,West,Current,No,Very Good (740-799),Lower-Middle ($40k-$65k),0
CUST-1196,Male,57,Bachelor,Employed,Married,0,31400.0,572.0,3,LN-2023-10196,Personal,7500.0,48,18.1,220.7,0.243,14.0,0,Poor,Rent,North,Fully Paid,No,Poor (<580),Low (<$40k),0
CUST-1197,Female,42,Bachelor,Employed,Single,1,94500.0,555.0,2,LN-2023-10197,Home,58800.0,36,12.72,1973.28,0.293,12.0,1,Poor,Own,Central,Fully Paid,No,Poor (<580),Upper-Middle ($65k-$95k),0
CUST-1198,Female,32,Bachelor,Employed,Single,3,52500.0,644.0,0,LN-2023-10198,Home,128600.0,48,11.1,3329.98,0.75,3.0,0,Fair,Own,North,Fully Paid,No,Fair (580-669),Lower-Middle ($40k-$65k),0
CUST-1199,Female,22,High School,Employed,Married,1,76600.0,590.0,1,LN-2023-10199,Auto,33700.0,36,16.11,1186.62,0.222,1.0,0,Fair,Own,East,Fully Paid,No,Fair (580-669),Upper-Middle ($65k-$95k),0
CUST-1200,Female,57,Bachelor,Employed,Divorced,2,112200.0,554.0,1,LN-2023-10200,Home,59800.0,48,14.01,1634.42,0.189,22.0,1,Poor,Rent,East,Fully Paid,No,Poor (<580),High (>$95k),0
CUST-1201,Female,27,Master,Employed,Single,1,103800.0,835.0,5,LN-2023-10201,Home,67800.0,24,9.15,3102.09,0.476,2.0,0,Excellent,Rent,East,Fully Paid,No,Excellent (800+),High (>$95k),0
CUST-1202,Male,46,Bachelor,Employed,Divorced,0,43600.0,631.0,1,LN-2023-10202,Personal,13800.0,36,17.55,495.79,0.177,18.0,1,Fair,Rent,West,Current,No,Fair (580-669),Lower-Middle ($40k-$65k),0
CUST-1203,Male,46,Master,Self-Employed,Married,1,51000.0,850.0,0,LN-2023-10203,Personal,4600.0,36,12.28,153.4,0.08,11.0,0,Excellent,Own,South,Current,No,Excellent (800+),Lower-Middle ($40k-$65k),0
CUST-1204,Female,44,PhD,Employed,Single,1,48700.0,585.0,1,LN-2023-10204,Business,27600.0,60,17.82,698.16,0.224,3.0,0,Fair,Rent,South,Defaulted,Yes,Fair (580-669),Lower-Middle ($40k-$65k),1
CUST-1205,Female,32,High School,Employed,Married,0,80600.0,524.0,1,LN-2023-10205,Personal,25100.0,36,18.47,913.35,0.166,1.0,2,Poor,Rent,East,Defaulted,Yes,Poor (<580),Upper-Middle ($65k-$95k),1
CUST-1206,Male,36,High School,Employed,Single,1,46200.0,779.0,1,LN-2023-10206,Personal,25800.0,36,13.22,872.04,0.263,9.0,0,Excellent,Rent,West,Current,No,Very Good (740-799),Lower-Middle ($40k-$65k),0
CUST-1207,Male,43,PhD,Self-Employed,Single,3,81500.0,608.0,0,LN-2023-10207,Home,129000.0,24,13.22,6146.23,0.75,16.0,0,Fair,Own,South,Defaulted,Yes,Fair (580-669),Upper-Middle ($65k-$95k),1
CUST-1208,Female,60,PhD,Employed,Married,0,87400.0,681.0,0,LN-2023-10208,Home,50700.0,60,11.08,1104.36,0.152,27.0,0,Good,Mortgage,North,Current,No,Good (670-739),Upper-Middle ($65k-$95k),0
CUST-1209,Male,29,High School,Employed,Divorced,1,79800.0,554.0,0,LN-2023-10209,Auto,43800.0,12,16.44,3983.14,0.599,5.0,0,Poor,Mortgage,South,Defaulted,Yes,Poor (<580),Upper-Middle ($65k-$95k),1
CUST-1210,Male,52,High School,Employed,Married,1,69700.0,666.0,1,LN-2023-10210,Home,72000.0,60,12.37,1615.09,0.315,4.0,0,Fair,Mortgage,Central,Current,No,Fair (580-669),Upper-Middle ($65k-$95k),0
CUST-1211,Female,35,High School,Employed,Married,2,59800.0,553.0,1,LN-2023-10211,Personal,12500.0,36,18.51,455.11,0.137,1.0,0,Poor,Mortgage,Central,Fully Paid,No,Poor (<580),Lower-Middle ($40k-$65k),0
CUST-1212,Female,57,PhD,Employed,Single,2,123700.0,663.0,3,LN-2023-10212,Personal,6700.0,24,15.91,327.76,0.103,11.0,0,Fair,Rent,East,Fully Paid,No,Fair (580-669),High (>$95k),0
CUST-1213,Female,33,High School,Employed,Single,2,53200.0,629.0,0,LN-2023-10213,Personal,31600.0,60,16.33,774.0,0.175,9.0,0,Fair,Rent,North,Fully Paid,No,Fair (580-669),Lower-Middle ($40k-$65k),0
CUST-1214,Male,25,Bachelor,Self-Employed,Married,0,82800.0,689.0,0,LN-2023-10214,Home,128400.0,36,11.73,4248.18,0.616,4.0,0,Good,Rent,North,Fully Paid,No,Good (670-739),Upper-Middle ($65k-$95k),0
CUST-1215,Female,31,Master,Employed,Married,0,86000.0,723.0,2,LN-2023-10215,Education,35400.0,24,13.42,1689.97,0.28,2.0,0,Good,Rent,Central,Current,No,Good (670-739),Upper-Middle ($65k-$95k),0
CUST-1216,Male,30,High School,Employed,Divorced,0,49100.0,690.0,3,LN-2023-10216,Personal,5600.0,24,17.15,277.28,0.25,6.0,0,Good,Mortgage,Central,Fully Paid,No,Good (670-739),Lower-Middle ($40k-$65k),0
CUST-1217,Male,33,Bachelor,Employed,Single,1,88200.0,708.0,1,LN-2023-10217,Auto,42000.0,60,12.85,952.41,0.155,6.0,0,Good,Rent,South,Current,No,Good (670-739),Upper-Middle ($65k-$95k),0
CUST-1218,Female,61,Bachelor,Employed,Married,2,74000.0,660.0,1,LN-2023-10218,Education,27600.0,48,14.21,757.12,0.156,1.0,0,Fair,Mortgage,East,Defaulted,Yes,Fair (580-669),Upper-Middle ($65k-$95k),1
CUST-1219,Female,66,Master,Employed,Married,3,52400.0,632.0,2,LN-2023-10219,Personal,6700.0,60,17.22,167.31,0.106,21.0,0,Fair,Mortgage,Central,Current,No,Fair (580-669),Lower-Middle ($40k-$65k),0
CUST-1220,Female,35,Bachelor,Self-Employed,Divorced,1,91700.0,709.0,0,LN-2023-10220,Auto,19900.0,24,12.5,941.42,0.123,10.0,0,Good,Rent,North,Current,No,Good (670-739),Upper-Middle ($65k-$95k),0
CUST-1221,Female,62,Bachelor,Unemployed,Single,1,24600.0,660.0,3,LN-2023-10221,Auto,36200.0,12,13.16,3236.0,0.75,0.0,0,Fair,Rent,East,Fully Paid,No,Fair (580-669),Low (<$40k),0
CUST-1222,Female,27,Bachelor,Employed,Divorced,1,82800.0,663.0,3,LN-2023-10222,Auto,40500.0,36,13.78,1379.87,0.302,2.0,2,Fair,Mortgage,Central,Defaulted,Yes,Fair (580-669),Upper-Middle ($65k-$95k),1
CUST-1223,Male,60,High School,Employed,Married,0,46800.0,703.0,1,LN-2023-10223,Education,34800.0,36,13.65,1183.47,0.337,30.0,0,Good,Rent,West,Fully Paid,No,Good (670-739),Lower-Middle ($40k-$65k),0
CUST-1224,Male,48,High School,Employed,Single,1,70700.0,582.0,0,LN-2023-10224,Home,91200.0,48,13.86,2485.77,0.422,6.0,0,Fair,Rent,South,Current,No,Fair (580-669),Upper-Middle ($65k-$95k),0
CUST-1225,Male,52,Bachelor,Employed,Single,1,61200.0,791.0,0,LN-2023-10225,Personal,18500.0,36,13.71,629.68,0.123,2.0,0,Excellent,Rent,Central,Fully Paid,No,Very Good (740-799),Lower-Middle ($40k-$65k),0
CUST-1226,Male,55,Bachelor,Employed,Married,3,87100.0,648.0,5,LN-2023-10226,Auto,36000.0,36,14.79,1244.25,0.279,5.0,0,Fair,Mortgage,North,Fully Paid,No,Fair (580-669),Upper-Middle ($65k-$95k),0
CUST-1227,Female,35,Master,Self-Employed,Single,0,72900.0,680.0,2,LN-2023-10227,Personal,25600.0,12,16.2,2325.13,0.439,10.0,0,Good,Rent,North,Current,No,Good (670-739),Upper-Middle ($65k-$95k),0
CUST-1228,Male,56,Master,Self-Employed,Single,4,75200.0,666.0,1,LN-2023-10228,Home,59500.0,36,11.84,1971.71,0.337,13.0,0,Fair,Rent,North,Fully Paid,No,Fair (580-669),Upper-Middle ($65k-$95k),0
CUST-1229,Female,41,Bachelor,Employed,Married,1,82400.0,725.0,0,LN-2023-10229,Education,31200.0,24,11.96,1468.11,0.214,14.0,0,Good,Mortgage,North,Fully Paid,No,Good (670-739),Upper-Middle ($65k-$95k),0
CUST-1230,Female,26,Bachelor,Employed,Single,0,54100.0,698.0,2,LN-2023-10230,Home,74000.0,60,11.12,1613.37,0.474,2.0,0,Good,Own,West,Fully Paid,No,Good (670-739),Lower-Middle ($40k-$65k),0
CUST-1231,Female,21,Bachelor,Employed,Single,0,169600.0,665.0,5,LN-2023-10231,Home,77600.0,60,11.55,1708.57,0.177,0.0,0,Fair,Mortgage,South,Fully Paid,No,Fair (580-669),High (>$95k),0
CUST-1232,Male,24,Master,Employed,Single,0,100400.0,793.0,2,LN-2023-10232,Personal,5300.0,48,12.57,141.06,0.08,2.0,0,Excellent,Rent,Central,Fully Paid,No,Very Good (740-799),High (>$95k),0
CUST-1233,Female,31,Bachelor,Employed,Single,1,63600.0,397.0,0,LN-2023-10233,Personal,20100.0,24,22.42,1046.92,0.198,4.0,1,Poor,Rent,Central,Fully Paid,No,Poor (<580),Lower-Middle ($40k-$65k),0
CUST-1234,Male,64,Bachelor,Employed,Married,0,90900.0,775.0,1,LN-2023-10234,Personal,5700.0,24,14.11,273.97,0.08,30.0,0,Excellent,Rent,North,Current,No,Very Good (740-799),Upper-Middle ($65k-$95k),0
CUST-1235,Male,46,Bachelor,Employed,Married,1,50600.0,748.0,0,LN-2023-10235,Education,37000.0,36,12.64,1240.27,0.294,2.0,0,Excellent,Rent,East,Fully Paid,No,Very Good (740-799),Lower-Middle ($40k-$65k),0
CUST-1236,Female,57,Bachelor,Employed,Single,4,95200.0,513.0,3,LN-2023-10236,Business,63500.0,48,19.7,1922.19,0.332,20.0,0,Poor,Rent,West,Fully Paid,No,Poor (<580),High (>$95k),0
CUST-1237,Male,43,Bachelor,Employed,Married,1,94100.0,748.0,1,LN-2023-10237,Home,129200.0,60,9.93,2740.67,0.372,13.0,0,Excellent,Rent,West,Current,No,Very Good (740-799),Upper-Middle ($65k-$95k),0
CUST-1238,Male,49,Bachelor,Self-Employed,Married,2,127100.0,759.0,2,LN-2023-10238,Personal,10100.0,60,13.93,234.64,0.08,22.0,0,Excellent,Rent,North,Current,No,Very Good (740-799),High (>$95k),0
CUST-1239,Female,41,High School,Employed,Married,0,40300.0,717.0,0,LN-2023-10239,Auto,35800.0,24,13.77,1714.97,0.511,4.0,0,Good,Rent,South,Fully Paid,No,Good (670-739),Lower-Middle ($40k-$65k),0
CUST-1240,Male,65,Bachelor,Employed,Married,1,36300.0,537.0,0,LN-2023-10240,Education,38800.0,60,17.09,966.16,0.319,23.0,2,Poor,Own,East,Fully Paid,No,Poor (<580),Low (<$40k),0
CUST-1241,Female,65,High School,Employed,Single,0,37300.0,728.0,2,LN-2023-10241,Business,40900.0,24,12.8,1940.62,0.75,16.0,0,Good,Mortgage,East,Defaulted,Yes,Good (670-739),Low (<$40k),1
CUST-1242,Female,47,High School,Employed,Married,3,43300.0,755.0,3,LN-2023-10242,Auto,13700.0,48,9.99,347.4,0.322,9.0,0,Excellent,Rent,West,Defaulted,Yes,Very Good (740-799),Lower-Middle ($40k-$65k),1
CUST-1243,Female,59,Bachelor,Employed,Married,0,133100.0,621.0,0,LN-2023-10243,Home,98900.0,36,13.48,3355.24,0.303,3.0,0,Fair,Mortgage,North,Defaulted,Yes,Fair (580-669),High (>$95k),1
CUST-1244,Male,60,High School,Employed,Divorced,1,131800.0,707.0,1,LN-2023-10244,Auto,23900.0,36,11.46,787.67,0.083,4.0,0,Good,Rent,East,Fully Paid,No,Good (670-739),High (>$95k),0
CUST-1245,Male,33,Bachelor,Employed,Single,1,73400.0,639.0,2,LN-2023-10245,Personal,10900.0,36,16.36,385.15,0.123,9.0,0,Fair,Rent,Central,Current,No,Fair (580-669),Upper-Middle ($65k-$95k),0
CUST-1246,Female,43,Bachelor,Employed,Single,1,63100.0,745.0,2,LN-2023-10246,Auto,47800.0,60,11.06,1040.72,0.299,14.0,0,Excellent,Mortgage,Central,Defaulted,Yes,Very Good (740-799),Lower-Middle ($40k-$65k),1
CUST-1247,Male,36,Bachelor,Unemployed,Single,2,18800.0,643.0,2,LN-2023-10247,Auto,38700.0,36,13.94,1321.55,0.75,0.0,0,Fair,Rent,North,Fully Paid,No,Fair (580-669),Low (<$40k),0
CUST-1248,Female,50,Bachelor,Employed,Single,0,91100.0,620.0,0,LN-2023-10248,Auto,28400.0,48,14.93,789.39,0.104,10.0,0,Fair,Mortgage,East,Fully Paid,No,Fair (580-669),Upper-Middle ($65k-$95k),0
CUST-1249,Female,24,High School,Employed,Single,0,131500.0,666.0,1,LN-2023-10249,Auto,11900.0,24,13.18,566.75,0.08,2.0,3,Fair,Rent,North,Defaulted,Yes,Fair (580-669),High (>$95k),1
CUST-1250,Female,60,High School,Employed,Single,2,109700.0,555.0,3,LN-2023-10250,Auto,17300.0,60,15.52,416.3,0.096,3.0,1,Poor,Mortgage,South,Fully Paid,No,Poor (<580),High (>$95k),0
CUST-1251,Male,36,Master,Employed,Divorced,1,129900.0,658.0,3,LN-2023-10251,Auto,21400.0,60,14.33,501.61,0.08,8.0,0,Fair,Mortgage,South,Fully Paid,No,Fair (580-669),High (>$95k),0
CUST-1252,Male,51,Bachelor,Self-Employed,Married,0,119900.0,700.0,1,LN-2023-10252,Personal,17100.0,36,17.24,611.71,0.086,22.0,0,Good,Own,South,Current,No,Good (670-739),High (>$95k),0
CUST-1253,Female,62,Bachelor,Employed,Divorced,0,91400.0,743.0,5,LN-2023-10253,Education,22900.0,60,12.83,519.05,0.135,30.0,0,Excellent,Rent,East,Fully Paid,No,Very Good (740-799),Upper-Middle ($65k-$95k),0
CUST-1254,Male,45,High School,Employed,Married,2,48100.0,691.0,0,LN-2023-10254,Auto,10900.0,24,12.46,515.45,0.129,8.0,0,Good,Rent,North,Fully Paid,No,Good (670-739),Lower-Middle ($40k-$65k),0
CUST-1255,Male,64,Bachelor,Employed,Single,4,45100.0,548.0,1,LN-2023-10255,Auto,45800.0,48,16.85,1318.01,0.38,27.0,0,Poor,Mortgage,Central,Fully Paid,No,Poor (<580),Lower-Middle ($40k-$65k),0
CUST-1256,Female,32,Bachelor,Employed,Married,1,62300.0,784.0,2,LN-2023-10256,Home,91100.0,24,10.27,4215.16,0.75,4.0,0,Excellent,Own,South,Fully Paid,No,Very Good (740-799),Lower-Middle ($40k-$65k),0
CUST-1257,Female,46,Bachelor,Self-Employed,Single,2,87400.0,792.0,0,LN-2023-10257,Business,21400.0,36,13.92,730.57,0.1,18.0,0,Excellent,Rent,North,Fully Paid,No,Very Good (740-799),Upper-Middle ($65k-$95k),0
CUST-1258,Female,57,Bachelor,Employed,Single,1,32700.0,679.0,4,LN-2023-10258,Home,104600.0,36,10.28,3388.92,0.75,16.0,0,Good,Rent,South,Fully Paid,No,Good (670-739),Low (<$40k),0
CUST-1259,Female,53,High School,Employed,Divorced,0,45800.0,606.0,1,LN-2023-10259,Auto,12700.0,36,15.34,442.37,0.177,21.0,0,Fair,Rent,East,Fully Paid,No,Fair (580-669),Lower-Middle ($40k-$65k),0
CUST-1260,Male,48,Bachelor,Self-Employed,Divorced,0,49900.0,624.0,1,LN-2023-10260,Business,70500.0,36,16.55,2497.76,0.665,2.0,2,Fair,Rent,North,Defaulted,Yes,Fair (580-669),Lower-Middle ($40k-$65k),1
CUST-1261,Female,29,Master,Self-Employed,Divorced,1,141300.0,652.0,0,LN-2023-10261,Business,69100.0,36,16.29,2439.26,0.207,4.0,0,Fair,Own,West,Current,No,Fair (580-669),High (>$95k),0
CUST-1262,Female,32,PhD,Employed,Married,1,72500.0,693.0,1,LN-2023-10262,Auto,47400.0,60,12.79,1073.41,0.22,5.0,0,Good,Mortgage,West,Current,No,Good (670-739),Upper-Middle ($65k-$95k),0
CUST-1263,Male,25,High School,Employed,Divorced,2,56900.0,644.0,1,LN-2023-10263,Personal,12900.0,12,17.15,1177.46,0.276,2.0,0,Fair,Rent,East,Current,No,Fair (580-669),Lower-Middle ($40k-$65k),0
CUST-1264,Male,48,Bachelor,Employed,Married,2,45900.0,597.0,1,LN-2023-10264,Business,30100.0,36,17.22,1076.45,0.329,16.0,0,Fair,Own,North,Fully Paid,No,Fair (580-669),Lower-Middle ($40k-$65k),0
CUST-1265,Female,55,High School,Employed,Single,4,100800.0,756.0,0,LN-2023-10265,Business,26400.0,60,14.96,627.5,0.08,27.0,0,Excellent,Rent,Central,Fully Paid,No,Very Good (740-799),High (>$95k),0
CUST-1266,Female,25,High School,Unemployed,Married,1,18000.0,691.0,2,LN-2023-10266,Personal,5100.0,60,15.6,122.94,0.283,0.0,0,Good,Own,West,Current,No,Good (670-739),Low (<$40k),0
CUST-1267,Female,54,Bachelor,Employed,Married,1,77900.0,580.0,0,LN-2023-10267,Home,113900.0,48,13.38,3077.18,0.474,22.0,0,Fair,Mortgage,North,Defaulted,Yes,Fair (580-669),Upper-Middle ($65k-$95k),1
CUST-1268,Female,66,High School,Employed,Divorced,0,27600.0,694.0,3,LN-2023-10268,Auto,37300.0,36,13.43,1264.52,0.75,8.0,0,Good,Rent,West,Current,No,Good (670-739),Low (<$40k),0
CUST-1269,Male,54,Bachelor,Self-Employed,Divorced,1,57500.0,683.0,0,LN-2023-10269,Personal,31300.0,36,16.02,1100.72,0.23,23.0,0,Good,Mortgage,North,Current,No,Good (670-739),Lower-Middle ($40k-$65k),0
CUST-1270,Male,33,Bachelor,Employed,Single,2,69000.0,608.0,1,LN-2023-10270,Personal,12000.0,36,17.84,432.87,0.114,1.0,0,Fair,Own,North,Current,No,Fair (580-669),Upper-Middle ($65k-$95k),0
CUST-1271,Female,59,High School,Employed,Single,0,55100.0,771.0,1,LN-2023-10271,Home,113300.0,36,9.24,3615.58,0.75,20.0,0,Excellent,Rent,South,Fully Paid,No,Very Good (740-799),Lower-Middle ($40k-$65k),0
CUST-1272,Female,62,High School,Unemployed,Married,4,19100.0,681.0,1,LN-2023-10272,Business,26500.0,48,16.55,758.5,0.576,0.0,0,Good,Own,West,Defaulted,Yes,Good (670-739),Low (<$40k),1
CUST-1273,Female,65,Master,Self-Employed,Single,4,95800.0,651.0,2,LN-2023-10273,Personal,29200.0,48,17.17,845.14,0.139,33.0,0,Fair,Own,Central,Fully Paid,No,Fair (580-669),High (>$95k),0
CUST-1274,Female,34,High School,Self-Employed,Single,1,42300.0,662.0,5,LN-2023-10274,Business,23600.0,36,16.03,830.06,0.528,1.0,0,Fair,Mortgage,Central,Fully Paid,No,Fair (580-669),Lower-Middle ($40k-$65k),0
CUST-1275,Male,31,Bachelor,Employed,Married,0,58400.0,707.0,1,LN-2023-10275,Education,32800.0,48,13.82,893.35,0.215,8.0,0,Good,Rent,West,Fully Paid,No,Good (670-739),Lower-Middle ($40k-$65k),0
CUST-1276,Male,62,Bachelor,Self-Employed,Married,0,73300.0,663.0,1,LN-2023-10276,Education,16500.0,36,14.03,564.17,0.128,28.0,0,Fair,Rent,West,Fully Paid,No,Fair (580-669),Upper-Middle ($65k-$95k),0
CUST-1277,Female,58,Bachelor,Employed,Married,0,68600.0,663.0,1,LN-2023-10277,Home,60400.0,12,12.11,5369.58,0.75,16.0,0,Fair,Mortgage,East,Fully Paid,No,Fair (580-669),Upper-Middle ($65k-$95k),0
CUST-1278,Female,24,Bachelor,Employed,Single,0,61000.0,760.0,5,LN-2023-10278,Home,104900.0,48,10.16,2668.6,0.65,1.0,0,Excellent,Mortgage,North,Current,No,Very Good (740-799),Lower-Middle ($40k-$65k),0
CUST-1279,Female,53,High School,Unemployed,Married,1,23900.0,549.0,2,LN-2023-10279,Home,121100.0,60,14.4,2842.96,0.75,0.0,0,Poor,Rent,North,Defaulted,Yes,Poor (<580),Low (<$40k),1
CUST-1280,Female,27,High School,Employed,Married,0,51200.0,563.0,1,LN-2023-10280,Business,73500.0,24,17.64,3656.65,0.286,2.0,0,Poor,Own,Central,Defaulted,Yes,Poor (<580),Lower-Middle ($40k-$65k),1
CUST-1281,Female,61,High School,Self-Employed,Married,2,61800.0,736.0,1,LN-2023-10281,Home,71600.0,48,9.27,1790.96,0.376,33.0,0,Good,Own,South,Fully Paid,No,Good (670-739),Lower-Middle ($40k-$65k),0
CUST-1282,Male,28,Bachelor,Employed,Single,0,52900.0,850.0,0,LN-2023-10282,Personal,13300.0,36,12.31,443.72,0.101,1.0,0,Excellent,Rent,West,Current,No,Excellent (800+),Lower-Middle ($40k-$65k),0
CUST-1283,Male,57,Bachelor,Employed,Single,0,39200.0,744.0,2,LN-2023-10283,Personal,8500.0,24,13.93,407.83,0.245,18.0,0,Excellent,Mortgage,North,Fully Paid,No,Very Good (740-799),Low (<$40k),0
CUST-1284,Male,30,Bachelor,Self-Employed,Single,1,77500.0,828.0,3,LN-2023-10284,Home,115000.0,36,8.82,3647.34,0.682,1.0,0,Excellent,Mortgage,East,Fully Paid,No,Excellent (800+),Upper-Middle ($65k-$95k),0
CUST-1285,Female,63,High School,Employed,Married,4,84500.0,633.0,4,LN-2023-10285,Business,27500.0,12,15.62,2490.16,0.45,8.0,0,Fair,Rent,North,Defaulted,Yes,Fair (580-669),Upper-Middle ($65k-$95k),1
CUST-1286,Male,35,Bachelor,Employed,Married,2,76800.0,615.0,1,LN-2023-10286,Auto,44300.0,48,15.69,1248.45,0.238,9.0,1,Fair,Rent,West,Current,No,Fair (580-669),Upper-Middle ($65k-$95k),0
CUST-1287,Male,58,Bachelor,Employed,Married,1,43500.0,708.0,2,LN-2023-10287,Auto,32800.0,24,12.76,1555.68,0.493,10.0,0,Good,Mortgage,North,Defaulted,Yes,Good (670-739),Lower-Middle ($40k-$65k),1
CUST-1288,Female,35,PhD,Unemployed,Single,2,46900.0,751.0,1,LN-2023-10288,Personal,20100.0,24,13.68,962.02,0.317,0.0,0,Excellent,Mortgage,West,Current,No,Very Good (740-799),Lower-Middle ($40k-$65k),0
CUST-1289,Male,25,Bachelor,Employed,Married,2,54100.0,558.0,2,LN-2023-10289,Education,34500.0,24,16.21,1692.69,0.487,4.0,0,Poor,Mortgage,North,Fully Paid,No,Poor (<580),Lower-Middle ($40k-$65k),0
CUST-1290,Female,49,Bachelor,Employed,Married,3,86700.0,651.0,1,LN-2023-10290,Home,101700.0,24,11.84,4779.78,0.697,12.0,0,Fair,Mortgage,West,Fully Paid,No,Fair (580-669),Upper-Middle ($65k-$95k),0
CUST-1291,Male,39,Bachelor,Employed,Single,0,53300.0,667.0,2,LN-2023-10291,Business,41300.0,36,16.26,1457.29,0.441,8.0,0,Fair,Rent,East,Fully Paid,No,Fair (580-669),Lower-Middle ($40k-$65k),0
CUST-1292,Male,30,Master,Unemployed,Married,2,31900.0,612.0,0,LN-2023-10292,Home,74700.0,36,11.98,2480.4,0.75,0.0,0,Fair,Rent,South,Fully Paid,No,Fair (580-669),Low (<$40k),0
CUST-1293,Female,32,Master,Self-Employed,Single,0,70900.0,622.0,0,LN-2023-10293,Auto,16600.0,24,13.94,796.54,0.135,0.0,1,Fair,Mortgage,South,Current,No,Fair (580-669),Upper-Middle ($65k-$95k),0
CUST-1294,Male,24,Bachelor,Self-Employed,Married,3,57900.0,741.0,2,LN-2023-10294,Home,84400.0,48,9.77,2131.29,0.55,3.0,0,Excellent,Mortgage,West,Fully Paid,No,Very Good (740-799),Lower-Middle ($40k-$65k),0
CUST-1295,Male,51,High School,Employed,Single,0,24300.0,709.0,3,LN-2023-10295,Personal,6200.0,36,15.18,215.47,0.377,5.0,0,Good,Rent,North,Fully Paid,No,Good (670-739),Low (<$40k),0
CUST-1296,Male,38,Bachelor,Employed,Married,3,79200.0,737.0,2,LN-2023-10296,Personal,21900.0,36,15.09,760.14,0.197,8.0,0,Good,Rent,Central,Fully Paid,No,Good (670-739),Upper-Middle ($65k-$95k),0
CUST-1297,Female,36,Bachelor,Employed,Married,3,74300.0,698.0,2,LN-2023-10297,Personal,7900.0,24,15.63,385.41,0.117,5.0,0,Good,Rent,West,Fully Paid,No,Good (670-739),Upper-Middle ($65k-$95k),0
CUST-1298,Male,60,Master,Employed,Married,0,94300.0,595.0,3,LN-2023-10298,Home,118400.0,48,12.94,3172.85,0.492,14.0,0,Fair,Rent,South,Defaulted,Yes,Fair (580-669),Upper-Middle ($65k-$95k),1
CUST-1299,Female,56,Bachelor,Employed,Single,4,71200.0,705.0,1,LN-2023-10299,Auto,36600.0,36,12.96,1232.49,0.246,19.0,0,Good,Rent,Central,Fully Paid,No,Good (670-739),Upper-Middle ($65k-$95k),0
CUST-1300,Male,45,High School,Unemployed,Divorced,0,18000.0,589.0,0,LN-2023-10300,Personal,28900.0,36,17.96,1044.22,0.696,0.0,2,Fair,Rent,West,Defaulted,Yes,Fair (580-669),Low (<$40k),1
CUST-1301,Male,43,Bachelor,Self-Employed,Married,0,111700.0,643.0,3,LN-2023-10301,Home,52400.0,36,11.98,1739.93,0.262,13.0,0,Fair,Rent,South,Fully Paid,No,Fair (580-669),High (>$95k),0
CUST-1302,Female,32,Master,Employed,Single,1,121700.0,581.0,3,LN-2023-10302,Home,112900.0,12,13.6,10115.73,0.75,1.0,2,Fair,Mortgage,Central,Defaulted,Yes,Fair (580-669),High (>$95k),1
CUST-1303,Female,54,Bachelor,Employed,Single,4,44100.0,618.0,1,LN-2023-10303,Home,119900.0,48,11.2,3110.54,0.75,14.0,0,Fair,Rent,North,Defaulted,Yes,Fair (580-669),Lower-Middle ($40k-$65k),1
CUST-1304,Female,56,Bachelor,Self-Employed,Divorced,1,91900.0,677.0,0,LN-2023-10304,Personal,4300.0,36,16.56,152.37,0.08,24.0,0,Good,Mortgage,West,Fully Paid,No,Good (670-739),Upper-Middle ($65k-$95k),0
CUST-1305,Female,57,Bachelor,Employed,Single,1,93200.0,631.0,3,LN-2023-10305,Home,129900.0,36,12.8,4364.34,0.638,14.0,0,Fair,Own,North,Fully Paid,No,Fair (580-669),Upper-Middle ($65k-$95k),0
CUST-1306,Female,23,Master,Employed,Married,2,63000.0,594.0,2,LN-2023-10306,Home,70600.0,24,14.28,3399.06,0.743,0.0,0,Fair,Rent,Central,Current,No,Fair (580-669),Lower-Middle ($40k-$65k),0
CUST-1307,Male,29,Master,Employed,Single,3,68100.0,766.0,0,LN-2023-10307,Personal,9100.0,36,13.38,308.28,0.08,2.0,0,Excellent,Mortgage,North,Fully Paid,No,Very Good (740-799),Upper-Middle ($65k-$95k),0
CUST-1308,Male,38,Bachelor,Employed,Single,2,79900.0,659.0,0,LN-2023-10308,Auto,25800.0,24,14.2,1241.17,0.186,3.0,0,Fair,Rent,North,Fully Paid,No,Fair (580-669),Upper-Middle ($65k-$95k),0
CUST-1309,Female,63,Bachelor,Self-Employed,Married,0,36600.0,625.0,5,LN-2023-10309,Personal,3300.0,36,15.72,115.56,0.38,5.0,1,Fair,Rent,East,Defaulted,Yes,Fair (580-669),Low (<$40k),1
CUST-1310,Male,55,Master,Employed,Married,0,47700.0,577.0,0,LN-2023-10310,Business,82000.0,12,16.67,7465.95,0.75,11.0,1,Poor,Mortgage,East,Current,No,Poor (<580),Lower-Middle ($40k-$65k),0
CUST-1311,Male,54,Bachelor,Employed,Divorced,0,40300.0,510.0,1,LN-2023-10311,Business,38800.0,48,19.21,1164.43,0.404,15.0,0,Poor,Own,East,Current,No,Poor (<580),Lower-Middle ($40k-$65k),0
CUST-1312,Male,61,Bachelor,Employed,Divorced,1,28000.0,651.0,1,LN-2023-10312,Auto,29800.0,12,13.57,2669.63,0.75,2.0,0,Fair,Mortgage,West,Fully Paid,No,Fair (580-669),Low (<$40k),0
CUST-1313,Male,34,Master,Self-Employed,Single,0,145900.0,552.0,0,LN-2023-10313,Home,98000.0,60,14.89,2325.76,0.191,7.0,0,Poor,Rent,North,Current,No,Poor (<580),High (>$95k),0
CUST-1314,Female,24,High School,Employed,Divorced,0,20100.0,730.0,0,LN-2023-10314,Auto,40100.0,60,13.06,913.63,0.545,3.0,0,Good,Rent,East,Current,No,Good (670-739),Low (<$40k),0
CUST-1315,Female,49,Bachelor,Employed,Single,3,73400.0,672.0,1,LN-2023-10315,Auto,19500.0,60,14.41,457.89,0.117,23.0,1,Good,Rent,East,Current,No,Good (670-739),Upper-Middle ($65k-$95k),0
CUST-1316,Female,61,Master,Unemployed,Married,0,39300.0,802.0,0,LN-2023-10316,Home,106000.0,60,9.07,2203.99,0.673,0.0,0,Excellent,Mortgage,North,Defaulted,Yes,Excellent (800+),Low (<$40k),1
CUST-1317,Male,65,Bachelor,Unemployed,Married,1,19300.0,688.0,2,LN-2023-10317,Personal,6400.0,60,16.11,156.01,0.379,0.0,0,Good,Rent,East,Current,No,Good (670-739),Low (<$40k),0
CUST-1318,Male,35,Bachelor,Unemployed,Married,0,18000.0,608.0,1,LN-2023-10318,Personal,23400.0,60,16.53,575.65,0.51,0.0,1,Fair,Mortgage,East,Fully Paid,No,Fair (580-669),Low (<$40k),0
CUST-1319,Male,48,High School,Self-Employed,Married,0,62700.0,510.0,0,LN-2023-10319,Personal,29700.0,12,20.56,2759.21,0.528,19.0,0,Poor,Mortgage,East,Fully Paid,No,Poor (<580),Lower-Middle ($40k-$65k),0
CUST-1320,Male,62,Bachelor,Employed,Married,0,62900.0,738.0,1,LN-2023-10320,Auto,13200.0,36,12.94,444.38,0.107,9.0,0,Good,Rent,South,Current,No,Good (670-739),Lower-Middle ($40k-$65k),0
CUST-1321,Female,36,Bachelor,Employed,Married,0,98800.0,559.0,0,LN-2023-10321,Education,10000.0,12,15.54,905.13,0.11,0.0,0,Poor,Mortgage,South,Current,No,Poor (<580),High (>$95k),0
CUST-1322,Female,32,High School,Employed,Single,3,18000.0,635.0,0,LN-2023-10322,Home,92400.0,36,12.66,3098.21,0.75,8.0,1,Fair,Mortgage,South,Fully Paid,No,Fair (580-669),Low (<$40k),0
CUST-1323,Female,25,Master,Employed,Single,0,51500.0,812.0,2,LN-2023-10323,Personal,4300.0,36,12.55,143.95,0.143,0.0,0,Excellent,Own,West,Current,No,Excellent (800+),Lower-Middle ($40k-$65k),0
CUST-1324,Male,54,Bachelor,Unemployed,Single,0,28300.0,721.0,0,LN-2023-10324,Personal,8400.0,60,16.23,205.3,0.087,0.0,0,Good,Rent,East,Current,No,Good (670-739),Low (<$40k),0
CUST-1325,Female,62,Bachelor,Self-Employed,Divorced,2,74000.0,703.0,1,LN-2023-10325,Home,61200.0,60,10.15,1304.84,0.251,7.0,0,Good,Rent,North,Current,No,Good (670-739),Upper-Middle ($65k-$95k),0
CUST-1326,Female,21,Bachelor,Self-Employed,Married,2,101400.0,750.0,3,LN-2023-10326,Personal,17000.0,24,14.36,819.11,0.135,0.0,0,Excellent,Own,East,Fully Paid,No,Very Good (740-799),High (>$95k),0
CUST-1327,Female,59,PhD,Employed,Divorced,2,104400.0,747.0,1,LN-2023-10327,Home,66100.0,36,10.0,2132.86,0.276,6.0,0,Excellent,Rent,Central,Fully Paid,No,Very Good (740-799),High (>$95k),0
CUST-1328,Female,52,Bachelor,Self-Employed,Married,3,68000.0,804.0,1,LN-2023-10328,Personal,16800.0,36,13.07,566.62,0.144,22.0,0,Excellent,Mortgage,West,Fully Paid,No,Excellent (800+),Upper-Middle ($65k-$95k),0
CUST-1329,Male,46,High School,Self-Employed,Married,2,49300.0,618.0,3,LN-2023-10329,Auto,29800.0,36,16.21,1050.77,0.438,17.0,0,Fair,Rent,Central,Current,No,Fair (580-669),Lower-Middle ($40k-$65k),0
CUST-1330,Male,37,High School,Employed,Divorced,0,139800.0,637.0,3,LN-2023-10330,Auto,37800.0,36,15.47,1319.07,0.161,11.0,0,Fair,Mortgage,Central,Fully Paid,No,Fair (580-669),High (>$95k),0
CUST-1331,Male,47,Bachelor,Self-Employed,Married,2,144200.0,591.0,3,LN-2023-10331,Business,86200.0,60,16.45,2116.88,0.237,18.0,0,Fair,Rent,North,Fully Paid,No,Fair (580-669),High (>$95k),0
CUST-1332,Female,44,Bachelor,Employed,Married,1,78600.0,667.0,1,LN-2023-10332,Auto,29100.0,60,13.97,676.65,0.134,4.0,0,Fair,Rent,West,Fully Paid,No,Fair (580-669),Upper-Middle ($65k-$95k),0
CUST-1333,Male,55,Bachelor,Employed,Married,0,65100.0,658.0,4,LN-2023-10333,Personal,13300.0,24,16.32,653.24,0.261,21.0,0,Fair,Mortgage,East,Current,No,Fair (580-669),Upper-Middle ($65k-$95k),0
CUST-1334,Male,66,Bachelor,Employed,Single,0,80100.0,520.0,2,LN-2023-10334,Auto,19800.0,36,17.44,710.27,0.179,14.0,2,Poor,Rent,North,Defaulted,Yes,Poor (<580),Upper-Middle ($65k-$95k),1
CUST-1335,Male,62,High School,Employed,Divorced,0,71200.0,614.0,1,LN-2023-10335,Personal,21400.0,48,17.44,622.38,0.141,23.0,0,Fair,Mortgage,West,Current,No,Fair (580-669),Upper-Middle ($65k-$95k),0
CUST-1336,Male,59,Bachelor,Employed,Married,0,75900.0,792.0,2,LN-2023-10336,Auto,45800.0,48,10.31,1168.44,0.221,4.0,0,Excellent,Mortgage,North,Fully Paid,No,Very Good (740-799),Upper-Middle ($65k-$95k),0
CUST-1337,Female,46,Bachelor,Employed,Divorced,0,44800.0,690.0,0,LN-2023-10337,Personal,25200.0,36,14.89,872.21,0.234,15.0,0,Good,Mortgage,Central,Current,No,Good (670-739),Lower-Middle ($40k-$65k),0
CUST-1338,Female,58,High School,Unemployed,Married,0,38400.0,730.0,1,LN-2023-10338,Personal,9000.0,60,14.46,211.57,0.132,0.0,0,Good,Own,West,Current,No,Good (670-739),Low (<$40k),0
CUST-1339,Male,43,High School,Employed,Married,3,54800.0,659.0,0,LN-2023-10339,Home,120900.0,36,11.72,3999.46,0.75,19.0,0,Fair,Mortgage,West,Defaulted,Yes,Fair (580-669),Lower-Middle ($40k-$65k),1
CUST-1340,Male,42,High School,Self-Employed,Married,3,139700.0,509.0,1,LN-2023-10340,Personal,24300.0,36,19.74,899.86,0.1,1.0,0,Poor,Rent,West,Defaulted,Yes,Poor (<580),High (>$95k),1
CUST-1341,Male,24,High School,Employed,Single,1,53400.0,659.0,0,LN-2023-10341,Home,55900.0,60,11.4,1226.58,0.276,0.0,0,Fair,Rent,East,Current,No,Fair (580-669),Lower-Middle ($40k-$65k),0
CUST-1342,Male,29,Bachelor,Employed,Married,2,56300.0,758.0,1,LN-2023-10342,Home,105600.0,48,10.82,2720.07,0.611,1.0,0,Excellent,Mortgage,West,Current,No,Very Good (740-799),Lower-Middle ($40k-$65k),0
CUST-1343,Male,24,High School,Employed,Single,0,91500.0,569.0,1,LN-2023-10343,Education,15800.0,36,16.66,560.64,0.098,1.0,0,Poor,Mortgage,West,Fully Paid,No,Poor (<580),Upper-Middle ($65k-$95k),0
CUST-1344,Male,27,Bachelor,Employed,Married,3,72000.0,733.0,2,LN-2023-10344,Home,86800.0,24,10.79,4037.1,0.732,2.0,0,Good,Own,North,Current,No,Good (670-739),Upper-Middle ($65k-$95k),0
CUST-1345,Male,43,High School,Employed,Married,1,52100.0,525.0,1,LN-2023-10345,Home,70500.0,24,14.65,3406.6,0.75,15.0,1,Poor,Rent,South,Defaulted,Yes,Poor (<580),Lower-Middle ($40k-$65k),1
CUST-1346,Female,22,PhD,Employed,Single,0,94000.0,671.0,2,LN-2023-10346,Education,8900.0,36,13.31,301.21,0.115,1.0,0,Good,Rent,South,Fully Paid,No,Good (670-739),Upper-Middle ($65k-$95k),0
CUST-1347,Female,44,Master,Employed,Married,0,104800.0,716.0,1,LN-2023-10347,Personal,25300.0,36,15.67,885.36,0.116,10.0,0,Good,Mortgage,North,Fully Paid,No,Good (670-739),High (>$95k),0
CUST-1348,Male,60,High School,Employed,Married,0,39300.0,643.0,2,LN-2023-10348,Education,34200.0,36,13.96,1168.21,0.435,24.0,0,Fair,Rent,Central,Current,No,Fair (580-669),Low (<$40k),0
CUST-1349,Male,51,Bachelor,Self-Employed,Married,0,59100.0,850.0,0,LN-2023-10349,Education,13900.0,60,8.68,286.39,0.08,9.0,0,Excellent,Rent,East,Current,No,Excellent (800+),Lower-Middle ($40k-$65k),0
CUST-1350,Female,67,High School,Employed,Single,0,39400.0,628.0,2,LN-2023-10350,Business,36800.0,12,17.18,3359.48,0.75,14.0,0,Fair,Mortgage,East,Defaulted,Yes,Fair (580-669),Low (<$40k),1
CUST-1351,Male,51,Bachelor,Employed,Single,0,76600.0,620.0,2,LN-2023-10351,Home,81500.0,24,12.13,3841.44,0.651,20.0,0,Fair,Rent,South,Current,No,Fair (580-669),Upper-Middle ($65k-$95k),0
CUST-1352,Female,67,High School,Employed,Married,0,24600.0,687.0,3,LN-2023-10352,Home,114000.0,24,10.95,5310.65,0.75,31.0,0,Good,Rent,West,Defaulted,Yes,Good (670-739),Low (<$40k),1
CUST-1353,Female,60,Bachelor,Employed,Married,0,57200.0,605.0,0,LN-2023-10353,Auto,12900.0,48,15.48,362.16,0.08,0.0,0,Fair,Mortgage,East,Fully Paid,No,Fair (580-669),Lower-Middle ($40k-$65k),0
CUST-1354,Male,63,Bachelor,Employed,Married,4,97700.0,547.0,1,LN-2023-10354,Personal,26500.0,60,18.11,674.51,0.112,5.0,0,Poor,Rent,West,Fully Paid,No,Poor (<580),High (>$95k),0
CUST-1355,Male,54,Master,Unemployed,Married,0,18000.0,576.0,0,LN-2023-10355,Personal,29800.0,60,17.01,740.77,0.494,0.0,1,Poor,Rent,Central,Defaulted,Yes,Poor (<580),Low (<$40k),1
CUST-1356,Female,44,High School,Self-Employed,Divorced,0,61000.0,734.0,0,LN-2023-10356,Home,92700.0,48,11.01,2396.33,0.471,4.0,0,Good,Rent,East,Fully Paid,No,Good (670-739),Lower-Middle ($40k-$65k),0
CUST-1357,Male,46,Master,Employed,Single,2,58600.0,644.0,1,LN-2023-10357,Auto,12300.0,12,14.09,1104.9,0.271,8.0,0,Fair,Mortgage,East,Fully Paid,No,Fair (580-669),Lower-Middle ($40k-$65k),0
CUST-1358,Female,36,Master,Employed,Single,2,64900.0,814.0,3,LN-2023-10358,Personal,10800.0,36,13.77,367.91,0.147,4.0,0,Excellent,Mortgage,West,Fully Paid,No,Excellent (800+),Lower-Middle ($40k-$65k),0
CUST-1359,Female,67,High School,Employed,Married,0,103400.0,632.0,1,LN-2023-10359,Auto,14200.0,60,14.83,336.55,0.08,26.0,1,Fair,Rent,East,Fully Paid,No,Fair (580-669),High (>$95k),0
CUST-1360,Female,33,Bachelor,Self-Employed,Single,2,34400.0,730.0,1,LN-2023-10360,Personal,10500.0,36,15.2,365.02,0.166,9.0,0,Good,Rent,West,Fully Paid,No,Good (670-739),Low (<$40k),0
CUST-1361,Male,35,High School,Employed,Single,0,69300.0,713.0,2,LN-2023-10361,Auto,40800.0,24,12.73,1934.54,0.385,2.0,0,Good,Mortgage,North,Fully Paid,No,Good (670-739),Upper-Middle ($65k-$95k),0
CUST-1362,Female,47,Bachelor,Employed,Single,0,50700.0,631.0,0,LN-2023-10362,Home,49700.0,36,12.53,1663.36,0.394,13.0,0,Fair,Mortgage,South,Current,No,Fair (580-669),Lower-Middle ($40k-$65k),0
CUST-1363,Male,24,Bachelor,Self-Employed,Single,0,57000.0,595.0,1,LN-2023-10363,Personal,11200.0,12,18.5,1029.48,0.249,1.0,0,Fair,Own,Central,Current,No,Fair (580-669),Lower-Middle ($40k-$65k),0
CUST-1364,Female,36,Bachelor,Self-Employed,Single,1,43800.0,522.0,2,LN-2023-10364,Personal,18000.0,36,19.89,667.94,0.27,7.0,2,Poor,Rent,North,Defaulted,Yes,Poor (<580),Lower-Middle ($40k-$65k),1
CUST-1365,Female,50,Bachelor,Self-Employed,Single,0,101500.0,717.0,1,LN-2023-10365,Personal,28300.0,60,14.61,667.48,0.101,16.0,0,Good,Mortgage,South,Fully Paid,No,Good (670-739),High (>$95k),0
CUST-1366,Male,64,PhD,Self-Employed,Married,1,97900.0,771.0,2,LN-2023-10366,Personal,10200.0,12,14.18,916.69,0.16,33.0,0,Excellent,Rent,East,Fully Paid,No,Very Good (740-799),High (>$95k),0
CUST-1367,Female,50,High School,Unemployed,Single,0,18000.0,534.0,0,LN-2023-10367,Home,111200.0,36,14.12,3807.04,0.75,0.0,1,Poor,Rent,South,Defaulted,Yes,Poor (<580),Low (<$40k),1
CUST-1368,Female,56,PhD,Employed,Married,2,97500.0,638.0,1,LN-2023-10368,Business,60800.0,24,16.35,2987.13,0.387,6.0,0,Fair,Rent,Central,Fully Paid,No,Fair (580-669),High (>$95k),0
CUST-1369,Male,23,High School,Employed,Single,0,45500.0,613.0,3,LN-2023-10369,Auto,35700.0,60,15.21,853.24,0.38,0.0,0,Fair,Mortgage,West,Fully Paid,No,Fair (580-669),Lower-Middle ($40k-$65k),0
CUST-1370,Male,42,Master,Self-Employed,Single,1,36400.0,716.0,4,LN-2023-10370,Education,35300.0,12,12.6,3146.28,0.75,11.0,0,Good,Mortgage,West,Defaulted,Yes,Good (670-739),Low (<$40k),1
CUST-1371,Male,42,Bachelor,Employed,Single,1,50400.0,642.0,1,LN-2023-10371,Business,21800.0,36,16.58,772.68,0.217,7.0,0,Fair,Rent,Central,Current,No,Fair (580-669),Lower-Middle ($40k-$65k),0
CUST-1372,Male,32,High School,Unemployed,Married,2,25700.0,782.0,2,LN-2023-10372,Auto,30100.0,24,11.36,1407.93,0.75,0.0,0,Excellent,Own,Central,Current,No,Very Good (740-799),Low (<$40k),0
CUST-1373,Male,41,Master,Employed,Married,0,39500.0,637.0,0,LN-2023-10373,Personal,24700.0,60,16.55,607.9,0.185,3.0,0,Fair,Rent,Central,Current,No,Fair (580-669),Low (<$40k),0
CUST-1374,Female,24,Bachelor,Employed,Married,2,38500.0,564.0,1,LN-2023-10374,Business,81900.0,24,18.7,4116.54,0.75,0.0,0,Poor,Rent,East,Defaulted,Yes,Poor (<580),Low (<$40k),1
CUST-1375,Male,51,Bachelor,Employed,Single,2,51900.0,630.0,2,LN-2023-10375,Auto,15000.0,36,14.13,513.61,0.235,14.0,0,Fair,Rent,South,Current,No,Fair (580-669),Lower-Middle ($40k-$65k),0
CUST-1376,Male,64,Bachelor,Employed,Divorced,0,45400.0,639.0,1,LN-2023-10376,Business,43900.0,24,17.2,2174.74,0.621,11.0,0,Fair,Own,West,Fully Paid,No,Fair (580-669),Lower-Middle ($40k-$65k),0
CUST-1377,Female,51,Bachelor,Employed,Single,4,62100.0,714.0,3,LN-2023-10377,Auto,13000.0,48,12.68,346.7,0.127,26.0,0,Good,Own,Central,Current,No,Good (670-739),Lower-Middle ($40k-$65k),0
CUST-1378,Male,43,Bachelor,Self-Employed,Married,1,44200.0,638.0,2,LN-2023-10378,Education,34400.0,36,14.88,1190.47,0.414,8.0,0,Fair,Rent,Central,Defaulted,Yes,Fair (580-669),Lower-Middle ($40k-$65k),1
CUST-1379,Female,40,Master,Employed,Divorced,1,65400.0,707.0,2,LN-2023-10379,Education,35200.0,24,12.62,1667.2,0.383,4.0,0,Good,Rent,East,Fully Paid,No,Good (670-739),Upper-Middle ($65k-$95k),0
CUST-1380,Male,35,High School,Self-Employed,Divorced,0,55300.0,602.0,0,LN-2023-10380,Auto,28400.0,48,14.89,788.81,0.171,8.0,0,Fair,Mortgage,West,Fully Paid,No,Fair (580-669),Lower-Middle ($40k-$65k),0
CUST-1381,Male,43,Bachelor,Employed,Married,1,84200.0,644.0,2,LN-2023-10381,Auto,10800.0,48,14.27,296.59,0.094,5.0,0,Fair,Mortgage,South,Fully Paid,No,Fair (580-669),Upper-Middle ($65k-$95k),0
CUST-1382,Female,48,Master,Employed,Single,0,136300.0,603.0,4,LN-2023-10382,Home,53700.0,36,13.75,1828.83,0.26,12.0,0,Fair,Mortgage,North,Current,No,Fair (580-669),High (>$95k),0
CUST-1383,Female,36,High School,Employed,Single,1,43600.0,598.0,1,LN-2023-10383,Education,27200.0,36,15.42,948.5,0.316,6.0,0,Fair,Rent,East,Defaulted,Yes,Fair (580-669),Lower-Middle ($40k-$65k),1
CUST-1384,Female,57,High School,Employed,Single,0,114800.0,778.0,0,LN-2023-10384,Education,39400.0,36,12.4,1316.18,0.138,14.0,0,Excellent,Rent,North,Fully Paid,No,Very Good (740-799),High (>$95k),0
CUST-1385,Female,41,Bachelor,Self-Employed,Divorced,2,66600.0,609.0,4,LN-2023-10385,Home,116300.0,36,12.37,3883.41,0.75,14.0,2,Fair,Rent,South,Fully Paid,No,Fair (580-669),Upper-Middle ($65k-$95k),0
CUST-1386,Female,35,Bachelor,Self-Employed,Married,0,105000.0,640.0,1,LN-2023-10386,Home,112800.0,36,12.45,3770.86,0.442,3.0,1,Fair,Own,East,Current,No,Fair (580-669),High (>$95k),0
CUST-1387,Male,37,Bachelor,Self-Employed,Single,2,172400.0,758.0,1,LN-2023-10387,Auto,25900.0,24,11.27,1210.39,0.098,13.0,0,Excellent,Rent,Central,Current,No,Very Good (740-799),High (>$95k),0
CUST-1388,Male,57,High School,Unemployed,Single,0,18300.0,733.0,0,LN-2023-10388,Personal,31600.0,60,15.75,764.26,0.501,0.0,0,Good,Own,Central,Defaulted,Yes,Good (670-739),Low (<$40k),1
CUST-1389,Female,33,Bachelor,Employed,Divorced,1,33900.0,809.0,0,LN-2023-10389,Personal,26900.0,24,13.96,1291.04,0.457,8.0,0,Excellent,Rent,South,Current,No,Excellent (800+),Low (<$40k),0
CUST-1390,Female,39,High School,Self-Employed,Divorced,2,58800.0,711.0,0,LN-2023-10390,Personal,12700.0,36,15.36,442.49,0.09,5.0,0,Good,Mortgage,North,Current,No,Good (670-739),Lower-Middle ($40k-$65k),0
CUST-1391,Female,50,Bachelor,Self-Employed,Divorced,1,54900.0,618.0,1,LN-2023-10391,Education,31400.0,24,14.83,1519.95,0.368,5.0,0,Fair,Rent,North,Current,No,Fair (580-669),Lower-Middle ($40k-$65k),0
CUST-1392,Male,65,Master,Self-Employed,Married,0,79100.0,844.0,1,LN-2023-10392,Home,81800.0,60,6.67,1607.03,0.267,11.0,0,Excellent,Mortgage,East,Current,No,Excellent (800+),Upper-Middle ($65k-$95k),0
CUST-1393,Male,38,Bachelor,Employed,Single,0,153600.0,719.0,2,LN-2023-10393,Auto,35100.0,48,12.75,937.3,0.107,5.0,0,Good,Own,West,Current,No,Good (670-739),High (>$95k),0
CUST-1394,Female,34,Bachelor,Unemployed,Married,0,18000.0,656.0,1,LN-2023-10394,Education,39000.0,48,14.51,1075.74,0.75,0.0,0,Fair,Rent,East,Current,No,Fair (580-669),Low (<$40k),0
CUST-1395,Male,56,PhD,Employed,Married,1,106200.0,674.0,1,LN-2023-10395,Personal,10100.0,12,16.57,919.11,0.121,17.0,1,Good,Rent,Central,Fully Paid,No,Good (670-739),High (>$95k),0
CUST-1396,Female,56,Bachelor,Self-Employed,Married,0,48700.0,685.0,2,LN-2023-10396,Personal,26100.0,48,14.7,722.42,0.271,1.0,0,Good,Rent,East,Current,No,Good (670-739),Lower-Middle ($40k-$65k),0
CUST-1397,Female,40,Master,Employed,Single,2,67800.0,649.0,3,LN-2023-10397,Business,61300.0,24,16.42,3013.75,0.638,15.0,0,Fair,Own,East,Fully Paid,No,Fair (580-669),Upper-Middle ($65k-$95k),0
CUST-1398,Male,39,Bachelor,Employed,Divorced,1,87900.0,553.0,0,LN-2023-10398,Auto,46100.0,60,16.43,1131.62,0.154,2.0,0,Poor,Rent,West,Defaulted,Yes,Poor (<580),Upper-Middle ($65k-$95k),1
CUST-1399,Female,65,Master,Employed,Married,0,89800.0,808.0,0,LN-2023-10399,Personal,6900.0,36,12.39,230.47,0.08,11.0,0,Excellent,Rent,Central,Current,No,Excellent (800+),Upper-Middle ($65k-$95k),0
CUST-1400,Female,64,High School,Employed,Married,0,44400.0,668.0,1,LN-2023-10400,Education,30500.0,36,14.19,1045.23,0.317,4.0,0,Fair,Own,South,Current,No,Fair (580-669),Lower-Middle ($40k-$65k),0
CUST-1401,Male,27,High School,Employed,Single,0,36600.0,685.0,0,LN-2023-10401,Education,7300.0,36,13.22,246.74,0.081,1.0,0,Good,Mortgage,South,Fully Paid,No,Good (670-739),Low (<$40k),0
CUST-1402,Female,64,High School,Self-Employed,Single,0,65100.0,846.0,3,LN-2023-10402,Education,14400.0,36,9.61,462.02,0.227,31.0,0,Excellent,Own,North,Current,No,Excellent (800+),Upper-Middle ($65k-$95k),0
CUST-1403,Male,24,Bachelor,Employed,Divorced,1,135600.0,611.0,0,LN-2023-10403,Personal,12300.0,48,16.99,354.85,0.08,2.0,0,Fair,Mortgage,East,Fully Paid,No,Fair (580-669),High (>$95k),0
CUST-1404,Female,54,Master,Employed,Married,1,51900.0,725.0,1,LN-2023-10404,Home,81700.0,36,10.16,2642.37,0.668,6.0,0,Good,Rent,East,Fully Paid,No,Good (670-739),Lower-Middle ($40k-$65k),0
CUST-1405,Male,22,Bachelor,Employed,Married,2,148600.0,602.0,0,LN-2023-10405,Auto,46700.0,36,15.92,1639.99,0.132,1.0,1,Fair,Own,South,Current,No,Fair (580-669),High (>$95k),0
CUST-1406,Female,25,Bachelor,Employed,Married,0,107900.0,668.0,1,LN-2023-10406,Home,50700.0,36,10.74,1653.62,0.196,3.0,0,Good,Mortgage,West,Fully Paid,No,Fair (580-669),High (>$95k),0
CUST-1407,Male,30,Bachelor,Employed,Married,3,116400.0,687.0,0,LN-2023-10407,Personal,7900.0,48,15.09,220.22,0.08,6.0,0,Good,Mortgage,South,Current,No,Good (670-739),High (>$95k),0
CUST-1408,Male,52,Bachelor,Employed,Married,0,72200.0,737.0,2,LN-2023-10408,Personal,8900.0,60,15.16,212.48,0.121,23.0,0,Good,Rent,West,Current,No,Good (670-739),Upper-Middle ($65k-$95k),0
CUST-1409,Female,62,Bachelor,Employed,Married,0,106500.0,772.0,4,LN-2023-10409,Auto,26100.0,12,12.04,2319.44,0.326,22.0,0,Excellent,Own,West,Current,No,Very Good (740-799),High (>$95k),0
CUST-1410,Male,61,Bachelor,Employed,Married,2,39900.0,620.0,1,LN-2023-10410,Home,50200.0,12,13.23,4489.15,0.75,17.0,0,Fair,Own,Central,Fully Paid,No,Fair (580-669),Low (<$40k),0
CUST-1411,Male,33,Bachelor,Employed,Married,2,46500.0,790.0,0,LN-2023-10411,Personal,31000.0,48,14.38,853.04,0.22,4.0,0,Excellent,Rent,North,Current,No,Very Good (740-799),Lower-Middle ($40k-$65k),0
CUST-1412,Female,59,High School,Employed,Divorced,0,69300.0,796.0,1,LN-2023-10412,Education,25000.0,36,11.42,823.45,0.169,7.0,0,Excellent,Rent,South,Current,No,Very Good (740-799),Upper-Middle ($65k-$95k),0
CUST-1413,Female,25,PhD,Employed,Married,2,106000.0,648.0,2,LN-2023-10413,Home,114100.0,24,12.15,5379.08,0.644,2.0,0,Fair,Mortgage,East,Current,No,Fair (580-669),High (>$95k),0
CUST-1414,Female,30,High School,Unemployed,Married,3,18000.0,669.0,0,LN-2023-10414,Home,110700.0,24,11.09,5164.11,0.75,0.0,0,Fair,Rent,Central,Defaulted,Yes,Fair (580-669),Low (<$40k),1
CUST-1415,Female,30,High School,Employed,Divorced,2,18000.0,627.0,2,LN-2023-10415,Auto,35100.0,36,15.49,1225.19,0.75,7.0,0,Fair,Rent,South,Fully Paid,No,Fair (580-669),Low (<$40k),0
CUST-1416,Male,58,Master,Employed,Single,0,64000.0,644.0,0,LN-2023-10416,Home,121900.0,36,12.07,4052.9,0.75,19.0,0,Fair,Mortgage,East,Fully Paid,No,Fair (580-669),Lower-Middle ($40k-$65k),0
CUST-1417,Male,47,Bachelor,Employed,Single,2,37100.0,567.0,0,LN-2023-10417,Auto,44300.0,36,15.61,1548.94,0.501,21.0,0,Poor,Rent,South,Defaulted,Yes,Poor (<580),Low (<$40k),1
CUST-1418,Male,41,Bachelor,Employed,Single,2,78500.0,736.0,1,LN-2023-10418,Personal,6700.0,60,14.33,157.05,0.08,6.0,0,Good,Own,North,Current,No,Good (670-739),Upper-Middle ($65k-$95k),0
CUST-1419,Female,28,Bachelor,Employed,Single,1,57700.0,495.0,0,LN-2023-10419,Personal,29200.0,48,20.36,894.18,0.186,4.0,0,Poor,Own,South,Current,No,Poor (<580),Lower-Middle ($40k-$65k),0
CUST-1420,Female,21,Bachelor,Employed,Divorced,2,47400.0,610.0,2,LN-2023-10420,Auto,29900.0,48,14.94,831.23,0.263,0.0,1,Fair,Own,West,Defaulted,Yes,Fair (580-669),Lower-Middle ($40k-$65k),1
CUST-1421,Female,48,Bachelor,Employed,Single,4,206500.0,666.0,0,LN-2023-10421,Business,38800.0,24,16.08,1901.25,0.11,16.0,0,Fair,Rent,West,Current,No,Fair (580-669),High (>$95k),0
CUST-1422,Female,59,Bachelor,Employed,Divorced,1,100300.0,780.0,2,LN-2023-10422,Personal,20600.0,36,13.41,698.17,0.108,21.0,0,Excellent,Rent,Central,Current,No,Very Good (740-799),High (>$95k),0
CUST-1423,Male,34,Bachelor,Employed,Single,0,101100.0,623.0,1,LN-2023-10423,Auto,20700.0,12,14.46,1863.08,0.234,3.0,0,Fair,Mortgage,East,Fully Paid,No,Fair (580-669),High (>$95k),0
CUST-1424,Male,41,Bachelor,Employed,Married,1,169400.0,706.0,1,LN-2023-10424,Personal,16900.0,60,15.16,403.47,0.08,2.0,0,Good,Mortgage,West,Current,No,Good (670-739),High (>$95k),0
CUST-1425,Male,50,Bachelor,Unemployed,Divorced,0,31600.0,663.0,0,LN-2023-10425,Home,114400.0,48,12.71,3052.63,0.75,0.0,0,Fair,Rent,South,Defaulted,Yes,Fair (580-669),Low (<$40k),1
CUST-1426,Female,41,PhD,Employed,Single,0,65600.0,750.0,0,LN-2023-10426,Personal,3900.0,12,13.04,348.41,0.08,17.0,0,Excellent,Rent,South,Current,No,Very Good (740-799),Upper-Middle ($65k-$95k),0
CUST-1427,Male,29,High School,Employed,Divorced,1,32900.0,701.0,2,LN-2023-10427,Education,12200.0,36,13.69,415.13,0.321,0.0,0,Good,Mortgage,South,Fully Paid,No,Good (670-739),Low (<$40k),0
CUST-1428,Female,37,Bachelor,Unemployed,Married,0,34000.0,740.0,0,LN-2023-10428,Home,126300.0,24,10.78,5873.68,0.75,0.0,0,Excellent,Mortgage,North,Defaulted,Yes,Very Good (740-799),Low (<$40k),1
CUST-1429,Male,25,Bachelor,Self-Employed,Married,2,28600.0,623.0,1,LN-2023-10429,Personal,15900.0,36,15.81,557.51,0.284,2.0,0,Fair,Mortgage,South,Current,No,Fair (580-669),Low (<$40k),0
CUST-1430,Male,51,Master,Employed,Divorced,2,75200.0,583.0,1,LN-2023-10430,Auto,21500.0,24,15.42,1046.76,0.286,11.0,0,Fair,Rent,West,Fully Paid,No,Fair (580-669),Upper-Middle ($65k-$95k),0
CUST-1431,Male,60,High School,Self-Employed,Married,1,21300.0,701.0,0,LN-2023-10431,Personal,29800.0,12,16.07,2704.77,0.75,12.0,0,Good,Mortgage,North,Defaulted,Yes,Good (670-739),Low (<$40k),1
CUST-1432,Female,58,Bachelor,Employed,Divorced,3,65700.0,628.0,2,LN-2023-10432,Personal,29400.0,36,16.46,1040.31,0.263,25.0,0,Fair,Mortgage,East,Current,No,Fair (580-669),Upper-Middle ($65k-$95k),0
CUST-1433,Female,63,Master,Employed,Divorced,0,114300.0,672.0,3,LN-2023-10433,Personal,4300.0,24,16.2,210.95,0.08,27.0,0,Good,Mortgage,North,Fully Paid,No,Good (670-739),High (>$95k),0
CUST-1434,Male,39,High School,Employed,Divorced,2,55700.0,696.0,1,LN-2023-10434,Business,45400.0,48,14.64,1255.25,0.299,14.0,0,Good,Mortgage,West,Fully Paid,No,Good (670-739),Lower-Middle ($40k-$65k),0
CUST-1435,Male,56,Master,Employed,Single,2,118700.0,775.0,3,LN-2023-10435,Personal,29500.0,36,13.77,1004.95,0.169,12.0,0,Excellent,Rent,North,Current,No,Very Good (740-799),High (>$95k),0
CUST-1436,Female,53,High School,Employed,Single,0,118900.0,736.0,3,LN-2023-10436,Business,32600.0,24,15.3,1585.32,0.192,16.0,0,Good,Own,North,Current,No,Good (670-739),High (>$95k),0
CUST-1437,Male,33,Master,Employed,Single,0,73000.0,612.0,0,LN-2023-10437,Personal,19800.0,36,18.52,720.99,0.119,9.0,0,Fair,Rent,North,Current,No,Fair (580-669),Upper-Middle ($65k-$95k),0
CUST-1438,Female,34,Master,Employed,Single,0,220000.0,572.0,0,LN-2023-10438,Personal,12300.0,12,18.39,1129.95,0.08,11.0,0,Poor,Rent,South,Current,No,Poor (<580),High (>$95k),0
CUST-1439,Female,53,Bachelor,Employed,Single,2,69200.0,815.0,1,LN-2023-10439,Education,31000.0,36,9.97,999.85,0.21,27.0,0,Excellent,Mortgage,East,Fully Paid,No,Excellent (800+),Upper-Middle ($65k-$95k),0
CUST-1440,Male,49,Bachelor,Employed,Divorced,2,96400.0,535.0,1,LN-2023-10440,Auto,16000.0,24,16.31,785.78,0.127,17.0,0,Poor,Rent,South,Current,No,Poor (<580),High (>$95k),0
CUST-1441,Male,63,High School,Employed,Single,0,37300.0,631.0,1,LN-2023-10441,Home,95700.0,24,11.15,4467.04,0.75,5.0,0,Fair,Rent,North,Defaulted,Yes,Fair (580-669),Low (<$40k),1
CUST-1442,Female,56,Master,Employed,Divorced,1,161300.0,724.0,1,LN-2023-10442,Home,45000.0,24,10.17,2080.05,0.174,1.0,0,Good,Rent,Central,Fully Paid,No,Good (670-739),High (>$95k),0
CUST-1443,Male,64,Bachelor,Employed,Married,0,100500.0,809.0,1,LN-2023-10443,Personal,10300.0,36,13.68,350.43,0.08,30.0,0,Excellent,Mortgage,Central,Fully Paid,No,Excellent (800+),High (>$95k),0
CUST-1444,Male,30,High School,Unemployed,Married,1,33300.0,653.0,2,LN-2023-10444,Auto,16200.0,60,12.98,368.43,0.334,0.0,0,Fair,Own,East,Current,No,Fair (580-669),Low (<$40k),0
CUST-1445,Female,51,Bachelor,Employed,Married,4,64400.0,672.0,0,LN-2023-10445,Auto,18000.0,36,13.37,609.7,0.114,22.0,1,Good,Mortgage,West,Current,No,Good (670-739),Lower-Middle ($40k-$65k),0
CUST-1446,Female,26,Bachelor,Employed,Married,0,35700.0,595.0,2,LN-2023-10446,Personal,28000.0,24,17.14,1386.27,0.62,3.0,1,Fair,Mortgage,West,Defaulted,Yes,Fair (580-669),Low (<$40k),1
CUST-1447,Female,21,High School,Self-Employed,Single,3,69500.0,680.0,3,LN-2023-10447,Business,84000.0,24,16.9,4149.12,0.75,0.0,0,Good,Mortgage,East,Defaulted,Yes,Good (670-739),Upper-Middle ($65k-$95k),1
CUST-1448,Female,27,High School,Employed,Married,2,22900.0,572.0,2,LN-2023-10448,Home,109200.0,36,14.0,3732.2,0.75,3.0,0,Poor,Own,East,Defaulted,Yes,Poor (<580),Low (<$40k),1
CUST-1449,Male,47,High School,Self-Employed,Divorced,4,48500.0,606.0,0,LN-2023-10449,Personal,20100.0,24,18.06,1004.06,0.248,7.0,0,Fair,Rent,East,Current,No,Fair (580-669),Lower-Middle ($40k-$65k),0
CUST-1450,Male,41,Bachelor,Employed,Married,0,68500.0,734.0,0,LN-2023-10450,Home,64600.0,24,10.36,2991.71,0.524,8.0,0,Good,Rent,West,Current,No,Good (670-739),Upper-Middle ($65k-$95k),0
CUST-1451,Female,48,Bachelor,Employed,Married,0,183200.0,633.0,1,LN-2023-10451,Education,15300.0,48,15.41,429.0,0.08,9.0,0,Fair,Rent,West,Fully Paid,No,Fair (580-669),High (>$95k),0
CUST-1452,Female,36,Bachelor,Employed,Married,0,72600.0,747.0,4,LN-2023-10452,Home,71300.0,12,10.62,6288.98,0.75,12.0,0,Excellent,Rent,East,Fully Paid,No,Very Good (740-799),Upper-Middle ($65k-$95k),0
CUST-1453,Male,66,Master,Employed,Single,2,82900.0,656.0,2,LN-2023-10453,Auto,39500.0,48,13.89,1077.22,0.228,9.0,0,Fair,Rent,West,Current,No,Fair (580-669),Upper-Middle ($65k-$95k),0
CUST-1454,Female,43,Master,Employed,Married,1,75700.0,553.0,1,LN-2023-10454,Business,37700.0,24,18.06,1883.23,0.324,11.0,0,Poor,Rent,North,Defaulted,Yes,Poor (<580),Upper-Middle ($65k-$95k),1
CUST-1455,Male,40,Bachelor,Self-Employed,Married,0,39500.0,769.0,0,LN-2023-10455,Auto,47000.0,12,10.73,4148.02,0.75,6.0,0,Excellent,Own,West,Fully Paid,No,Very Good (740-799),Low (<$40k),0
CUST-1456,Male,58,High School,Self-Employed,Single,2,58700.0,558.0,2,LN-2023-10456,Auto,40300.0,48,17.26,1168.29,0.311,21.0,0,Poor,Mortgage,North,Defaulted,Yes,Poor (<580),Lower-Middle ($40k-$65k),1
CUST-1457,Male,45,Bachelor,Employed,Married,0,65800.0,618.0,2,LN-2023-10457,Personal,32000.0,48,17.78,936.33,0.246,6.0,0,Fair,Rent,East,Current,No,Fair (580-669),Upper-Middle ($65k-$95k),0
CUST-1458,Male,48,Bachelor,Self-Employed,Married,0,46800.0,653.0,3,LN-2023-10458,Auto,27400.0,36,12.38,915.05,0.332,22.0,0,Fair,Rent,West,Defaulted,Yes,Fair (580-669),Lower-Middle ($40k-$65k),1
CUST-1459,Male,25,Bachelor,Employed,Single,1,36900.0,755.0,2,LN-2023-10459,Home,95100.0,12,9.52,8339.59,0.75,0.0,0,Excellent,Mortgage,Central,Fully Paid,No,Very Good (740-799),Low (<$40k),0
CUST-1460,Male,41,Bachelor,Employed,Married,0,50600.0,625.0,1,LN-2023-10460,Business,39600.0,36,17.14,1414.61,0.393,4.0,0,Fair,Mortgage,South,Defaulted,Yes,Fair (580-669),Lower-Middle ($40k-$65k),1
CUST-1461,Male,38,Bachelor,Employed,Married,0,64700.0,591.0,2,LN-2023-10461,Personal,20500.0,24,18.97,1033.08,0.268,11.0,0,Fair,Mortgage,North,Current,No,Fair (580-669),Lower-Middle ($40k-$65k),0
CUST-1462,Female,67,Master,Self-Employed,Married,0,72900.0,683.0,4,LN-2023-10462,Personal,31200.0,60,15.0,742.25,0.276,15.0,0,Good,Rent,South,Fully Paid,No,Good (670-739),Upper-Middle ($65k-$95k),0
CUST-1463,Female,26,High School,Employed,Married,2,30600.0,651.0,2,LN-2023-10463,Personal,3900.0,36,16.78,138.62,0.272,1.0,0,Fair,Mortgage,South,Fully Paid,No,Fair (580-669),Low (<$40k),0
CUST-1464,Female,49,Bachelor,Employed,Single,2,71600.0,630.0,0,LN-2023-10464,Home,69600.0,60,12.16,1553.85,0.26,12.0,0,Fair,Own,West,Fully Paid,No,Fair (580-669),Upper-Middle ($65k-$95k),0
CUST-1465,Female,39,High School,Self-Employed,Married,1,72000.0,688.0,2,LN-2023-10465,Personal,11200.0,36,14.83,387.32,0.135,10.0,0,Good,Rent,North,Fully Paid,No,Good (670-739),Upper-Middle ($65k-$95k),0
CUST-1466,Male,53,Master,Employed,Divorced,2,82200.0,567.0,3,LN-2023-10466,Education,39400.0,36,17.27,1410.02,0.29,1.0,0,Poor,Mortgage,North,Current,No,Poor (<580),Upper-Middle ($65k-$95k),0
CUST-1467,Male,21,High School,Employed,Divorced,1,38100.0,523.0,1,LN-2023-10467,Business,29300.0,24,18.42,1468.73,0.524,0.0,1,Poor,Rent,North,Current,No,Poor (<580),Low (<$40k),0
CUST-1468,Female,65,High School,Employed,Married,0,64200.0,850.0,1,LN-2023-10468,Auto,40900.0,48,10.28,1042.84,0.229,31.0,0,Excellent,Rent,North,Fully Paid,No,Excellent (800+),Lower-Middle ($40k-$65k),0
CUST-1469,Male,23,Bachelor,Employed,Divorced,2,57700.0,678.0,2,LN-2023-10469,Personal,11000.0,12,14.77,991.65,0.284,1.0,0,Good,Mortgage,Central,Current,No,Good (670-739),Lower-Middle ($40k-$65k),0
CUST-1470,Female,62,Bachelor,Employed,Married,2,36800.0,684.0,2,LN-2023-10470,Home,118200.0,48,10.91,3049.78,0.75,1.0,0,Good,Mortgage,North,Fully Paid,No,Good (670-739),Low (<$40k),0
CUST-1471,Male,41,High School,Unemployed,Married,1,27400.0,603.0,0,LN-2023-10471,Business,54100.0,36,17.73,1948.52,0.75,0.0,0,Fair,Mortgage,South,Defaulted,Yes,Fair (580-669),Low (<$40k),1
CUST-1472,Female,55,Bachelor,Employed,Married,1,73700.0,746.0,2,LN-2023-10472,Personal,10000.0,36,14.89,346.11,0.092,8.0,0,Excellent,Own,South,Current,No,Very Good (740-799),Upper-Middle ($65k-$95k),0
CUST-1473,Male,61,Bachelor,Employed,Married,2,59600.0,624.0,1,LN-2023-10473,Auto,37000.0,36,14.88,1280.44,0.286,22.0,0,Fair,Rent,North,Fully Paid,No,Fair (580-669),Lower-Middle ($40k-$65k),0
CUST-1474,Female,60,High School,Employed,Single,0,24200.0,433.0,4,LN-2023-10474,Home,116500.0,48,17.46,3389.4,0.75,7.0,0,Poor,Mortgage,North,Defaulted,Yes,Poor (<580),Low (<$40k),1
CUST-1475,Male,23,Bachelor,Employed,Married,2,45000.0,621.0,4,LN-2023-10475,Business,52900.0,24,16.74,2608.89,0.75,2.0,0,Fair,Rent,Central,Defaulted,Yes,Fair (580-669),Lower-Middle ($40k-$65k),1
CUST-1476,Female,45,Master,Employed,Single,0,193100.0,646.0,1,LN-2023-10476,Personal,23700.0,36,17.56,851.59,0.08,14.0,1,Fair,Own,West,Fully Paid,No,Fair (580-669),High (>$95k),0
CUST-1477,Male,65,Bachelor,Self-Employed,Single,3,36700.0,655.0,4,LN-2023-10477,Personal,8300.0,36,16.64,294.43,0.351,18.0,0,Fair,Rent,Central,Fully Paid,No,Fair (580-669),Low (<$40k),0
CUST-1478,Female,58,Bachelor,Employed,Married,0,56100.0,653.0,1,LN-2023-10478,Auto,45600.0,24,14.45,2199.09,0.51,29.0,0,Fair,Rent,South,Current,No,Fair (580-669),Lower-Middle ($40k-$65k),0
CUST-1479,Female,65,Bachelor,Employed,Single,0,62400.0,615.0,2,LN-2023-10479,Home,53200.0,36,13.02,1793.03,0.442,15.0,0,Fair,Own,East,Defaulted,Yes,Fair (580-669),Lower-Middle ($40k-$65k),1
CUST-1480,Male,40,Bachelor,Employed,Divorced,1,72600.0,606.0,0,LN-2023-10480,Auto,18400.0,60,15.31,440.73,0.08,4.0,0,Fair,Mortgage,South,Fully Paid,No,Fair (580-669),Upper-Middle ($65k-$95k),0
CUST-1481,Female,64,High School,Employed,Married,0,25000.0,644.0,0,LN-2023-10481,Personal,11400.0,60,15.93,276.8,0.133,24.0,0,Fair,Own,South,Fully Paid,No,Fair (580-669),Low (<$40k),0
CUST-1482,Female,65,Bachelor,Self-Employed,Married,2,78200.0,530.0,3,LN-2023-10482,Home,58000.0,24,13.98,2784.2,0.475,22.0,0,Poor,Rent,West,Current,No,Poor (<580),Upper-Middle ($65k-$95k),0
CUST-1483,Male,54,Master,Self-Employed,Married,1,41900.0,503.0,3,LN-2023-10483,Home,79600.0,60,14.86,1887.83,0.727,10.0,1,Poor,Mortgage,East,Defaulted,Yes,Poor (<580),Lower-Middle ($40k-$65k),1
CUST-1484,Female,41,PhD,Employed,Married,1,97000.0,678.0,1,LN-2023-10484,Home,83900.0,60,11.74,1855.3,0.247,6.0,1,Good,Mortgage,North,Current,No,Good (670-739),High (>$95k),0
CUST-1485,Female,43,Bachelor,Unemployed,Single,0,18000.0,679.0,1,LN-2023-10485,Education,23600.0,24,13.45,1126.98,0.75,0.0,0,Good,Own,North,Fully Paid,No,Good (670-739),Low (<$40k),0
CUST-1486,Female,26,High School,Employed,Married,0,33300.0,744.0,1,LN-2023-10486,Business,22900.0,36,14.02,782.89,0.367,2.0,0,Excellent,Rent,North,Current,No,Very Good (740-799),Low (<$40k),0
CUST-1487,Male,33,High School,Employed,Single,0,71500.0,648.0,3,LN-2023-10487,Auto,18300.0,60,13.99,425.71,0.132,3.0,1,Fair,Rent,North,Fully Paid,No,Fair (580-669),Upper-Middle ($65k-$95k),0
CUST-1488,Male,43,Bachelor,Employed,Single,1,56500.0,568.0,0,LN-2023-10488,Education,33500.0,36,17.3,1199.37,0.255,14.0,2,Poor,Mortgage,West,Fully Paid,No,Poor (<580),Lower-Middle ($40k-$65k),0
CUST-1489,Female,29,Bachelor,Employed,Single,1,77800.0,505.0,1,LN-2023-10489,Home,113900.0,36,15.61,3982.49,0.638,5.0,1,Poor,Rent,West,Defaulted,Yes,Poor (<580),Upper-Middle ($65k-$95k),1
CUST-1490,Female,37,High School,Unemployed,Married,1,21600.0,594.0,2,LN-2023-10490,Personal,12600.0,36,16.71,447.41,0.385,0.0,0,Fair,Mortgage,West,Current,No,Fair (580-669),Low (<$40k),0
CUST-1491,Male,22,PhD,Employed,Married,4,164300.0,705.0,3,LN-2023-10491,Auto,27500.0,24,12.9,1306.11,0.147,1.0,0,Good,Own,South,Fully Paid,No,Good (670-739),High (>$95k),0
CUST-1492,Female,39,Bachelor,Employed,Married,2,36500.0,792.0,0,LN-2023-10492,Personal,8300.0,24,13.16,395.22,0.13,6.0,0,Excellent,Mortgage,East,Current,No,Very Good (740-799),Low (<$40k),0
CUST-1493,Male,39,Master,Self-Employed,Married,3,135400.0,674.0,2,LN-2023-10493,Personal,26800.0,48,15.81,756.91,0.106,6.0,0,Good,Rent,South,Defaulted,Yes,Good (670-739),High (>$95k),1
CUST-1494,Male,27,Master,Employed,Divorced,0,78400.0,566.0,2,LN-2023-10494,Auto,46400.0,12,15.85,4206.62,0.688,2.0,0,Poor,Mortgage,North,Fully Paid,No,Poor (<580),Upper-Middle ($65k-$95k),0
CUST-1495,Male,62,Master,Self-Employed,Married,0,75500.0,595.0,0,LN-2023-10495,Auto,21100.0,48,16.0,597.98,0.095,3.0,0,Fair,Mortgage,East,Fully Paid,No,Fair (580-669),Upper-Middle ($65k-$95k),0
CUST-1496,Male,62,Bachelor,Employed,Married,0,37500.0,597.0,2,LN-2023-10496,Home,111500.0,24,12.6,5279.99,0.75,9.0,0,Fair,Rent,South,Current,No,Fair (580-669),Low (<$40k),0
CUST-1497,Female,40,Bachelor,Employed,Married,0,82600.0,635.0,2,LN-2023-10497,Education,18000.0,36,14.97,623.71,0.17,5.0,3,Fair,Mortgage,South,Fully Paid,No,Fair (580-669),Upper-Middle ($65k-$95k),0
CUST-1498,Male,29,Bachelor,Unemployed,Single,1,18000.0,765.0,0,LN-2023-10498,Business,20200.0,36,13.97,690.09,0.46,0.0,0,Excellent,Own,Central,Fully Paid,No,Very Good (740-799),Low (<$40k),0
CUST-1499,Female,37,Bachelor,Employed,Single,1,79400.0,771.0,1,LN-2023-10499,Auto,32800.0,48,11.18,850.6,0.158,8.0,0,Excellent,Rent,North,Fully Paid,No,Very Good (740-799),Upper-Middle ($65k-$95k),0
CUST-1500,Female,47,Bachelor,Self-Employed,Married,1,172100.0,655.0,2,LN-2023-10500,Auto,25600.0,60,13.44,588.26,0.08,17.0,0,Fair,Mortgage,West,Current,No,Fair (580-669),High (>$95k),0
CUST-1501,Female,67,PhD,Employed,Married,2,144200.0,685.0,0,LN-2023-10501,Personal,25000.0,48,15.2,698.31,0.08,16.0,0,Good,Rent,East,Fully Paid,No,Good (670-739),High (>$95k),0
CUST-1502,Female,22,Master,Self-Employed,Married,4,167400.0,602.0,1,LN-2023-10502,Business,72400.0,36,17.06,2583.42,0.199,1.0,0,Fair,Own,West,Fully Paid,No,Fair (580-669),High (>$95k),0
CUST-1503,Male,56,Master,Employed,Single,2,56300.0,524.0,0,LN-2023-10503,Personal,30400.0,36,19.79,1126.52,0.24,25.0,0,Poor,Rent,North,Fully Paid,No,Poor (<580),Lower-Middle ($40k-$65k),0
CUST-1504,Female,39,Master,Employed,Divorced,0,109700.0,822.0,1,LN-2023-10504,Education,20900.0,36,10.47,679.01,0.092,15.0,0,Excellent,Mortgage,South,Fully Paid,No,Excellent (800+),High (>$95k),0
CUST-1505,Female,37,High School,Self-Employed,Single,0,33700.0,472.0,0,LN-2023-10505,Business,53800.0,12,20.15,4987.6,0.75,12.0,0,Poor,Mortgage,West,Current,No,Poor (<580),Low (<$40k),0
CUST-1506,Male,25,High School,Employed,Single,0,44200.0,513.0,1,LN-2023-10506,Auto,25200.0,24,16.2,1236.28,0.387,2.0,3,Poor,Mortgage,West,Fully Paid,No,Poor (<580),Lower-Middle ($40k-$65k),0
CUST-1507,Female,59,Bachelor,Self-Employed,Married,0,158300.0,822.0,0,LN-2023-10507,Education,16100.0,36,10.38,522.38,0.08,6.0,0,Excellent,Rent,West,Fully Paid,No,Excellent (800+),High (>$95k),0
CUST-1508,Female,38,Bachelor,Self-Employed,Married,1,55000.0,671.0,1,LN-2023-10508,Home,99200.0,24,11.7,4655.8,0.75,2.0,0,Good,Mortgage,West,Defaulted,Yes,Good (670-739),Lower-Middle ($40k-$65k),1
CUST-1509,Female,27,Master,Self-Employed,Single,1,147600.0,574.0,0,LN-2023-10509,Business,78000.0,12,16.8,7106.57,0.578,4.0,0,Poor,Mortgage,South,Fully Paid,No,Poor (<580),High (>$95k),0
CUST-1510,Female,37,Bachelor,Unemployed,Married,0,34800.0,728.0,2,LN-2023-10510,Auto,16000.0,12,13.02,1429.23,0.595,0.0,1,Good,Rent,West,Defaulted,Yes,Good (670-739),Low (<$40k),1
CUST-1511,Female,59,Bachelor,Employed,Divorced,2,102000.0,735.0,2,LN-2023-10511,Home,128500.0,36,9.71,4128.86,0.525,20.0,0,Good,Mortgage,North,Fully Paid,No,Good (670-739),High (>$95k),0
CUST-1512,Male,56,Bachelor,Employed,Married,2,35500.0,556.0,0,LN-2023-10512,Personal,22800.0,12,19.8,2109.88,0.713,15.0,3,Poor,Rent,North,Defaulted,Yes,Poor (<580),Low (<$40k),1
CUST-1513,Female,60,High School,Employed,Married,0,62200.0,624.0,4,LN-2023-10513,Auto,39600.0,24,14.87,1917.63,0.541,23.0,0,Fair,Mortgage,East,Current,No,Fair (580-669),Lower-Middle ($40k-$65k),0
CUST-1514,Female,65,Bachelor,Employed,Single,0,58600.0,744.0,2,LN-2023-10514,Education,40000.0,36,11.15,1312.39,0.363,17.0,0,Excellent,Mortgage,East,Fully Paid,No,Very Good (740-799),Lower-Middle ($40k-$65k),0
CUST-1515,Male,24,Master,Employed,Married,3,127000.0,600.0,2,LN-2023-10515,Education,23100.0,24,15.79,1128.73,0.146,2.0,0,Fair,Rent,East,Current,No,Fair (580-669),High (>$95k),0
CUST-1516,Male,58,High School,Employed,Married,1,23300.0,693.0,1,LN-2023-10516,Education,8400.0,12,13.33,751.57,0.468,13.0,0,Good,Rent,West,Current,No,Good (670-739),Low (<$40k),0
CUST-1517,Male,45,Bachelor,Employed,Married,0,74200.0,791.0,0,LN-2023-10517,Personal,25900.0,36,13.6,880.18,0.142,15.0,0,Excellent,Rent,East,Current,No,Very Good (740-799),Upper-Middle ($65k-$95k),0
CUST-1518,Female,25,Bachelor,Employed,Single,0,69600.0,466.0,4,LN-2023-10518,Home,119000.0,36,17.18,4253.34,0.75,3.0,1,Poor,Mortgage,North,Defaulted,Yes,Poor (<580),Upper-Middle ($65k-$95k),1
CUST-1519,Female,50,High School,Employed,Married,0,20100.0,640.0,0,LN-2023-10519,Auto,16200.0,60,14.71,382.94,0.229,6.0,0,Fair,Rent,Central,Current,No,Fair (580-669),Low (<$40k),0
CUST-1520,Male,32,High School,Self-Employed,Married,0,37900.0,692.0,2,LN-2023-10520,Auto,10900.0,24,12.92,517.8,0.292,8.0,0,Good,Mortgage,East,Fully Paid,No,Good (670-739),Low (<$40k),0
CUST-1521,Female,24,PhD,Employed,Single,2,40700.0,517.0,1,LN-2023-10521,Home,56500.0,36,13.95,1929.66,0.639,0.0,0,Poor,Rent,Central,Defaulted,Yes,Poor (<580),Lower-Middle ($40k-$65k),1
CUST-1522,Male,44,Bachelor,Employed,Married,0,45300.0,624.0,3,LN-2023-10522,Auto,22300.0,24,15.18,1083.16,0.488,18.0,0,Fair,Rent,South,Fully Paid,No,Fair (580-669),Lower-Middle ($40k-$65k),0
CUST-1523,Female,49,High School,Self-Employed,Divorced,0,72300.0,758.0,1,LN-2023-10523,Auto,45100.0,24,11.98,2122.59,0.393,7.0,0,Excellent,Rent,North,Fully Paid,No,Very Good (740-799),Upper-Middle ($65k-$95k),0
CUST-1524,Female,29,High School,Employed,Married,0,53600.0,668.0,1,LN-2023-10524,Auto,10100.0,36,15.69,353.54,0.118,6.0,0,Fair,Rent,West,Fully Paid,No,Fair (580-669),Lower-Middle ($40k-$65k),0
CUST-1525,Female,24,Bachelor,Unemployed,Single,2,23700.0,543.0,2,LN-2023-10525,Auto,40500.0,36,16.25,1428.86,0.75,0.0,1,Poor,Own,East,Defaulted,Yes,Poor (<580),Low (<$40k),1
CUST-1526,Male,44,Bachelor,Employed,Married,0,62500.0,766.0,0,LN-2023-10526,Auto,42500.0,36,11.65,1404.51,0.428,4.0,0,Excellent,Mortgage,North,Current,No,Very Good (740-799),Lower-Middle ($40k-$65k),0
CUST-1527,Male,34,Bachelor,Employed,Single,0,104100.0,707.0,0,LN-2023-10527,Personal,26500.0,48,15.07,738.46,0.085,5.0,0,Good,Mortgage,East,Current,No,Good (670-739),High (>$95k),0
CUST-1528,Male,25,High School,Employed,Single,1,48700.0,664.0,0,LN-2023-10528,Education,8800.0,48,14.25,241.58,0.08,3.0,0,Fair,Rent,Central,Current,No,Fair (580-669),Lower-Middle ($40k-$65k),0
CUST-1529,Male,38,Master,Self-Employed,Divorced,0,90900.0,661.0,0,LN-2023-10529,Personal,22700.0,24,15.2,1102.81,0.146,9.0,2,Fair,Rent,North,Defaulted,Yes,Fair (580-669),Upper-Middle ($65k-$95k),1
CUST-1530,Female,62,Bachelor,Employed,Married,0,96000.0,757.0,0,LN-2023-10530,Auto,46200.0,24,11.87,2171.99,0.271,15.0,0,Excellent,Rent,South,Fully Paid,No,Very Good (740-799),High (>$95k),0
CUST-1531,Female,39,Bachelor,Self-Employed,Married,0,46300.0,695.0,2,LN-2023-10531,Personal,6500.0,36,15.78,227.82,0.168,11.0,0,Good,Own,East,Fully Paid,No,Good (670-739),Lower-Middle ($40k-$65k),0
CUST-1532,Female,32,Bachelor,Employed,Single,2,69700.0,724.0,2,LN-2023-10532,Auto,11200.0,36,12.02,372.11,0.154,5.0,0,Good,Mortgage,West,Fully Paid,No,Good (670-739),Upper-Middle ($65k-$95k),0
CUST-1533,Female,38,Bachelor,Employed,Married,4,76100.0,611.0,4,LN-2023-10533,Education,35700.0,48,15.78,1007.73,0.237,4.0,0,Fair,Mortgage,East,Fully Paid,No,Fair (580-669),Upper-Middle ($65k-$95k),0
CUST-1534,Female,37,Master,Employed,Married,0,60900.0,507.0,1,LN-2023-10534,Personal,21700.0,60,20.26,578.06,0.162,9.0,0,Poor,Rent,West,Fully Paid,No,Poor (<580),Lower-Middle ($40k-$65k),0
CUST-1535,Female,50,Master,Employed,Divorced,0,104400.0,722.0,0,LN-2023-10535,Business,65300.0,24,15.7,3187.94,0.366,5.0,0,Good,Mortgage,South,Fully Paid,No,Good (670-739),High (>$95k),0
CUST-1536,Female,44,Bachelor,Employed,Married,0,77900.0,763.0,3,LN-2023-10536,Personal,31000.0,48,13.3,836.28,0.226,14.0,0,Excellent,Own,North,Fully Paid,No,Very Good (740-799),Upper-Middle ($65k-$95k),0
CUST-1537,Female,31,Master,Self-Employed,Divorced,2,85500.0,650.0,3,LN-2023-10537,Personal,25300.0,36,16.97,901.64,0.227,0.0,0,Fair,Mortgage,West,Fully Paid,No,Fair (580-669),Upper-Middle ($65k-$95k),0
CUST-1538,Male,55,Master,Employed,Married,1,73300.0,745.0,2,LN-2023-10538,Education,19500.0,36,13.35,660.32,0.183,16.0,0,Excellent,Rent,Central,Fully Paid,No,Very Good (740-799),Upper-Middle ($65k-$95k),0
CUST-1539,Male,43,Master,Employed,Single,2,98500.0,641.0,0,LN-2023-10539,Auto,26600.0,24,13.95,1276.51,0.156,8.0,1,Fair,Rent,Central,Current,No,Fair (580-669),High (>$95k),0
CUST-1540,Male,37,High School,Employed,Single,2,70000.0,662.0,3,LN-2023-10540,Personal,7200.0,12,17.21,657.39,0.175,4.0,0,Fair,Mortgage,South,Fully Paid,No,Fair (580-669),Upper-Middle ($65k-$95k),0
CUST-1541,Female,21,Bachelor,Self-Employed,Married,3,74400.0,818.0,0,LN-2023-10541,Business,41300.0,36,12.1,1373.72,0.222,0.0,0,Excellent,Rent,South,Current,No,Excellent (800+),Upper-Middle ($65k-$95k),0
CUST-1542,Female,35,Bachelor,Unemployed,Divorced,3,36400.0,645.0,0,LN-2023-10542,Auto,26900.0,36,14.16,921.47,0.304,0.0,0,Fair,Mortgage,Central,Current,No,Fair (580-669),Low (<$40k),0
CUST-1543,Male,52,Master,Self-Employed,Married,2,120400.0,640.0,2,LN-2023-10543,Personal,10600.0,60,15.51,255.02,0.08,17.0,0,Fair,Mortgage,Central,Fully Paid,No,Fair (580-669),High (>$95k),0
CUST-1544,Female,29,High School,Unemployed,Divorced,1,18000.0,511.0,1,LN-2023-10544,Education,37100.0,36,16.25,1308.91,0.75,0.0,0,Poor,Own,East,Defaulted,Yes,Poor (<580),Low (<$40k),1
CUST-1545,Female,35,Bachelor,Self-Employed,Single,0,38400.0,728.0,0,LN-2023-10545,Home,46000.0,36,9.2,1467.07,0.458,12.0,0,Good,Rent,East,Current,No,Good (670-739),Low (<$40k),0
CUST-1546,Male,48,Bachelor,Unemployed,Married,1,37500.0,609.0,2,LN-2023-10546,Personal,20000.0,60,18.4,512.23,0.297,0.0,0,Fair,Mortgage,East,Current,No,Fair (580-669),Low (<$40k),0
CUST-1547,Male,44,Bachelor,Self-Employed,Divorced,1,64700.0,682.0,2,LN-2023-10547,Education,32200.0,36,13.25,1088.83,0.277,17.0,0,Good,Rent,North,Fully Paid,No,Good (670-739),Lower-Middle ($40k-$65k),0
CUST-1548,Female,55,Bachelor,Employed,Married,1,67700.0,643.0,3,LN-2023-10548,Auto,37800.0,24,13.61,1807.93,0.44,21.0,0,Fair,Mortgage,West,Current,No,Fair (580-669),Upper-Middle ($65k-$95k),0
CUST-1549,Male,42,Master,Employed,Single,0,130000.0,632.0,1,LN-2023-10549,Auto,34500.0,36,14.68,1190.55,0.132,9.0,0,Fair,Rent,North,Fully Paid,No,Fair (580-669),High (>$95k),0
CUST-1550,Female,47,Bachelor,Employed,Married,1,62700.0,659.0,0,LN-2023-10550,Education,20000.0,24,13.78,958.18,0.183,9.0,0,Fair,Mortgage,North,Current,No,Fair (580-669),Lower-Middle ($40k-$65k),0
CUST-1551,Male,39,Master,Employed,Single,1,79200.0,666.0,1,LN-2023-10551,Education,37200.0,60,14.99,884.79,0.15,1.0,0,Fair,Rent,West,Current,No,Fair (580-669),Upper-Middle ($65k-$95k),0
CUST-1552,Female,65,Bachelor,Employed,Single,1,42500.0,769.0,3,LN-2023-10552,Personal,12500.0,36,15.19,434.48,0.227,14.0,0,Excellent,Own,Central,Fully Paid,No,Very Good (740-799),Lower-Middle ($40k-$65k),0
CUST-1553,Female,32,Bachelor,Employed,Married,0,74300.0,799.0,0,LN-2023-10553,Education,31500.0,24,9.67,1448.77,0.234,8.0,0,Excellent,Own,West,Fully Paid,No,Very Good (740-799),Upper-Middle ($65k-$95k),0
CUST-1554,Female,40,Bachelor,Unemployed,Single,1,28600.0,725.0,1,LN-2023-10554,Home,123800.0,24,10.71,5753.4,0.75,0.0,0,Good,Mortgage,East,Defaulted,Yes,Good (670-739),Low (<$40k),1
CUST-1555,Female,21,High School,Employed,Married,0,37900.0,778.0,0,LN-2023-10555,Home,55900.0,36,7.74,1745.01,0.553,0.0,0,Excellent,Mortgage,West,Fully Paid,No,Very Good (740-799),Low (<$40k),0
CUST-1556,Male,41,Bachelor,Self-Employed,Married,2,47700.0,742.0,0,LN-2023-10556,Business,86300.0,36,13.32,2921.11,0.735,8.0,0,Excellent,Mortgage,South,Defaulted,Yes,Very Good (740-799),Lower-Middle ($40k-$65k),1
CUST-1557,Male,65,Bachelor,Self-Employed,Married,1,220000.0,712.0,3,LN-2023-10557,Auto,39500.0,36,12.97,1330.34,0.11,10.0,0,Good,Own,East,Current,No,Good (670-739),High (>$95k),0
CUST-1558,Male,21,Bachelor,Unemployed,Married,0,21100.0,793.0,0,LN-2023-10558,Home,97400.0,36,8.19,3060.71,0.75,0.0,0,Excellent,Mortgage,West,Defaulted,Yes,Very Good (740-799),Low (<$40k),1
CUST-1559,Female,30,Master,Unemployed,Married,0,20000.0,558.0,2,LN-2023-10559,Auto,24200.0,24,16.21,1187.34,0.75,0.0,0,Poor,Rent,North,Defaulted,Yes,Poor (<580),Low (<$40k),1
CUST-1560,Female,67,Bachelor,Self-Employed,Single,1,99400.0,611.0,1,LN-2023-10560,Home,121900.0,24,12.88,5788.48,0.722,11.0,0,Fair,Mortgage,North,Fully Paid,No,Fair (580-669),High (>$95k),0
CUST-1561,Female,52,High School,Employed,Married,0,48000.0,600.0,0,LN-2023-10561,Personal,4300.0,36,16.45,152.13,0.08,6.0,0,Fair,Rent,West,Current,No,Fair (580-669),Lower-Middle ($40k-$65k),0
CUST-1562,Male,59,High School,Employed,Married,4,30100.0,644.0,4,LN-2023-10562,Education,20700.0,12,15.09,1869.23,0.75,20.0,0,Fair,Mortgage,South,Current,No,Fair (580-669),Low (<$40k),0
CUST-1563,Male,42,Bachelor,Employed,Married,1,78100.0,728.0,2,LN-2023-10563,Education,31700.0,60,12.99,721.11,0.183,8.0,0,Good,Rent,East,Fully Paid,No,Good (670-739),Upper-Middle ($65k-$95k),0
CUST-1564,Male,38,Bachelor,Self-Employed,Single,0,49200.0,575.0,2,LN-2023-10564,Education,33600.0,24,16.18,1648.05,0.496,9.0,1,Poor,Own,West,Defaulted,Yes,Poor (<580),Lower-Middle ($40k-$65k),1
CUST-1565,Male,66,High School,Self-Employed,Single,1,114800.0,712.0,2,LN-2023-10565,Auto,17700.0,36,12.18,589.42,0.102,21.0,0,Good,Mortgage,East,Fully Paid,No,Good (670-739),High (>$95k),0
CUST-1566,Female,52,Bachelor,Self-Employed,Married,0,90300.0,620.0,1,LN-2023-10566,Personal,4400.0,24,17.43,218.46,0.08,21.0,0,Fair,Rent,West,Defaulted,Yes,Fair (580-669),Upper-Middle ($65k-$95k),1
CUST-1567,Male,47,Bachelor,Employed,Divorced,2,55500.0,640.0,1,LN-2023-10567,Education,33300.0,24,13.81,1595.84,0.371,17.0,0,Fair,Rent,South,Fully Paid,No,Fair (580-669),Lower-Middle ($40k-$65k),0
CUST-1568,Male,48,Bachelor,Employed,Single,0,66000.0,687.0,0,LN-2023-10568,Home,80900.0,48,10.48,2070.53,0.376,18.0,0,Good,Mortgage,West,Fully Paid,No,Good (670-739),Upper-Middle ($65k-$95k),0
CUST-1569,Female,38,Bachelor,Employed,Single,4,94400.0,812.0,3,LN-2023-10569,Personal,7200.0,36,13.16,243.15,0.093,7.0,0,Excellent,Rent,South,Current,No,Excellent (800+),Upper-Middle ($65k-$95k),0
CUST-1570,Male,59,Bachelor,Employed,Married,1,68400.0,609.0,1,LN-2023-10570,Business,26000.0,24,17.92,1297.02,0.269,12.0,0,Fair,Mortgage,East,Defaulted,Yes,Fair (580-669),Upper-Middle ($65k-$95k),1
CUST-1571,Male,49,Bachelor,Employed,Married,2,163400.0,663.0,0,LN-2023-10571,Education,27800.0,24,13.88,1333.18,0.098,23.0,1,Fair,Mortgage,North,Fully Paid,No,Fair (580-669),High (>$95k),0
CUST-1572,Female,38,Master,Employed,Single,0,129800.0,578.0,3,LN-2023-10572,Auto,32100.0,24,15.9,1570.18,0.19,1.0,1,Poor,Rent,West,Fully Paid,No,Poor (<580),High (>$95k),0
CUST-1573,Male,64,Bachelor,Self-Employed,Single,0,90000.0,608.0,1,LN-2023-10573,Personal,27800.0,36,17.57,999.05,0.154,6.0,0,Fair,Mortgage,South,Current,No,Fair (580-669),Upper-Middle ($65k-$95k),0
CUST-1574,Female,28,Bachelor,Employed,Married,2,41200.0,577.0,1,LN-2023-10574,Personal,3900.0,48,18.4,115.38,0.088,3.0,0,Poor,Rent,South,Fully Paid,No,Poor (<580),Lower-Middle ($40k-$65k),0
CUST-1575,Female,51,Bachelor,Employed,Married,1,58800.0,690.0,0,LN-2023-10575,Home,118800.0,24,10.64,5517.18,0.75,16.0,0,Good,Own,North,Current,No,Good (670-739),Lower-Middle ($40k-$65k),0
CUST-1576,Female,54,High School,Unemployed,Single,0,21300.0,706.0,3,LN-2023-10576,Auto,43700.0,36,12.66,1465.28,0.75,0.0,0,Good,Rent,East,Fully Paid,No,Good (670-739),Low (<$40k),0
CUST-1577,Male,27,Bachelor,Employed,Single,0,43400.0,728.0,4,LN-2023-10577,Auto,27000.0,48,12.26,714.47,0.433,0.0,0,Good,Rent,South,Fully Paid,No,Good (670-739),Lower-Middle ($40k-$65k),0
CUST-1578,Female,56,Bachelor,Employed,Single,0,112500.0,605.0,1,LN-2023-10578,Education,8600.0,48,16.54,246.11,0.08,22.0,0,Fair,Own,North,Fully Paid,No,Fair (580-669),High (>$95k),0
CUST-1579,Male,38,PhD,Employed,Married,1,59900.0,713.0,1,LN-2023-10579,Auto,46000.0,24,11.84,2161.94,0.46,8.0,0,Good,Rent,West,Fully Paid,No,Good (670-739),Lower-Middle ($40k-$65k),0
CUST-1580,Male,58,Master,Employed,Married,0,58400.0,679.0,1,LN-2023-10580,Auto,12700.0,36,12.38,424.13,0.124,15.0,0,Good,Own,North,Current,No,Good (670-739),Lower-Middle ($40k-$65k),0
CUST-1581,Male,29,Bachelor,Employed,Married,0,48800.0,665.0,0,LN-2023-10581,Education,26100.0,60,16.27,638.45,0.157,3.0,0,Fair,Rent,North,Fully Paid,No,Fair (580-669),Lower-Middle ($40k-$65k),0
CUST-1582,Female,29,Bachelor,Employed,Married,0,87900.0,564.0,1,LN-2023-10582,Auto,28700.0,48,16.11,814.98,0.128,4.0,0,Poor,Rent,East,Fully Paid,No,Poor (<580),Upper-Middle ($65k-$95k),0
CUST-1583,Male,66,High School,Employed,Married,0,34200.0,683.0,0,LN-2023-10583,Business,78500.0,24,15.96,3842.1,0.75,6.0,0,Good,Rent,South,Defaulted,Yes,Good (670-739),Low (<$40k),1
CUST-1584,Male,28,Bachelor,Employed,Divorced,0,28000.0,685.0,3,LN-2023-10584,Education,23100.0,36,14.18,791.52,0.546,1.0,0,Good,Own,South,Fully Paid,No,Good (670-739),Low (<$40k),0
CUST-1585,Female,55,Bachelor,Employed,Single,3,102600.0,678.0,0,LN-2023-10585,Personal,16600.0,60,16.42,407.39,0.08,8.0,2,Fair,Rent,East,Current,No,Good (670-739),High (>$95k),0
CUST-1586,Male,38,Bachelor,Self-Employed,Single,0,59200.0,704.0,2,LN-2023-10586,Business,81600.0,36,15.74,2858.35,0.631,11.0,0,Good,Mortgage,East,Defaulted,Yes,Good (670-739),Lower-Middle ($40k-$65k),1
CUST-1587,Male,25,Bachelor,Employed,Married,3,38900.0,729.0,1,LN-2023-10587,Personal,31000.0,48,15.31,867.63,0.313,2.0,0,Good,Mortgage,South,Fully Paid,No,Good (670-739),Low (<$40k),0
CUST-1588,Male,34,High School,Self-Employed,Married,1,40200.0,576.0,0,LN-2023-10588,Business,58400.0,12,18.72,5374.14,0.75,5.0,1,Poor,Own,West,Defaulted,Yes,Poor (<580),Lower-Middle ($40k-$65k),1
CUST-1589,Male,48,PhD,Employed,Married,0,200900.0,651.0,1,LN-2023-10589,Auto,27300.0,48,14.1,747.38,0.08,13.0,0,Fair,Rent,East,Fully Paid,No,Fair (580-669),High (>$95k),0
CUST-1590,Male,50,High School,Employed,Married,0,36500.0,713.0,2,LN-2023-10590,Auto,41600.0,36,13.36,1408.89,0.541,14.0,0,Good,Rent,Central,Current,No,Good (670-739),Low (<$40k),0
CUST-1591,Male,24,Master,Self-Employed,Single,1,84700.0,647.0,2,LN-2023-10591,Home,115600.0,24,13.39,5517.03,0.75,1.0,0,Fair,Mortgage,West,Fully Paid,No,Fair (580-669),Upper-Middle ($65k-$95k),0
CUST-1592,Female,59,Master,Employed,Married,2,63700.0,751.0,0,LN-2023-10592,Personal,12300.0,36,14.42,422.9,0.08,3.0,0,Excellent,Mortgage,North,Fully Paid,No,Very Good (740-799),Lower-Middle ($40k-$65k),0
CUST-1593,Male,40,Bachelor,Employed,Married,1,36100.0,677.0,1,LN-2023-10593,Personal,19700.0,12,16.24,1789.64,0.632,15.0,0,Good,Rent,South,Fully Paid,No,Good (670-739),Low (<$40k),0
CUST-1594,Male,45,Bachelor,Employed,Married,0,45000.0,503.0,3,LN-2023-10594,Education,11200.0,48,17.33,325.09,0.211,12.0,0,Poor,Rent,East,Fully Paid,No,Poor (<580),Lower-Middle ($40k-$65k),0
CUST-1595,Female,48,Bachelor,Employed,Married,3,35000.0,741.0,2,LN-2023-10595,Home,99000.0,48,9.88,2505.19,0.75,16.0,0,Excellent,Own,East,Current,No,Very Good (740-799),Low (<$40k),0
CUST-1596,Male,32,Bachelor,Self-Employed,Single,4,111200.0,660.0,2,LN-2023-10596,Auto,41700.0,36,14.03,1425.81,0.177,5.0,0,Fair,Rent,North,Fully Paid,No,Fair (580-669),High (>$95k),0
CUST-1597,Female,22,Bachelor,Self-Employed,Married,1,75700.0,519.0,0,LN-2023-10597,Business,33100.0,36,18.91,1211.81,0.192,1.0,1,Poor,Rent,East,Defaulted,Yes,Poor (<580),Upper-Middle ($65k-$95k),1
CUST-1598,Male,63,Bachelor,Employed,Single,1,192100.0,648.0,2,LN-2023-10598,Personal,12400.0,36,16.61,439.69,0.08,21.0,2,Fair,Rent,East,Fully Paid,No,Fair (580-669),High (>$95k),0
CUST-1599,Male,34,Bachelor,Employed,Single,1,45700.0,562.0,1,LN-2023-10599,Education,21300.0,12,16.67,1939.33,0.555,1.0,0,Poor,Rent,East,Fully Paid,No,Poor (<580),Lower-Middle ($40k-$65k),0
CUST-1600,Male,42,Bachelor,Employed,Married,0,42700.0,734.0,1,LN-2023-10600,Home,116800.0,36,11.22,3836.06,0.75,16.0,0,Good,Own,Central,Fully Paid,No,Good (670-739),Lower-Middle ($40k-$65k),0
CUST-1601,Male,51,Bachelor,Unemployed,Married,0,43900.0,666.0,1,LN-2023-10601,Personal,24200.0,24,15.54,1179.6,0.395,0.0,0,Fair,Mortgage,East,Current,No,Fair (580-669),Lower-Middle ($40k-$65k),0
CUST-1602,Male,43,Bachelor,Self-Employed,Single,1,116400.0,591.0,0,LN-2023-10602,Education,16800.0,24,16.09,823.3,0.085,6.0,0,Fair,Rent,West,Current,No,Fair (580-669),High (>$95k),0
CUST-1603,Male,40,Bachelor,Self-Employed,Single,2,86000.0,738.0,1,LN-2023-10603,Auto,19200.0,60,11.64,423.61,0.085,2.0,0,Good,Mortgage,East,Fully Paid,No,Good (670-739),Upper-Middle ($65k-$95k),0
CUST-1604,Male,58,High School,Employed,Married,0,29700.0,708.0,0,LN-2023-10604,Personal,23200.0,24,15.76,1133.29,0.458,3.0,1,Good,Mortgage,Central,Fully Paid,No,Good (670-739),Low (<$40k),0
CUST-1605,Male,24,High School,Self-Employed,Married,1,123800.0,649.0,1,LN-2023-10605,Auto,28200.0,36,14.61,972.19,0.111,2.0,0,Fair,Rent,North,Current,No,Fair (580-669),High (>$95k),0
CUST-1606,Male,35,Bachelor,Employed,Married,3,60900.0,564.0,2,LN-2023-10606,Education,26200.0,60,17.57,659.19,0.198,9.0,0,Poor,Rent,West,Current,No,Poor (<580),Lower-Middle ($40k-$65k),0
CUST-1607,Male,44,High School,Employed,Married,0,40400.0,598.0,4,LN-2023-10607,Personal,21800.0,36,17.35,781.03,0.467,14.0,0,Fair,Mortgage,South,Current,No,Fair (580-669),Lower-Middle ($40k-$65k),0
CUST-1608,Male,45,High School,Unemployed,Married,0,28700.0,597.0,0,LN-2023-10608,Home,92500.0,36,13.27,3128.73,0.75,0.0,2,Fair,Own,West,Defaulted,Yes,Fair (580-669),Low (<$40k),1
CUST-1609,Male,21,Master,Employed,Married,2,77100.0,733.0,1,LN-2023-10609,Education,26800.0,24,13.24,1277.14,0.242,0.0,0,Good,Rent,East,Current,No,Good (670-739),Upper-Middle ($65k-$95k),0
CUST-1610,Female,27,High School,Unemployed,Married,0,18000.0,668.0,1,LN-2023-10610,Education,36200.0,24,17.67,1801.49,0.75,0.0,1,Poor,Rent,North,Defaulted,Yes,Fair (580-669),Low (<$40k),1
CUST-1611,Male,51,Bachelor,Employed,Married,0,64000.0,665.0,0,LN-2023-10611,Education,35500.0,36,12.43,1186.41,0.222,9.0,0,Fair,Own,South,Current,No,Fair (580-669),Lower-Middle ($40k-$65k),0
CUST-1612,Female,32,Bachelor,Self-Employed,Married,0,50900.0,648.0,0,LN-2023-10612,Home,57700.0,36,11.56,1904.36,0.449,5.0,0,Fair,Rent,West,Fully Paid,No,Fair (580-669),Lower-Middle ($40k-$65k),0
CUST-1613,Female,62,Master,Employed,Divorced,0,20100.0,758.0,1,LN-2023-10613,Home,94900.0,12,10.02,8344.1,0.75,22.0,0,Excellent,Rent,Central,Fully Paid,No,Very Good (740-799),Low (<$40k),0
CUST-1614,Male,25,Bachelor,Employed,Single,2,42300.0,689.0,1,LN-2023-10614,Auto,26700.0,36,13.0,899.63,0.294,4.0,0,Good,Mortgage,North,Fully Paid,No,Good (670-739),Lower-Middle ($40k-$65k),0
CUST-1615,Female,64,Bachelor,Employed,Divorced,1,49600.0,715.0,3,LN-2023-10615,Personal,11300.0,48,15.64,318.17,0.273,12.0,0,Good,Mortgage,South,Fully Paid,No,Good (670-739),Lower-Middle ($40k-$65k),0
CUST-1616,Female,62,Bachelor,Employed,Married,0,37400.0,625.0,5,LN-2023-10616,Auto,34000.0,12,15.28,3073.28,0.75,34.0,0,Fair,Own,South,Current,No,Fair (580-669),Low (<$40k),0
CUST-1617,Male,58,Bachelor,Employed,Single,1,81400.0,565.0,2,LN-2023-10617,Auto,29400.0,12,15.72,2663.59,0.447,5.0,0,Poor,Rent,East,Fully Paid,No,Poor (<580),Upper-Middle ($65k-$95k),0
CUST-1618,Male,32,Bachelor,Employed,Married,3,44300.0,642.0,0,LN-2023-10618,Education,32300.0,12,15.1,2916.87,0.75,7.0,0,Fair,Rent,Central,Fully Paid,No,Fair (580-669),Lower-Middle ($40k-$65k),0
CUST-1619,Female,59,High School,Employed,Single,0,60900.0,736.0,2,LN-2023-10619,Personal,5700.0,48,15.63,160.46,0.122,21.0,0,Good,Rent,South,Fully Paid,No,Good (670-739),Lower-Middle ($40k-$65k),0
CUST-1620,Female,38,PhD,Employed,Married,0,53300.0,735.0,1,LN-2023-10620,Home,70700.0,48,10.84,1821.79,0.471,12.0,0,Good,Rent,North,Fully Paid,No,Good (670-739),Lower-Middle ($40k-$65k),0
CUST-1621,Male,22,Bachelor,Employed,Married,3,94600.0,633.0,1,LN-2023-10621,Auto,11000.0,12,13.83,986.78,0.154,0.0,0,Fair,Own,East,Fully Paid,No,Fair (580-669),Upper-Middle ($65k-$95k),0
CUST-1622,Male,30,Bachelor,Employed,Divorced,3,35400.0,596.0,3,LN-2023-10622,Auto,38300.0,60,15.06,912.36,0.425,1.0,0,Fair,Own,North,Current,No,Fair (580-669),Low (<$40k),0
CUST-1623,Male,35,Bachelor,Self-Employed,Single,0,25200.0,580.0,2,LN-2023-10623,Auto,44700.0,36,15.56,1561.83,0.75,1.0,0,Fair,Rent,South,Defaulted,Yes,Fair (580-669),Low (<$40k),1
CUST-1624,Male,50,Bachelor,Self-Employed,Divorced,0,126200.0,658.0,2,LN-2023-10624,Personal,20000.0,36,15.67,699.89,0.119,15.0,0,Fair,Rent,East,Fully Paid,No,Fair (580-669),High (>$95k),0
CUST-1625,Female,64,Master,Employed,Married,1,53000.0,681.0,0,LN-2023-10625,Personal,20900.0,24,16.57,1029.03,0.233,22.0,0,Good,Mortgage,East,Fully Paid,No,Good (670-739),Lower-Middle ($40k-$65k),0
CUST-1626,Male,37,Bachelor,Employed,Married,0,138600.0,795.0,3,LN-2023-10626,Auto,11800.0,36,10.36,382.75,0.096,13.0,0,Excellent,Mortgage,West,Fully Paid,No,Very Good (740-799),High (>$95k),0
CUST-1627,Male,24,Bachelor,Self-Employed,Married,1,93200.0,680.0,2,LN-2023-10627,Business,55300.0,60,15.57,1332.19,0.206,1.0,0,Good,Mortgage,West,Current,No,Good (670-739),Upper-Middle ($65k-$95k),0
CUST-1628,Female,27,High School,Employed,Single,0,70100.0,722.0,1,LN-2023-10628,Education,23900.0,60,13.67,552.03,0.126,0.0,0,Good,Rent,South,Fully Paid,No,Good (670-739),Upper-Middle ($65k-$95k),0
CUST-1629,Male,61,Master,Employed,Single,0,124600.0,603.0,1,LN-2023-10629,Auto,11500.0,36,14.72,397.08,0.08,7.0,0,Fair,Mortgage,South,Defaulted,Yes,Fair (580-669),High (>$95k),1
CUST-1630,Male,51,Master,Employed,Divorced,1,81900.0,673.0,0,LN-2023-10630,Business,74800.0,36,15.56,2613.53,0.383,0.0,0,Good,Own,Central,Fully Paid,No,Good (670-739),Upper-Middle ($65k-$95k),0
CUST-1631,Female,59,High School,Employed,Married,3,51900.0,681.0,0,LN-2023-10631,Home,68700.0,24,11.55,3219.53,0.744,25.0,0,Good,Mortgage,South,Fully Paid,No,Good (670-739),Lower-Middle ($40k-$65k),0
CUST-1632,Female,54,High School,Employed,Single,1,87400.0,658.0,2,LN-2023-10632,Home,106500.0,60,11.54,2344.35,0.352,23.0,0,Fair,Rent,North,Current,No,Fair (580-669),Upper-Middle ($65k-$95k),0
CUST-1633,Male,26,Bachelor,Employed,Married,0,66100.0,668.0,0,LN-2023-10633,Personal,14700.0,48,17.18,425.54,0.08,5.0,0,Fair,Mortgage,East,Fully Paid,No,Fair (580-669),Upper-Middle ($65k-$95k),0
CUST-1634,Female,58,PhD,Employed,Married,4,66900.0,680.0,3,LN-2023-10634,Business,89700.0,36,15.0,3109.48,0.673,13.0,0,Good,Own,South,Fully Paid,No,Good (670-739),Upper-Middle ($65k-$95k),0
CUST-1635,Male,65,Bachelor,Employed,Married,1,81800.0,710.0,3,LN-2023-10635,Auto,18100.0,48,11.07,468.42,0.188,1.0,0,Good,Mortgage,East,Fully Paid,No,Good (670-739),Upper-Middle ($65k-$95k),0
CUST-1636,Male,54,Bachelor,Employed,Married,0,24300.0,769.0,1,LN-2023-10636,Home,50000.0,24,9.97,2306.55,0.75,7.0,0,Excellent,Rent,West,Current,No,Very Good (740-799),Low (<$40k),0
CUST-1637,Female,64,High School,Employed,Married,0,88900.0,477.0,1,LN-2023-10637,Personal,31400.0,24,20.06,1599.05,0.234,22.0,1,Poor,Rent,North,Defaulted,Yes,Poor (<580),Upper-Middle ($65k-$95k),1
CUST-1638,Male,35,Bachelor,Employed,Married,0,114900.0,764.0,1,LN-2023-10638,Home,65700.0,48,8.93,1632.76,0.185,12.0,0,Excellent,Rent,South,Fully Paid,No,Very Good (740-799),High (>$95k),0
CUST-1639,Male,34,Bachelor,Employed,Married,1,107800.0,524.0,0,LN-2023-10639,Personal,21400.0,36,19.54,790.29,0.088,1.0,0,Poor,Mortgage,South,Current,No,Poor (<580),High (>$95k),0
CUST-1640,Male,26,PhD,Self-Employed,Married,1,179900.0,696.0,0,LN-2023-10640,Home,76800.0,36,11.28,2524.53,0.168,1.0,0,Good,Own,Central,Fully Paid,No,Good (670-739),High (>$95k),0
CUST-1641,Male,57,Bachelor,Employed,Married,0,60500.0,850.0,1,LN-2023-10641,Business,64800.0,36,11.37,2132.84,0.479,22.0,0,Excellent,Mortgage,West,Current,No,Excellent (800+),Lower-Middle ($40k-$65k),0
CUST-1642,Male,52,Master,Employed,Married,0,74200.0,666.0,4,LN-2023-10642,Personal,20300.0,24,16.98,1003.48,0.288,18.0,0,Fair,Rent,North,Fully Paid,No,Fair (580-669),Upper-Middle ($65k-$95k),0
CUST-1643,Male,23,Bachelor,Employed,Married,0,36200.0,685.0,3,LN-2023-10643,Auto,36900.0,36,13.83,1258.11,0.565,1.0,0,Good,Mortgage,North,Current,No,Good (670-739),Low (<$40k),0
CUST-1644,Male,23,High School,Employed,Divorced,1,107800.0,643.0,2,LN-2023-10644,Personal,3500.0,36,18.04,126.6,0.08,2.0,2,Fair,Rent,North,Current,No,Fair (580-669),High (>$95k),0
CUST-1645,Male,42,Bachelor,Employed,Divorced,0,50500.0,726.0,2,LN-2023-10645,Education,34400.0,24,12.51,1627.53,0.448,6.0,0,Good,Rent,North,Fully Paid,No,Good (670-739),Lower-Middle ($40k-$65k),0
CUST-1646,Female,42,Bachelor,Employed,Married,0,73300.0,700.0,3,LN-2023-10646,Auto,28200.0,36,13.01,950.31,0.207,17.0,0,Good,Mortgage,South,Fully Paid,No,Good (670-739),Upper-Middle ($65k-$95k),0
CUST-1647,Female,30,PhD,Self-Employed,Divorced,3,119700.0,612.0,1,LN-2023-10647,Personal,18000.0,36,17.5,646.24,0.086,2.0,0,Fair,Rent,South,Fully Paid,No,Fair (580-669),High (>$95k),0
CUST-1648,Female,23,Master,Employed,Single,1,42600.0,660.0,0,LN-2023-10648,Education,20000.0,60,14.05,465.88,0.131,0.0,0,Fair,Rent,North,Current,No,Fair (580-669),Lower-Middle ($40k-$65k),0
CUST-1649,Female,32,High School,Self-Employed,Married,0,25800.0,574.0,2,LN-2023-10649,Education,39600.0,24,16.45,1947.46,0.75,3.0,1,Poor,Mortgage,East,Defaulted,Yes,Poor (<580),Low (<$40k),1
CUST-1650,Male,49,High School,Employed,Married,2,49200.0,659.0,3,LN-2023-10650,Business,76100.0,36,16.44,2692.01,0.75,5.0,0,Fair,Mortgage,North,Current,No,Fair (580-669),Lower-Middle ($40k-$65k),0
CUST-1651,Male,37,High School,Unemployed,Divorced,0,18000.0,634.0,0,LN-2023-10651,Personal,12000.0,60,17.19,299.46,0.2,0.0,0,Fair,Mortgage,Central,Fully Paid,No,Fair (580-669),Low (<$40k),0
CUST-1652,Female,27,Master,Self-Employed,Single,2,86000.0,681.0,0,LN-2023-10652,Home,111600.0,24,11.09,5206.1,0.726,3.0,0,Good,Rent,West,Fully Paid,No,Good (670-739),Upper-Middle ($65k-$95k),0
CUST-1653,Female,33,Master,Unemployed,Single,2,44000.0,609.0,0,LN-2023-10653,Business,50600.0,48,17.06,1461.64,0.399,0.0,0,Fair,Rent,North,Defaulted,Yes,Fair (580-669),Lower-Middle ($40k-$65k),1
CUST-1654,Female,22,Master,Employed,Divorced,1,86100.0,651.0,0,LN-2023-10654,Education,35600.0,24,14.08,1710.6,0.238,1.0,1,Fair,Mortgage,South,Current,No,Fair (580-669),Upper-Middle ($65k-$95k),0
CUST-1655,Male,24,Bachelor,Employed,Married,2,88400.0,670.0,0,LN-2023-10655,Education,7000.0,48,13.53,189.64,0.08,1.0,0,Good,Rent,Central,Current,No,Good (670-739),Upper-Middle ($65k-$95k),0
CUST-1656,Male,30,Bachelor,Self-Employed,Married,0,88300.0,676.0,1,LN-2023-10656,Auto,23500.0,36,13.38,796.12,0.134,5.0,0,Good,Rent,North,Fully Paid,No,Good (670-739),Upper-Middle ($65k-$95k),0
CUST-1657,Male,59,Bachelor,Self-Employed,Married,2,62700.0,693.0,3,LN-2023-10657,Auto,26300.0,60,14.12,613.59,0.265,12.0,0,Good,Rent,North,Fully Paid,No,Good (670-739),Lower-Middle ($40k-$65k),0
CUST-1658,Male,44,Bachelor,Unemployed,Married,0,18000.0,655.0,3,LN-2023-10658,Education,31300.0,24,15.82,1529.85,0.75,0.0,0,Fair,Rent,North,Defaulted,Yes,Fair (580-669),Low (<$40k),1
CUST-1659,Female,37,Bachelor,Employed,Married,0,70800.0,603.0,4,LN-2023-10659,Personal,8300.0,48,18.45,245.77,0.205,0.0,0,Fair,Mortgage,West,Current,No,Fair (580-669),Upper-Middle ($65k-$95k),0
CUST-1660,Female,26,High School,Self-Employed,Married,3,58600.0,676.0,0,LN-2023-10660,Auto,20900.0,48,13.1,561.73,0.115,4.0,0,Good,Mortgage,East,Current,No,Good (670-739),Lower-Middle ($40k-$65k),0
CUST-1661,Male,39,High School,Employed,Married,1,48800.0,654.0,0,LN-2023-10661,Education,30600.0,48,14.7,846.97,0.137,13.0,0,Fair,Mortgage,North,Fully Paid,No,Fair (580-669),Lower-Middle ($40k-$65k),0
CUST-1662,Female,25,Master,Employed,Married,3,72700.0,757.0,0,LN-2023-10662,Personal,5200.0,12,12.71,463.74,0.08,0.0,0,Excellent,Mortgage,South,Current,No,Very Good (740-799),Upper-Middle ($65k-$95k),0
CUST-1663,Female,52,Master,Employed,Married,0,68100.0,767.0,3,LN-2023-10663,Personal,8800.0,24,13.82,421.77,0.166,12.0,0,Excellent,Mortgage,North,Fully Paid,No,Very Good (740-799),Upper-Middle ($65k-$95k),0
CUST-1664,Male,30,Bachelor,Employed,Married,1,56700.0,553.0,0,LN-2023-10664,Home,109000.0,36,13.86,3717.95,0.75,5.0,0,Poor,Rent,South,Defaulted,Yes,Poor (<580),Lower-Middle ($40k-$65k),1
CUST-1665,Male,29,Bachelor,Unemployed,Married,0,18000.0,722.0,1,LN-2023-10665,Education,35800.0,36,14.23,1227.56,0.75,0.0,0,Good,Rent,North,Defaulted,Yes,Good (670-739),Low (<$40k),1
CUST-1666,Male,47,Bachelor,Employed,Married,1,120600.0,739.0,0,LN-2023-10666,Education,30800.0,36,12.72,1033.62,0.103,4.0,0,Good,Mortgage,North,Fully Paid,No,Good (670-739),High (>$95k),0
CUST-1667,Male,33,Master,Employed,Single,0,130000.0,555.0,0,LN-2023-10667,Auto,30000.0,12,16.13,2723.77,0.251,6.0,0,Poor,Rent,West,Fully Paid,No,Poor (<580),High (>$95k),0
CUST-1668,Male,39,Master,Employed,Divorced,0,45100.0,719.0,0,LN-2023-10668,Education,9400.0,48,12.93,251.85,0.08,8.0,0,Good,Rent,West,Current,No,Good (670-739),Lower-Middle ($40k-$65k),0
CUST-1669,Male,41,Master,Employed,Married,0,111800.0,746.0,2,LN-2023-10669,Home,115300.0,36,9.68,3703.11,0.433,4.0,0,Excellent,Mortgage,West,Fully Paid,No,Very Good (740-799),High (>$95k),0
CUST-1670,Male,44,Bachelor,Employed,Married,2,27400.0,589.0,0,LN-2023-10670,Education,10200.0,24,16.21,500.45,0.219,3.0,0,Fair,Rent,West,Fully Paid,No,Fair (580-669),Low (<$40k),0
CUST-1671,Male,58,High School,Employed,Single,0,76500.0,649.0,0,LN-2023-10671,Personal,14200.0,24,16.06,695.68,0.109,24.0,0,Fair,Mortgage,South,Fully Paid,No,Fair (580-669),Upper-Middle ($65k-$95k),0
CUST-1672,Female,24,Bachelor,Employed,Married,2,46000.0,685.0,1,LN-2023-10672,Auto,11900.0,12,13.61,1066.28,0.339,1.0,0,Good,Rent,South,Fully Paid,No,Good (670-739),Lower-Middle ($40k-$65k),0
CUST-1673,Male,44,Bachelor,Self-Employed,Single,0,85000.0,718.0,2,LN-2023-10673,Personal,23600.0,36,16.01,829.82,0.188,5.0,0,Good,Rent,East,Fully Paid,No,Good (670-739),Upper-Middle ($65k-$95k),0
CUST-1674,Male,55,Bachelor,Unemployed,Married,0,18000.0,585.0,1,LN-2023-10674,Personal,17600.0,36,18.01,636.37,0.578,0.0,0,Fair,Own,East,Fully Paid,No,Fair (580-669),Low (<$40k),0
CUST-1675,Male,23,Master,Employed,Single,0,45400.0,768.0,4,LN-2023-10675,Personal,29300.0,36,13.68,996.86,0.371,2.0,0,Excellent,Own,Central,Current,No,Very Good (740-799),Lower-Middle ($40k-$65k),0
CUST-1676,Female,24,Bachelor,Employed,Divorced,4,77600.0,497.0,1,LN-2023-10676,Home,56800.0,60,15.31,1360.53,0.229,2.0,0,Poor,Own,Central,Defaulted,Yes,Poor (<580),Upper-Middle ($65k-$95k),1
CUST-1677,Male,57,High School,Employed,Single,0,35800.0,782.0,0,LN-2023-10677,Education,33900.0,24,12.44,1602.77,0.537,9.0,0,Excellent,Mortgage,North,Fully Paid,No,Very Good (740-799),Low (<$40k),0
CUST-1678,Male,60,Bachelor,Self-Employed,Married,0,49500.0,716.0,1,LN-2023-10678,Home,88400.0,48,10.65,2269.75,0.616,29.0,0,Good,Rent,South,Current,No,Good (670-739),Lower-Middle ($40k-$65k),0
CUST-1679,Female,55,PhD,Employed,Divorced,2,173900.0,617.0,1,LN-2023-10679,Personal,13600.0,48,16.8,391.02,0.08,20.0,1,Fair,Rent,North,Defaulted,Yes,Fair (580-669),High (>$95k),1
CUST-1680,Female,51,High School,Employed,Single,0,132800.0,743.0,2,LN-2023-10680,Business,65000.0,12,14.82,5861.27,0.555,9.0,0,Excellent,Rent,East,Fully Paid,No,Very Good (740-799),High (>$95k),0
CUST-1681,Female,64,Bachelor,Employed,Single,2,95800.0,580.0,3,LN-2023-10681,Personal,25900.0,60,17.54,651.23,0.126,16.0,0,Fair,Rent,East,Fully Paid,No,Fair (580-669),High (>$95k),0
CUST-1682,Male,45,Bachelor,Unemployed,Married,0,18000.0,679.0,3,LN-2023-10682,Business,50800.0,60,15.5,1221.9,0.75,0.0,0,Good,Rent,Central,Defaulted,Yes,Good (670-739),Low (<$40k),1
CUST-1683,Male,60,High School,Employed,Single,1,108600.0,690.0,1,LN-2023-10683,Business,36300.0,36,15.58,1268.69,0.153,24.0,0,Good,Mortgage,East,Fully Paid,No,Good (670-739),High (>$95k),0
CUST-1684,Female,33,Bachelor,Employed,Married,0,31100.0,690.0,0,LN-2023-10684,Auto,44800.0,36,12.56,1500.01,0.579,2.0,0,Good,Rent,West,Current,No,Good (670-739),Low (<$40k),0
CUST-1685,Female,24,Bachelor,Unemployed,Married,1,19200.0,598.0,3,LN-2023-10685,Personal,12100.0,48,16.39,345.34,0.605,0.0,0,Fair,Own,South,Defaulted,Yes,Fair (580-669),Low (<$40k),1
CUST-1686,Female,66,Bachelor,Employed,Single,2,64400.0,627.0,1,LN-2023-10686,Auto,47900.0,36,14.82,1656.25,0.334,18.0,0,Fair,Mortgage,West,Fully Paid,No,Fair (580-669),Lower-Middle ($40k-$65k),0
CUST-1687,Female,34,Master,Self-Employed,Married,2,212800.0,680.0,2,LN-2023-10687,Education,32100.0,48,12.31,850.21,0.08,7.0,0,Good,Rent,North,Defaulted,Yes,Good (670-739),High (>$95k),1
CUST-1688,Male,33,Bachelor,Employed,Single,1,94800.0,608.0,5,LN-2023-10688,Home,103500.0,12,12.28,9209.41,0.75,6.0,1,Fair,Rent,North,Defaulted,Yes,Fair (580-669),Upper-Middle ($65k-$95k),1
CUST-1689,Female,47,High School,Unemployed,Single,3,18000.0,693.0,1,LN-2023-10689,Personal,3400.0,24,16.1,166.64,0.291,0.0,0,Good,Rent,South,Fully Paid,No,Good (670-739),Low (<$40k),0
CUST-1690,Male,26,Master,Employed,Married,0,50900.0,617.0,1,LN-2023-10690,Education,21300.0,12,15.52,1927.73,0.483,3.0,0,Fair,Own,Central,Current,No,Fair (580-669),Lower-Middle ($40k-$65k),0
CUST-1691,Male,37,Bachelor,Self-Employed,Single,0,113500.0,755.0,2,LN-2023-10691,Auto,29100.0,36,11.58,960.71,0.158,8.0,0,Excellent,Rent,Central,Fully Paid,No,Very Good (740-799),High (>$95k),0
CUST-1692,Male,56,Bachelor,Employed,Divorced,1,49500.0,802.0,0,LN-2023-10692,Personal,13900.0,48,12.53,369.67,0.09,6.0,0,Excellent,Rent,East,Current,No,Excellent (800+),Lower-Middle ($40k-$65k),0
CUST-1693,Male,60,Master,Self-Employed,Married,1,98700.0,644.0,1,LN-2023-10693,Business,30500.0,36,16.13,1074.25,0.161,14.0,1,Fair,Mortgage,North,Fully Paid,No,Fair (580-669),High (>$95k),0
CUST-1694,Male,55,Bachelor,Employed,Single,0,33900.0,748.0,1,LN-2023-10694,Business,45700.0,36,14.55,1574.15,0.653,16.0,0,Excellent,Rent,West,Current,No,Very Good (740-799),Low (<$40k),0
CUST-1695,Male,37,Bachelor,Employed,Married,1,81200.0,651.0,0,LN-2023-10695,Home,51400.0,36,11.89,1704.52,0.252,11.0,0,Fair,Rent,North,Fully Paid,No,Fair (580-669),Upper-Middle ($65k-$95k),0
CUST-1696,Female,61,High School,Self-Employed,Married,0,70300.0,590.0,2,LN-2023-10696,Personal,11400.0,12,16.96,1039.52,0.259,22.0,2,Fair,Rent,South,Current,No,Fair (580-669),Upper-Middle ($65k-$95k),0
CUST-1697,Male,22,Bachelor,Employed,Married,2,36000.0,633.0,1,LN-2023-10697,Auto,13200.0,48,13.76,359.12,0.169,1.0,0,Fair,Mortgage,South,Fully Paid,No,Fair (580-669),Low (<$40k),0
CUST-1698,Female,33,High School,Employed,Married,2,78100.0,677.0,2,LN-2023-10698,Home,109000.0,36,11.1,3573.68,0.601,10.0,1,Good,Rent,Central,Fully Paid,No,Good (670-739),Upper-Middle ($65k-$95k),0
CUST-1699,Male,22,Master,Employed,Married,1,99900.0,518.0,3,LN-2023-10699,Personal,22500.0,60,19.66,591.86,0.143,0.0,3,Poor,Own,West,Defaulted,Yes,Poor (<580),High (>$95k),1
CUST-1700,Male,48,High School,Self-Employed,Divorced,0,78800.0,723.0,0,LN-2023-10700,Education,38000.0,36,12.97,1279.82,0.195,5.0,0,Good,Rent,North,Defaulted,Yes,Good (670-739),Upper-Middle ($65k-$95k),1
CUST-1701,Female,63,Bachelor,Employed,Single,1,53000.0,677.0,2,LN-2023-10701,Business,46600.0,36,14.83,1611.53,0.461,12.0,0,Good,Rent,Central,Fully Paid,No,Good (670-739),Lower-Middle ($40k-$65k),0
CUST-1702,Male,46,PhD,Self-Employed,Married,2,115700.0,755.0,1,LN-2023-10702,Home,111800.0,60,10.63,2410.22,0.261,5.0,0,Excellent,Rent,South,Current,No,Very Good (740-799),High (>$95k),0
CUST-1703,Male,42,Bachelor,Employed,Married,0,64700.0,721.0,2,LN-2023-10703,Auto,32300.0,24,11.92,1519.27,0.339,11.0,0,Good,Rent,West,Fully Paid,No,Good (670-739),Lower-Middle ($40k-$65k),0
CUST-1704,Male,67,Bachelor,Employed,Single,1,58800.0,680.0,3,LN-2023-10704,Personal,21700.0,24,16.15,1064.06,0.374,2.0,0,Good,Rent,West,Current,No,Good (670-739),Lower-Middle ($40k-$65k),0
CUST-1705,Male,63,Bachelor,Employed,Married,3,67900.0,639.0,0,LN-2023-10705,Home,91500.0,36,11.58,3020.79,0.534,6.0,1,Fair,Mortgage,Central,Defaulted,Yes,Fair (580-669),Upper-Middle ($65k-$95k),1
CUST-1706,Female,23,Bachelor,Employed,Married,0,110700.0,799.0,2,LN-2023-10706,Personal,25600.0,36,14.96,886.93,0.132,1.0,0,Excellent,Mortgage,South,Fully Paid,No,Very Good (740-799),High (>$95k),0
CUST-1707,Male,55,Bachelor,Employed,Married,0,102000.0,850.0,1,LN-2023-10707,Personal,4200.0,36,13.03,141.58,0.08,20.0,0,Excellent,Mortgage,Central,Fully Paid,No,Excellent (800+),High (>$95k),0
CUST-1708,Female,32,Bachelor,Employed,Married,0,36900.0,641.0,2,LN-2023-10708,Auto,13100.0,24,13.66,626.87,0.287,8.0,0,Fair,Mortgage,South,Current,No,Fair (580-669),Low (<$40k),0
CUST-1709,Male,44,PhD,Employed,Married,1,144600.0,758.0,2,LN-2023-10709,Education,9300.0,60,12.19,207.77,0.08,16.0,0,Excellent,Rent,Central,Fully Paid,No,Very Good (740-799),High (>$95k),0
CUST-1710,Female,25,Master,Unemployed,Single,3,46600.0,609.0,2,LN-2023-10710,Home,69500.0,48,12.18,1836.35,0.6,0.0,0,Fair,Own,South,Defaulted,Yes,Fair (580-669),Lower-Middle ($40k-$65k),1
CUST-1711,Female,40,Master,Employed,Single,1,72700.0,620.0,1,LN-2023-10711,Home,95200.0,24,12.41,4499.64,0.75,3.0,0,Fair,Own,West,Current,No,Fair (580-669),Upper-Middle ($65k-$95k),0
CUST-1712,Female,59,Master,Employed,Married,0,97800.0,637.0,2,LN-2023-10712,Personal,21700.0,24,17.08,1073.73,0.182,18.0,0,Fair,Own,Central,Fully Paid,No,Fair (580-669),High (>$95k),0
CUST-1713,Male,59,Bachelor,Employed,Married,1,78500.0,728.0,2,LN-2023-10713,Auto,37100.0,60,12.88,841.86,0.197,1.0,0,Good,Mortgage,North,Current,No,Good (670-739),Upper-Middle ($65k-$95k),0
CUST-1714,Male,33,Bachelor,Employed,Married,1,42900.0,578.0,1,LN-2023-10714,Home,68900.0,36,12.72,2312.23,0.702,3.0,0,Poor,Own,East,Current,No,Poor (<580),Lower-Middle ($40k-$65k),0
CUST-1715,Male,61,Master,Employed,Divorced,1,65500.0,801.0,1,LN-2023-10715,Personal,21900.0,36,12.65,734.21,0.154,28.0,0,Excellent,Mortgage,Central,Current,No,Excellent (800+),Upper-Middle ($65k-$95k),0
CUST-1716,Female,65,Bachelor,Employed,Single,0,88100.0,749.0,1,LN-2023-10716,Personal,6400.0,24,14.98,310.25,0.08,17.0,0,Excellent,Mortgage,Central,Fully Paid,No,Very Good (740-799),Upper-Middle ($65k-$95k),0
CUST-1717,Female,32,PhD,Self-Employed,Single,1,85400.0,726.0,0,LN-2023-10717,Personal,3300.0,24,15.75,161.18,0.08,1.0,0,Good,Mortgage,North,Defaulted,Yes,Good (670-739),Upper-Middle ($65k-$95k),1
CUST-1718,Female,33,Bachelor,Employed,Divorced,1,97500.0,645.0,0,LN-2023-10718,Home,104000.0,36,11.57,3432.97,0.423,5.0,0,Fair,Mortgage,North,Defaulted,Yes,Fair (580-669),High (>$95k),1
CUST-1719,Male,30,Bachelor,Employed,Married,0,113100.0,740.0,0,LN-2023-10719,Personal,23800.0,36,15.19,827.25,0.088,2.0,0,Excellent,Rent,South,Fully Paid,No,Very Good (740-799),High (>$95k),0
CUST-1720,Female,53,Bachelor,Employed,Divorced,1,105200.0,422.0,3,LN-2023-10720,Education,27200.0,24,18.65,1366.49,0.252,11.0,1,Poor,Own,West,Defaulted,Yes,Poor (<580),High (>$95k),1
CUST-1721,Female,60,PhD,Employed,Married,4,220000.0,707.0,3,LN-2023-10721,Business,38100.0,60,14.84,903.2,0.08,16.0,0,Good,Rent,West,Fully Paid,No,Good (670-739),High (>$95k),0
CUST-1722,Male,36,High School,Employed,Married,0,47100.0,683.0,3,LN-2023-10722,Personal,29900.0,24,14.97,1449.32,0.573,5.0,0,Good,Mortgage,East,Fully Paid,No,Good (670-739),Lower-Middle ($40k-$65k),0
CUST-1723,Male,65,Master,Employed,Single,3,84300.0,509.0,2,LN-2023-10723,Home,119400.0,48,14.82,3312.11,0.535,35.0,0,Poor,Rent,East,Fully Paid,No,Poor (<580),Upper-Middle ($65k-$95k),0
CUST-1724,Female,55,Bachelor,Employed,Married,0,72600.0,704.0,0,LN-2023-10724,Home,88800.0,36,12.15,2955.8,0.489,16.0,0,Good,Rent,North,Current,No,Good (670-739),Upper-Middle ($65k-$95k),0
CUST-1725,Female,23,Bachelor,Employed,Single,2,61200.0,720.0,1,LN-2023-10725,Business,89200.0,48,14.72,2469.86,0.516,2.0,0,Good,Own,South,Defaulted,Yes,Good (670-739),Lower-Middle ($40k-$65k),1
CUST-1726,Female,25,Master,Self-Employed,Married,0,114200.0,512.0,3,LN-2023-10726,Personal,11700.0,60,19.34,305.7,0.099,3.0,0,Poor,Mortgage,East,Fully Paid,No,Poor (<580),High (>$95k),0
CUST-1727,Male,46,Bachelor,Employed,Single,0,29100.0,569.0,2,LN-2023-10727,Auto,28700.0,24,15.39,1396.89,0.75,14.0,2,Poor,Own,West,Fully Paid,No,Poor (<580),Low (<$40k),0
CUST-1728,Female,31,Bachelor,Employed,Married,1,68900.0,845.0,0,LN-2023-10728,Home,123900.0,36,7.5,3854.06,0.671,4.0,0,Excellent,Mortgage,North,Fully Paid,No,Excellent (800+),Upper-Middle ($65k-$95k),0
CUST-1729,Male,27,Bachelor,Employed,Married,1,33800.0,654.0,1,LN-2023-10729,Home,84300.0,24,11.35,3942.75,0.75,0.0,0,Fair,Mortgage,West,Current,No,Fair (580-669),Low (<$40k),0
CUST-1730,Male,30,Bachelor,Employed,Divorced,2,40800.0,752.0,0,LN-2023-10730,Personal,16700.0,48,14.35,459.29,0.135,5.0,0,Excellent,Mortgage,Central,Current,No,Very Good (740-799),Lower-Middle ($40k-$65k),0
CUST-1731,Male,62,Bachelor,Employed,Divorced,1,87400.0,765.0,1,LN-2023-10731,Personal,5300.0,48,13.95,144.7,0.08,13.0,1,Good,Rent,West,Current,No,Very Good (740-799),Upper-Middle ($65k-$95k),0
CUST-1732,Female,54,Bachelor,Employed,Divorced,1,57500.0,703.0,1,LN-2023-10732,Personal,9100.0,36,15.01,315.5,0.12,3.0,0,Good,Rent,East,Fully Paid,No,Good (670-739),Lower-Middle ($40k-$65k),0
CUST-1733,Female,23,High School,Self-Employed,Single,3,77300.0,756.0,3,LN-2023-10733,Personal,7600.0,36,13.79,258.98,0.167,1.0,0,Excellent,Own,North,Current,No,Very Good (740-799),Upper-Middle ($65k-$95k),0
CUST-1734,Male,28,PhD,Employed,Single,1,84000.0,490.0,2,LN-2023-10734,Personal,19400.0,24,20.15,988.8,0.201,5.0,1,Poor,Rent,West,Defaulted,Yes,Poor (<580),Upper-Middle ($65k-$95k),1
CUST-1735,Male,51,Bachelor,Employed,Single,0,103400.0,650.0,1,LN-2023-10735,Auto,22100.0,24,13.49,1055.77,0.137,25.0,0,Fair,Own,West,Fully Paid,No,Fair (580-669),High (>$95k),0
CUST-1736,Female,31,Master,Employed,Married,0,69900.0,408.0,1,LN-2023-10736,Auto,12900.0,36,19.16,473.91,0.127,3.0,0,Poor,Mortgage,East,Current,No,Poor (<580),Upper-Middle ($65k-$95k),0
CUST-1737,Male,65,Bachelor,Employed,Married,0,26100.0,521.0,2,LN-2023-10737,Auto,29400.0,24,16.52,1446.83,0.75,20.0,2,Poor,Mortgage,West,Defaulted,Yes,Poor (<580),Low (<$40k),1
CUST-1738,Female,27,Bachelor,Employed,Married,2,69600.0,623.0,1,LN-2023-10738,Personal,22400.0,24,15.55,1091.96,0.206,5.0,0,Fair,Rent,West,Defaulted,Yes,Fair (580-669),Upper-Middle ($65k-$95k),1
CUST-1739,Male,65,Bachelor,Employed,Divorced,0,23700.0,613.0,2,LN-2023-10739,Personal,24400.0,60,17.92,618.54,0.52,13.0,0,Fair,Rent,East,Fully Paid,No,Fair (580-669),Low (<$40k),0
CUST-1740,Male,22,Bachelor,Employed,Married,0,32700.0,673.0,0,LN-2023-10740,Education,34500.0,36,12.71,1157.63,0.425,0.0,0,Good,Rent,North,Fully Paid,No,Good (670-739),Low (<$40k),0
CUST-1741,Male,26,Bachelor,Employed,Divorced,0,42300.0,668.0,1,LN-2023-10741,Personal,17000.0,24,14.87,823.22,0.269,1.0,0,Fair,Rent,East,Current,No,Fair (580-669),Lower-Middle ($40k-$65k),0
CUST-1742,Male,61,Bachelor,Employed,Single,1,39900.0,681.0,0,LN-2023-10742,Business,47300.0,36,16.24,1668.54,0.502,31.0,0,Good,Mortgage,North,Fully Paid,No,Good (670-739),Low (<$40k),0
CUST-1743,Female,52,Bachelor,Self-Employed,Single,0,56600.0,684.0,3,LN-2023-10743,Education,29300.0,60,12.98,666.37,0.25,4.0,0,Good,Rent,North,Current,No,Good (670-739),Lower-Middle ($40k-$65k),0
CUST-1744,Male,40,High School,Employed,Married,0,30700.0,698.0,0,LN-2023-10744,Personal,3400.0,48,13.99,92.89,0.08,5.0,0,Good,Mortgage,North,Current,No,Good (670-739),Low (<$40k),0
CUST-1745,Male,54,Bachelor,Employed,Married,1,33400.0,588.0,0,LN-2023-10745,Education,27500.0,24,16.8,1357.02,0.488,13.0,0,Fair,Mortgage,South,Defaulted,Yes,Fair (580-669),Low (<$40k),1
CUST-1746,Female,36,High School,Self-Employed,Divorced,2,113000.0,608.0,1,LN-2023-10746,Auto,25400.0,48,14.48,700.22,0.098,11.0,0,Fair,Own,East,Fully Paid,No,Fair (580-669),High (>$95k),0
CUST-1747,Male,45,High School,Self-Employed,Married,0,41600.0,666.0,2,LN-2023-10747,Auto,27200.0,48,14.5,750.12,0.374,19.0,0,Fair,Own,East,Current,No,Fair (580-669),Lower-Middle ($40k-$65k),0
CUST-1748,Female,32,Master,Self-Employed,Married,1,90900.0,668.0,2,LN-2023-10748,Education,16100.0,60,13.46,370.13,0.293,4.0,0,Fair,Mortgage,West,Fully Paid,No,Fair (580-669),Upper-Middle ($65k-$95k),0
CUST-1749,Female,27,Bachelor,Employed,Married,0,53400.0,578.0,0,LN-2023-10749,Home,55800.0,60,12.43,1253.4,0.282,5.0,0,Poor,Own,West,Current,No,Poor (<580),Lower-Middle ($40k-$65k),0
CUST-1750,Female,59,Bachelor,Self-Employed,Married,3,43600.0,761.0,0,LN-2023-10750,Auto,25300.0,12,11.33,2239.95,0.616,5.0,0,Excellent,Mortgage,West,Fully Paid,No,Very Good (740-799),Lower-Middle ($40k-$65k),0
CUST-1751,Male,37,Bachelor,Employed,Married,0,42200.0,731.0,2,LN-2023-10751,Auto,21700.0,36,11.37,714.24,0.333,2.0,0,Good,Rent,East,Fully Paid,No,Good (670-739),Lower-Middle ($40k-$65k),0
CUST-1752,Female,65,Master,Employed,Single,4,107200.0,596.0,2,LN-2023-10752,Education,38600.0,48,15.97,1093.34,0.171,36.0,0,Fair,Own,West,Defaulted,Yes,Fair (580-669),High (>$95k),1
CUST-1753,Female,31,Bachelor,Employed,Married,4,51400.0,652.0,3,LN-2023-10753,Auto,45900.0,60,14.43,1078.27,0.324,5.0,0,Fair,Mortgage,Central,Defaulted,Yes,Fair (580-669),Lower-Middle ($40k-$65k),1
CUST-1754,Male,26,Master,Self-Employed,Single,2,53300.0,840.0,2,LN-2023-10754,Personal,21700.0,12,12.97,1937.88,0.523,1.0,0,Excellent,Mortgage,West,Current,No,Excellent (800+),Lower-Middle ($40k-$65k),0
CUST-1755,Male,43,Bachelor,Employed,Married,0,76800.0,683.0,2,LN-2023-10755,Personal,29200.0,36,15.56,1020.25,0.217,9.0,0,Good,Mortgage,West,Fully Paid,No,Good (670-739),Upper-Middle ($65k-$95k),0
CUST-1756,Female,47,PhD,Employed,Single,1,155700.0,703.0,1,LN-2023-10756,Business,72600.0,36,16.1,2555.99,0.212,18.0,0,Good,Rent,South,Fully Paid,No,Good (670-739),High (>$95k),0
CUST-1757,Female,66,Master,Employed,Single,0,99100.0,618.0,1,LN-2023-10757,Personal,13000.0,36,16.55,460.58,0.08,32.0,1,Fair,Rent,East,Current,No,Fair (580-669),High (>$95k),0
CUST-1758,Female,26,Master,Employed,Married,3,25800.0,643.0,2,LN-2023-10758,Home,96300.0,36,12.25,3210.05,0.75,4.0,0,Fair,Rent,South,Defaulted,Yes,Fair (580-669),Low (<$40k),1
CUST-1759,Female,58,High School,Self-Employed,Married,2,34200.0,798.0,0,LN-2023-10759,Home,63700.0,36,8.65,2015.28,0.707,18.0,0,Excellent,Mortgage,South,Fully Paid,No,Very Good (740-799),Low (<$40k),0
CUST-1760,Female,22,Bachelor,Employed,Married,4,64200.0,679.0,1,LN-2023-10760,Personal,22900.0,60,17.24,572.08,0.13,1.0,0,Good,Mortgage,South,Fully Paid,No,Good (670-739),Lower-Middle ($40k-$65k),0
CUST-1761,Male,42,Bachelor,Employed,Single,1,56300.0,663.0,2,LN-2023-10761,Personal,4300.0,48,17.06,124.21,0.11,9.0,0,Fair,Rent,East,Fully Paid,No,Fair (580-669),Lower-Middle ($40k-$65k),0
CUST-1762,Male,40,Bachelor,Self-Employed,Single,1,62400.0,670.0,1,LN-2023-10762,Personal,27100.0,48,16.08,769.13,0.2,10.0,0,Good,Rent,East,Fully Paid,No,Good (670-739),Lower-Middle ($40k-$65k),0
CUST-1763,Male,45,Master,Employed,Divorced,1,50000.0,850.0,2,LN-2023-10763,Home,94600.0,36,7.74,2953.09,0.75,16.0,0,Excellent,Mortgage,West,Current,No,Excellent (800+),Lower-Middle ($40k-$65k),0
CUST-1764,Female,35,High School,Employed,Married,0,26100.0,673.0,1,LN-2023-10764,Education,8000.0,60,15.07,190.61,0.2,5.0,0,Good,Mortgage,East,Current,No,Good (670-739),Low (<$40k),0
CUST-1765,Male,49,High School,Self-Employed,Married,1,139400.0,599.0,0,LN-2023-10765,Home,119100.0,12,12.6,10615.35,0.75,2.0,0,Fair,Mortgage,Central,Fully Paid,No,Fair (580-669),High (>$95k),0
CUST-1766,Female,28,Bachelor,Unemployed,Married,1,22300.0,614.0,0,LN-2023-10766,Auto,43400.0,24,13.37,2070.87,0.75,0.0,0,Fair,Rent,East,Defaulted,Yes,Fair (580-669),Low (<$40k),1
CUST-1767,Female,57,High School,Self-Employed,Married,3,75400.0,736.0,4,LN-2023-10767,Home,117500.0,60,9.43,2463.7,0.493,11.0,0,Good,Rent,South,Current,No,Good (670-739),Upper-Middle ($65k-$95k),0
CUST-1768,Female,53,High School,Employed,Single,1,49200.0,548.0,4,LN-2023-10768,Education,32300.0,36,16.45,1142.76,0.38,17.0,1,Poor,Rent,East,Defaulted,Yes,Poor (<580),Lower-Middle ($40k-$65k),1
CUST-1769,Male,42,Master,Employed,Married,2,79500.0,708.0,0,LN-2023-10769,Auto,35800.0,24,13.68,1713.45,0.259,4.0,0,Good,Mortgage,West,Fully Paid,No,Good (670-739),Upper-Middle ($65k-$95k),0
CUST-1770,Female,67,Bachelor,Employed,Single,2,61100.0,608.0,0,LN-2023-10770,Personal,14500.0,60,18.15,369.39,0.08,6.0,0,Fair,Rent,West,Fully Paid,No,Fair (580-669),Lower-Middle ($40k-$65k),0
CUST-1771,Male,25,High School,Employed,Single,1,29700.0,512.0,0,LN-2023-10771,Home,56600.0,60,15.01,1346.81,0.544,1.0,0,Poor,Rent,Central,Defaulted,Yes,Poor (<580),Low (<$40k),1
CUST-1772,Female,59,Bachelor,Employed,Single,0,31800.0,586.0,0,LN-2023-10772,Education,15800.0,60,16.23,386.16,0.146,1.0,0,Fair,Own,Central,Fully Paid,No,Fair (580-669),Low (<$40k),0
CUST-1773,Male,38,Bachelor,Employed,Married,1,74800.0,672.0,1,LN-2023-10773,Auto,23200.0,24,13.02,1103.19,0.208,11.0,0,Good,Rent,South,Current,No,Good (670-739),Upper-Middle ($65k-$95k),0
CUST-1774,Male,58,High School,Self-Employed,Divorced,1,61400.0,788.0,0,LN-2023-10774,Business,45100.0,24,14.73,2180.97,0.426,8.0,0,Excellent,Rent,North,Fully Paid,No,Very Good (740-799),Lower-Middle ($40k-$65k),0
CUST-1775,Female,57,Bachelor,Employed,Divorced,0,95900.0,747.0,2,LN-2023-10775,Personal,19400.0,36,15.22,674.6,0.149,4.0,0,Excellent,Rent,East,Fully Paid,No,Very Good (740-799),High (>$95k),0
CUST-1776,Male,50,Bachelor,Employed,Divorced,0,87500.0,645.0,2,LN-2023-10776,Business,34600.0,36,16.45,1224.13,0.236,17.0,0,Fair,Own,North,Current,No,Fair (580-669),Upper-Middle ($65k-$95k),0
CUST-1777,Male,51,Bachelor,Employed,Single,4,43700.0,752.0,0,LN-2023-10777,Personal,8500.0,60,14.2,198.66,0.08,22.0,0,Excellent,Mortgage,Central,Current,No,Very Good (740-799),Lower-Middle ($40k-$65k),0
CUST-1778,Female,30,Bachelor,Employed,Single,0,104700.0,639.0,2,LN-2023-10778,Personal,23800.0,60,17.23,594.44,0.118,0.0,0,Fair,Own,West,Fully Paid,No,Fair (580-669),High (>$95k),0
CUST-1779,Female,35,High School,Unemployed,Single,2,24200.0,545.0,1,LN-2023-10779,Home,45600.0,60,14.27,1067.43,0.64,0.0,1,Poor,Mortgage,West,Defaulted,Yes,Poor (<580),Low (<$40k),1
CUST-1780,Female,62,PhD,Employed,Married,2,126600.0,671.0,0,LN-2023-10780,Personal,7300.0,12,14.76,658.06,0.08,8.0,0,Good,Rent,Central,Fully Paid,No,Good (670-739),High (>$95k),0
CUST-1781,Female,64,Master,Employed,Single,1,214200.0,541.0,2,LN-2023-10781,Auto,26500.0,48,17.47,771.12,0.08,35.0,0,Poor,Rent,Central,Current,No,Poor (<580),High (>$95k),0
CUST-1782,Female,38,Master,Employed,Single,1,195300.0,737.0,0,LN-2023-10782,Business,30400.0,60,15.2,726.41,0.08,6.0,0,Good,Mortgage,Central,Fully Paid,No,Good (670-739),High (>$95k),0
CUST-1783,Male,43,High School,Employed,Divorced,2,67000.0,738.0,0,LN-2023-10783,Business,87200.0,36,14.62,3006.62,0.538,18.0,0,Good,Own,West,Current,No,Good (670-739),Upper-Middle ($65k-$95k),0
CUST-1784,Male,53,Master,Employed,Single,1,100400.0,595.0,0,LN-2023-10784,Auto,35500.0,24,14.92,1719.93,0.206,8.0,0,Fair,Own,South,Fully Paid,No,Fair (580-669),High (>$95k),0
CUST-1785,Male,36,Master,Self-Employed,Married,0,145600.0,682.0,3,LN-2023-10785,Home,81800.0,48,11.3,2126.1,0.24,3.0,0,Good,Mortgage,North,Fully Paid,No,Good (670-739),High (>$95k),0
CUST-1786,Female,58,Master,Employed,Single,3,59800.0,681.0,2,LN-2023-10786,Business,27900.0,12,13.77,2502.04,0.593,7.0,0,Good,Mortgage,North,Fully Paid,No,Good (670-739),Lower-Middle ($40k-$65k),0
CUST-1787,Female,55,High School,Employed,Divorced,1,38000.0,744.0,1,LN-2023-10787,Auto,24600.0,60,11.16,536.83,0.214,2.0,0,Excellent,Mortgage,West,Fully Paid,No,Very Good (740-799),Low (<$40k),0
CUST-1788,Male,54,Master,Employed,Married,1,105400.0,564.0,3,LN-2023-10788,Business,65500.0,24,19.43,3315.46,0.429,25.0,0,Poor,Mortgage,North,Current,No,Poor (<580),High (>$95k),0
CUST-1789,Male,48,PhD,Self-Employed,Married,1,72600.0,720.0,0,LN-2023-10789,Business,87800.0,36,15.12,3048.78,0.504,23.0,0,Good,Rent,South,Current,No,Good (670-739),Upper-Middle ($65k-$95k),0
CUST-1790,Female,22,Bachelor,Self-Employed,Single,0,94400.0,558.0,3,LN-2023-10790,Personal,16700.0,60,17.16,416.48,0.148,1.0,0,Poor,Rent,East,Fully Paid,No,Poor (<580),Upper-Middle ($65k-$95k),0
CUST-1791,Male,50,Bachelor,Employed,Married,3,67500.0,736.0,2,LN-2023-10791,Personal,23100.0,60,14.03,537.86,0.185,21.0,0,Good,Mortgage,North,Fully Paid,No,Good (670-739),Upper-Middle ($65k-$95k),0
CUST-1792,Female,33,PhD,Employed,Married,2,63100.0,760.0,1,LN-2023-10792,Home,61600.0,48,8.23,1510.5,0.327,9.0,0,Excellent,Mortgage,Central,Fully Paid,No,Very Good (740-799),Lower-Middle ($40k-$65k),0
CUST-1793,Male,61,Bachelor,Self-Employed,Married,0,73100.0,613.0,2,LN-2023-10793,Education,27200.0,48,14.77,753.83,0.166,23.0,0,Fair,Rent,West,Fully Paid,No,Fair (580-669),Upper-Middle ($65k-$95k),0
CUST-1794,Female,36,Bachelor,Self-Employed,Single,4,130100.0,773.0,2,LN-2023-10794,Education,14100.0,60,11.68,311.37,0.08,11.0,0,Excellent,Rent,East,Current,No,Very Good (740-799),High (>$95k),0
CUST-1795,Male,25,Bachelor,Self-Employed,Married,2,75000.0,536.0,3,LN-2023-10795,Auto,17500.0,60,17.63,440.87,0.187,1.0,1,Poor,Mortgage,Central,Fully Paid,No,Poor (<580),Upper-Middle ($65k-$95k),0
CUST-1796,Female,48,Master,Self-Employed,Married,1,93100.0,763.0,3,LN-2023-10796,Personal,17800.0,36,14.56,613.21,0.176,9.0,0,Excellent,Rent,East,Current,No,Very Good (740-799),Upper-Middle ($65k-$95k),0
CUST-1797,Female,59,High School,Employed,Single,1,56900.0,792.0,0,LN-2023-10797,Personal,9100.0,48,13.16,244.85,0.08,21.0,0,Excellent,Rent,Central,Current,No,Very Good (740-799),Lower-Middle ($40k-$65k),0
CUST-1798,Female,65,Bachelor,Employed,Divorced,0,77300.0,699.0,0,LN-2023-10798,Business,70500.0,36,15.04,2445.29,0.38,33.0,0,Good,Own,West,Current,No,Good (670-739),Upper-Middle ($65k-$95k),0
CUST-1799,Female,40,Bachelor,Self-Employed,Divorced,1,62300.0,653.0,0,LN-2023-10799,Home,124700.0,36,11.37,4104.4,0.75,11.0,1,Fair,Own,North,Defaulted,Yes,Fair (580-669),Lower-Middle ($40k-$65k),1
CUST-1800,Female,44,Master,Unemployed,Married,0,31900.0,696.0,0,LN-2023-10800,Auto,25000.0,60,13.75,578.47,0.218,0.0,0,Good,Rent,West,Fully Paid,No,Good (670-739),Low (<$40k),0
CUST-1801,Female,47,Bachelor,Employed,Divorced,1,39200.0,618.0,1,LN-2023-10801,Business,42600.0,48,17.85,1248.04,0.452,19.0,3,Fair,Mortgage,West,Defaulted,Yes,Fair (580-669),Low (<$40k),1
CUST-1802,Male,50,Master,Employed,Married,1,54300.0,850.0,0,LN-2023-10802,Education,12000.0,48,9.16,299.53,0.08,12.0,0,Excellent,Mortgage,South,Fully Paid,No,Excellent (800+),Lower-Middle ($40k-$65k),0
CUST-1803,Female,65,PhD,Unemployed,Single,2,24000.0,620.0,1,LN-2023-10803,Auto,24800.0,12,13.46,2220.42,0.75,0.0,0,Fair,Mortgage,East,Fully Paid,No,Fair (580-669),Low (<$40k),0
CUST-1804,Female,47,High School,Employed,Single,2,60700.0,781.0,2,LN-2023-10804,Home,92600.0,36,8.9,2940.35,0.655,16.0,0,Excellent,Rent,North,Defaulted,Yes,Very Good (740-799),Lower-Middle ($40k-$65k),1
CUST-1805,Male,46,Bachelor,Self-Employed,Married,0,77700.0,606.0,3,LN-2023-10805,Auto,24200.0,36,14.83,836.89,0.25,21.0,0,Fair,Mortgage,West,Current,No,Fair (580-669),Upper-Middle ($65k-$95k),0
CUST-1806,Female,27,High School,Employed,Married,3,46200.0,805.0,0,LN-2023-10806,Home,98000.0,36,8.77,3105.89,0.75,1.0,0,Excellent,Mortgage,West,Fully Paid,No,Excellent (800+),Lower-Middle ($40k-$65k),0
CUST-1807,Female,62,Bachelor,Employed,Married,1,85800.0,841.0,0,LN-2023-10807,Auto,35200.0,36,8.63,1113.3,0.156,33.0,0,Excellent,Rent,Central,Fully Paid,No,Excellent (800+),Upper-Middle ($65k-$95k),0
CUST-1808,Female,67,Bachelor,Employed,Divorced,1,74600.0,702.0,0,LN-2023-10808,Personal,5800.0,48,14.86,161.01,0.08,21.0,0,Good,Mortgage,West,Fully Paid,No,Good (670-739),Upper-Middle ($65k-$95k),0
CUST-1809,Male,58,Master,Employed,Married,0,68300.0,694.0,3,LN-2023-10809,Education,29700.0,12,13.47,2659.28,0.554,20.0,0,Good,Rent,South,Fully Paid,No,Good (670-739),Upper-Middle ($65k-$95k),0
CUST-1810,Male,25,Master,Employed,Single,2,48900.0,588.0,1,LN-2023-10810,Business,83000.0,24,17.12,4108.5,0.75,3.0,0,Fair,Mortgage,North,Fully Paid,No,Fair (580-669),Lower-Middle ($40k-$65k),0
CUST-1811,Female,43,High School,Employed,Married,3,34000.0,578.0,5,LN-2023-10811,Business,21800.0,60,18.48,559.28,0.527,8.0,0,Poor,Mortgage,West,Fully Paid,No,Poor (<580),Low (<$40k),0
CUST-1812,Female,48,High School,Self-Employed,Married,2,29200.0,695.0,3,LN-2023-10812,Home,91900.0,60,12.32,2059.16,0.75,10.0,0,Good,Rent,South,Defaulted,Yes,Good (670-739),Low (<$40k),1
CUST-1813,Male,54,Bachelor,Unemployed,Divorced,3,23400.0,793.0,3,LN-2023-10813,Home,96300.0,12,8.48,8398.37,0.75,0.0,0,Excellent,Rent,Central,Fully Paid,No,Very Good (740-799),Low (<$40k),0
CUST-1814,Female,35,Bachelor,Employed,Single,0,42700.0,623.0,0,LN-2023-10814,Personal,23600.0,36,17.72,849.89,0.239,6.0,0,Fair,Mortgage,South,Current,No,Fair (580-669),Lower-Middle ($40k-$65k),0
CUST-1815,Female,52,Bachelor,Employed,Divorced,2,50300.0,850.0,1,LN-2023-10815,Home,77800.0,12,7.35,6744.34,0.75,1.0,0,Excellent,Mortgage,North,Fully Paid,No,Excellent (800+),Lower-Middle ($40k-$65k),0
CUST-1816,Male,46,Master,Employed,Married,1,73500.0,618.0,5,LN-2023-10816,Home,114600.0,48,12.05,3020.67,0.592,11.0,1,Fair,Rent,East,Current,No,Fair (580-669),Upper-Middle ($65k-$95k),0
CUST-1817,Female,51,Master,Employed,Married,0,124500.0,689.0,0,LN-2023-10817,Auto,30500.0,48,12.64,812.8,0.08,8.0,0,Good,Mortgage,Central,Fully Paid,No,Good (670-739),High (>$95k),0
CUST-1818,Male,39,Bachelor,Employed,Married,1,95500.0,689.0,1,LN-2023-10818,Personal,14900.0,36,16.18,525.16,0.084,15.0,0,Good,Mortgage,North,Fully Paid,No,Good (670-739),High (>$95k),0
CUST-1819,Male,29,Master,Employed,Married,2,75900.0,661.0,1,LN-2023-10819,Home,106100.0,48,11.31,2758.21,0.453,1.0,0,Fair,Mortgage,North,Fully Paid,No,Fair (580-669),Upper-Middle ($65k-$95k),0
CUST-1820,Male,49,Bachelor,Employed,Married,0,111100.0,496.0,1,LN-2023-10820,Auto,45200.0,36,17.08,1613.3,0.188,11.0,1,Poor,Mortgage,Central,Fully Paid,No,Poor (<580),High (>$95k),0
CUST-1821,Female,59,Master,Employed,Single,0,31500.0,617.0,3,LN-2023-10821,Personal,26500.0,24,16.43,1302.97,0.654,31.0,0,Fair,Rent,North,Fully Paid,No,Fair (580-669),Low (<$40k),0
CUST-1822,Male,24,Bachelor,Employed,Married,0,146300.0,686.0,1,LN-2023-10822,Personal,30000.0,48,16.15,852.51,0.089,3.0,0,Good,Own,East,Fully Paid,No,Good (670-739),High (>$95k),0
CUST-1823,Male,23,High School,Self-Employed,Married,0,77100.0,661.0,2,LN-2023-10823,Home,67600.0,48,12.08,1782.82,0.344,1.0,0,Fair,Rent,North,Current,No,Fair (580-669),Upper-Middle ($65k-$95k),0
CUST-1824,Male,49,Master,Employed,Married,0,81500.0,724.0,2,LN-2023-10824,Auto,14500.0,48,13.39,391.81,0.126,14.0,0,Good,Rent,North,Current,No,Good (670-739),Upper-Middle ($65k-$95k),0
CUST-1825,Female,31,Bachelor,Self-Employed,Single,0,48400.0,734.0,1,LN-2023-10825,Auto,30300.0,60,12.57,682.77,0.211,2.0,0,Good,Mortgage,North,Current,No,Good (670-739),Lower-Middle ($40k-$65k),0
CUST-1826,Female,53,Master,Unemployed,Single,0,22400.0,649.0,2,LN-2023-10826,Home,48800.0,48,12.31,1292.53,0.75,0.0,0,Fair,Rent,West,Current,No,Fair (580-669),Low (<$40k),0
CUST-1827,Male,58,Bachelor,Unemployed,Married,3,28900.0,588.0,4,LN-2023-10827,Personal,22600.0,12,18.27,2074.87,0.75,0.0,0,Fair,Own,West,Defaulted,Yes,Fair (580-669),Low (<$40k),1
CUST-1828,Male,31,High School,Unemployed,Single,2,22800.0,801.0,4,LN-2023-10828,Personal,10000.0,12,13.0,893.17,0.734,0.0,0,Excellent,Mortgage,North,Current,No,Excellent (800+),Low (<$40k),0
CUST-1829,Female,47,High School,Employed,Married,0,66300.0,554.0,2,LN-2023-10829,Personal,16200.0,48,18.69,481.74,0.148,8.0,1,Poor,Mortgage,North,Fully Paid,No,Poor (<580),Upper-Middle ($65k-$95k),0
CUST-1830,Male,53,Bachelor,Employed,Divorced,3,45300.0,619.0,1,LN-2023-10830,Personal,22000.0,12,17.83,2015.18,0.573,2.0,0,Fair,Mortgage,Central,Current,No,Fair (580-669),Lower-Middle ($40k-$65k),0
CUST-1831,Male,41,Bachelor,Employed,Divorced,1,41400.0,597.0,0,LN-2023-10831,Education,22400.0,24,15.09,1087.06,0.315,14.0,0,Fair,Mortgage,East,Current,No,Fair (580-669),Lower-Middle ($40k-$65k),0
CUST-1832,Male,59,Bachelor,Self-Employed,Single,1,78900.0,733.0,0,LN-2023-10832,Personal,9800.0,24,15.87,479.23,0.08,11.0,0,Good,Rent,West,Current,No,Good (670-739),Upper-Middle ($65k-$95k),0
CUST-1833,Male,51,Bachelor,Self-Employed,Married,1,102200.0,781.0,0,LN-2023-10833,Personal,28500.0,60,14.06,664.03,0.08,17.0,0,Excellent,Mortgage,North,Fully Paid,No,Very Good (740-799),High (>$95k),0
CUST-1834,Male,58,Bachelor,Self-Employed,Single,0,72400.0,655.0,1,LN-2023-10834,Personal,25200.0,24,17.8,1255.65,0.238,11.0,1,Fair,Mortgage,North,Fully Paid,No,Fair (580-669),Upper-Middle ($65k-$95k),0
CUST-1835,Male,66,Bachelor,Employed,Single,0,122500.0,689.0,0,LN-2023-10835,Home,96100.0,12,10.32,8463.03,0.75,18.0,0,Good,Own,South,Fully Paid,No,Good (670-739),High (>$95k),0
CUST-1836,Male,22,Bachelor,Self-Employed,Divorced,0,73400.0,706.0,0,LN-2023-10836,Home,104400.0,60,9.95,2215.62,0.362,1.0,0,Good,Rent,East,Fully Paid,No,Good (670-739),Upper-Middle ($65k-$95k),0
CUST-1837,Female,47,Master,Employed,Divorced,1,77800.0,823.0,0,LN-2023-10837,Personal,15000.0,36,12.95,505.05,0.08,18.0,0,Excellent,Rent,South,Fully Paid,No,Excellent (800+),Upper-Middle ($65k-$95k),0
CUST-1838,Male,56,Bachelor,Employed,Single,1,85000.0,519.0,1,LN-2023-10838,Personal,13900.0,12,19.47,1284.1,0.204,6.0,0,Poor,Mortgage,West,Fully Paid,No,Poor (<580),Upper-Middle ($65k-$95k),0
CUST-1839,Female,31,Bachelor,Self-Employed,Married,2,125100.0,733.0,0,LN-2023-10839,Business,31200.0,48,14.15,854.94,0.082,4.0,0,Good,Rent,West,Fully Paid,No,Good (670-739),High (>$95k),0
CUST-1840,Female,67,High School,Employed,Divorced,0,26800.0,702.0,2,LN-2023-10840,Business,76300.0,24,14.27,3673.12,0.75,5.0,0,Good,Mortgage,South,Current,No,Good (670-739),Low (<$40k),0
CUST-1841,Male,38,Bachelor,Unemployed,Single,2,18000.0,638.0,1,LN-2023-10841,Education,19000.0,48,14.58,524.75,0.454,0.0,0,Fair,Rent,North,Fully Paid,No,Fair (580-669),Low (<$40k),0
CUST-1842,Female,21,High School,Employed,Single,1,42600.0,697.0,2,LN-2023-10842,Personal,23100.0,36,15.62,807.8,0.309,0.0,0,Good,Mortgage,East,Current,No,Good (670-739),Lower-Middle ($40k-$65k),0
CUST-1843,Male,55,Bachelor,Self-Employed,Married,3,220000.0,732.0,3,LN-2023-10843,Home,70500.0,24,9.28,3229.84,0.204,18.0,0,Good,Mortgage,South,Fully Paid,No,Good (670-739),High (>$95k),0
CUST-1844,Female,55,High School,Employed,Married,0,43600.0,719.0,0,LN-2023-10844,Auto,40200.0,48,12.19,1062.37,0.292,6.0,0,Good,Rent,South,Fully Paid,No,Good (670-739),Lower-Middle ($40k-$65k),0
CUST-1845,Male,51,Bachelor,Self-Employed,Married,3,68400.0,850.0,5,LN-2023-10845,Personal,6100.0,36,12.37,203.69,0.163,2.0,1,Good,Own,North,Fully Paid,No,Excellent (800+),Upper-Middle ($65k-$95k),0
CUST-1846,Male,48,Master,Self-Employed,Married,2,118200.0,680.0,2,LN-2023-10846,Home,98100.0,36,11.89,3253.17,0.381,21.0,0,Good,Mortgage,East,Fully Paid,No,Good (670-739),High (>$95k),0
CUST-1847,Male,59,Bachelor,Self-Employed,Married,1,112200.0,672.0,0,LN-2023-10847,Auto,40700.0,60,13.32,932.73,0.1,17.0,0,Good,Mortgage,West,Fully Paid,No,Good (670-739),High (>$95k),0
CUST-1848,Female,21,High School,Employed,Single,1,53000.0,654.0,1,LN-2023-10848,Home,101100.0,24,11.35,4728.5,0.75,0.0,0,Fair,Mortgage,East,Defaulted,Yes,Fair (580-669),Lower-Middle ($40k-$65k),1
CUST-1849,Male,45,High School,Unemployed,Married,0,29000.0,717.0,3,LN-2023-10849,Home,104200.0,36,10.61,3392.16,0.75,0.0,0,Good,Rent,West,Fully Paid,No,Good (670-739),Low (<$40k),0
CUST-1850,Female,63,Master,Employed,Married,3,45500.0,667.0,1,LN-2023-10850,Home,89700.0,60,11.48,1971.84,0.592,2.0,0,Fair,Mortgage,Central,Fully Paid,No,Fair (580-669),Lower-Middle ($40k-$65k),0
CUST-1851,Male,58,High School,Employed,Married,0,34800.0,671.0,1,LN-2023-10851,Education,25000.0,36,13.01,842.47,0.352,4.0,0,Good,Mortgage,East,Current,No,Good (670-739),Low (<$40k),0
CUST-1852,Female,40,Bachelor,Employed,Married,1,106100.0,668.0,4,LN-2023-10852,Auto,12500.0,36,13.22,422.5,0.099,8.0,0,Good,Rent,North,Fully Paid,No,Fair (580-669),High (>$95k),0
CUST-1853,Male,23,Bachelor,Self-Employed,Divorced,0,72700.0,658.0,2,LN-2023-10853,Auto,19500.0,24,13.41,930.83,0.24,1.0,0,Fair,Mortgage,East,Fully Paid,No,Fair (580-669),Upper-Middle ($65k-$95k),0
CUST-1854,Female,22,Bachelor,Employed,Married,1,35600.0,618.0,2,LN-2023-10854,Home,106400.0,36,12.72,3570.7,0.75,1.0,0,Fair,Own,South,Fully Paid,No,Fair (580-669),Low (<$40k),0
CUST-1855,Male,38,Bachelor,Self-Employed,Married,1,39900.0,705.0,3,LN-2023-10855,Education,38100.0,36,12.78,1279.71,0.625,2.0,0,Good,Mortgage,South,Current,No,Good (670-739),Low (<$40k),0
CUST-1856,Male,64,Master,Self-Employed,Divorced,3,62100.0,645.0,2,LN-2023-10856,Business,57900.0,24,16.03,2835.79,0.638,23.0,0,Fair,Mortgage,South,Fully Paid,No,Fair (580-669),Lower-Middle ($40k-$65k),0
CUST-1857,Male,30,High School,Employed,Divorced,1,49100.0,722.0,1,LN-2023-10857,Auto,37600.0,24,12.29,1775.06,0.499,3.0,0,Good,Rent,East,Current,No,Good (670-739),Lower-Middle ($40k-$65k),0
CUST-1858,Male,25,Bachelor,Unemployed,Married,4,27200.0,679.0,1,LN-2023-10858,Home,103100.0,36,11.81,3415.05,0.75,0.0,0,Good,Mortgage,East,Defaulted,Yes,Good (670-739),Low (<$40k),1
CUST-1859,Female,29,Bachelor,Employed,Single,1,54200.0,637.0,3,LN-2023-10859,Education,40000.0,24,14.85,1936.62,0.614,3.0,0,Fair,Mortgage,West,Current,No,Fair (580-669),Lower-Middle ($40k-$65k),0
CUST-1860,Male,22,High School,Self-Employed,Single,0,67100.0,803.0,0,LN-2023-10860,Auto,40200.0,36,12.5,1344.84,0.241,1.0,0,Excellent,Mortgage,South,Defaulted,Yes,Excellent (800+),Upper-Middle ($65k-$95k),1
CUST-1861,Female,54,Bachelor,Employed,Single,0,51600.0,661.0,0,LN-2023-10861,Education,27300.0,48,13.37,737.41,0.171,9.0,1,Fair,Mortgage,North,Fully Paid,No,Fair (580-669),Lower-Middle ($40k-$65k),0
CUST-1862,Male,58,Bachelor,Employed,Married,2,109000.0,722.0,0,LN-2023-10862,Auto,14400.0,24,13.05,684.94,0.08,5.0,0,Good,Rent,East,Fully Paid,No,Good (670-739),High (>$95k),0
CUST-1863,Male,51,Bachelor,Employed,Divorced,0,198200.0,610.0,0,LN-2023-10863,Education,18300.0,48,15.33,512.37,0.08,23.0,1,Fair,Mortgage,West,Defaulted,Yes,Fair (580-669),High (>$95k),1
CUST-1864,Male,30,Bachelor,Employed,Married,1,52700.0,497.0,0,LN-2023-10864,Auto,19500.0,36,16.39,689.32,0.157,2.0,1,Poor,Mortgage,West,Fully Paid,No,Poor (<580),Lower-Middle ($40k-$65k),0
CUST-1865,Male,32,Bachelor,Employed,Married,0,78000.0,621.0,3,LN-2023-10865,Personal,27800.0,60,16.87,688.96,0.226,3.0,0,Fair,Rent,North,Current,No,Fair (580-669),Upper-Middle ($65k-$95k),0
CUST-1866,Female,56,Bachelor,Employed,Married,1,75200.0,488.0,2,LN-2023-10866,Home,82900.0,60,14.5,1950.49,0.377,21.0,1,Poor,Rent,Central,Defaulted,Yes,Poor (<580),Upper-Middle ($65k-$95k),1
CUST-1867,Male,41,Bachelor,Employed,Married,2,66900.0,649.0,0,LN-2023-10867,Personal,18500.0,48,16.58,529.81,0.095,12.0,0,Fair,Rent,South,Fully Paid,No,Fair (580-669),Upper-Middle ($65k-$95k),0
CUST-1868,Male,67,Bachelor,Employed,Divorced,1,84400.0,794.0,2,LN-2023-10868,Home,127000.0,36,8.62,4016.14,0.614,32.0,0,Excellent,Rent,East,Fully Paid,No,Very Good (740-799),Upper-Middle ($65k-$95k),0
CUST-1869,Female,26,Bachelor,Employed,Single,0,78000.0,593.0,2,LN-2023-10869,Auto,41800.0,60,14.77,989.38,0.238,1.0,0,Fair,Rent,North,Defaulted,Yes,Fair (580-669),Upper-Middle ($65k-$95k),1
CUST-1870,Female,23,High School,Self-Employed,Married,0,45700.0,490.0,0,LN-2023-10870,Home,112100.0,60,14.78,2653.92,0.697,1.0,0,Poor,Mortgage,Central,Current,No,Poor (<580),Lower-Middle ($40k-$65k),0
CUST-1871,Male,30,High School,Employed,Married,0,88800.0,797.0,0,LN-2023-10871,Personal,7100.0,36,13.98,242.59,0.08,1.0,0,Excellent,Mortgage,West,Current,No,Very Good (740-799),Upper-Middle ($65k-$95k),0
CUST-1872,Male,25,Bachelor,Self-Employed,Married,0,79200.0,629.0,0,LN-2023-10872,Home,46900.0,36,12.35,1565.6,0.237,2.0,0,Fair,Rent,South,Fully Paid,No,Fair (580-669),Upper-Middle ($65k-$95k),0
CUST-1873,Female,66,PhD,Employed,Divorced,1,78000.0,668.0,2,LN-2023-10873,Personal,6600.0,12,16.25,599.6,0.169,11.0,0,Fair,Own,West,Current,No,Fair (580-669),Upper-Middle ($65k-$95k),0
CUST-1874,Male,46,Bachelor,Employed,Single,1,188800.0,737.0,1,LN-2023-10874,Education,31200.0,12,12.71,2782.46,0.188,15.0,0,Good,Mortgage,South,Fully Paid,No,Good (670-739),High (>$95k),0
CUST-1875,Male,41,High School,Employed,Single,0,46600.0,714.0,0,LN-2023-10875,Education,20000.0,36,13.17,675.52,0.174,0.0,0,Good,Mortgage,South,Current,No,Good (670-739),Lower-Middle ($40k-$65k),0
CUST-1876,Male,65,Master,Employed,Single,0,87300.0,733.0,0,LN-2023-10876,Education,10000.0,36,12.45,334.3,0.08,2.0,0,Good,Rent,South,Current,No,Good (670-739),Upper-Middle ($65k-$95k),0
CUST-1877,Female,46,Master,Employed,Single,0,84200.0,746.0,3,LN-2023-10877,Personal,24400.0,24,15.45,1188.3,0.235,9.0,0,Excellent,Rent,East,Current,No,Very Good (740-799),Upper-Middle ($65k-$95k),0
CUST-1878,Female,58,Bachelor,Employed,Single,0,59300.0,521.0,2,LN-2023-10878,Personal,8600.0,12,20.9,800.37,0.262,30.0,0,Poor,Mortgage,North,Defaulted,Yes,Poor (<580),Lower-Middle ($40k-$65k),1
CUST-1879,Male,64,Master,Self-Employed,Married,1,109500.0,549.0,1,LN-2023-10879,Business,61200.0,48,19.54,1847.37,0.228,33.0,2,Poor,Rent,West,Fully Paid,No,Poor (<580),High (>$95k),0
CUST-1880,Male,46,Bachelor,Self-Employed,Divorced,0,49400.0,769.0,4,LN-2023-10880,Personal,24500.0,36,13.9,836.16,0.385,21.0,0,Excellent,Rent,East,Fully Paid,No,Very Good (740-799),Lower-Middle ($40k-$65k),0
CUST-1881,Male,28,High School,Employed,Single,0,64200.0,603.0,1,LN-2023-10881,Auto,33100.0,36,15.0,1147.42,0.248,3.0,0,Fair,Rent,North,Fully Paid,No,Fair (580-669),Lower-Middle ($40k-$65k),0
CUST-1882,Female,25,Bachelor,Self-Employed,Single,2,32800.0,612.0,2,LN-2023-10882,Education,39800.0,36,16.1,1401.22,0.61,0.0,0,Fair,Mortgage,East,Fully Paid,No,Fair (580-669),Low (<$40k),0
CUST-1883,Male,35,Bachelor,Employed,Divorced,0,35100.0,562.0,1,LN-2023-10883,Home,81900.0,36,13.41,2775.74,0.75,4.0,1,Poor,Rent,South,Defaulted,Yes,Poor (<580),Low (<$40k),1
CUST-1884,Male,36,Bachelor,Employed,Single,1,143000.0,635.0,1,LN-2023-10884,Auto,21800.0,24,15.53,1062.51,0.112,9.0,0,Fair,Rent,West,Current,No,Fair (580-669),High (>$95k),0
CUST-1885,Female,21,Bachelor,Employed,Single,1,35700.0,640.0,3,LN-2023-10885,Personal,8800.0,36,17.27,314.93,0.337,0.0,0,Fair,Mortgage,Central,Current,No,Fair (580-669),Low (<$40k),0
CUST-1886,Male,36,PhD,Self-Employed,Divorced,0,44200.0,590.0,2,LN-2023-10886,Business,55300.0,36,17.42,1983.17,0.642,4.0,0,Fair,Rent,South,Defaulted,Yes,Fair (580-669),Lower-Middle ($40k-$65k),1
CUST-1887,Female,57,Master,Self-Employed,Married,2,51400.0,580.0,1,LN-2023-10887,Home,117500.0,48,13.74,3195.56,0.75,2.0,1,Fair,Rent,West,Defaulted,Yes,Fair (580-669),Lower-Middle ($40k-$65k),1
CUST-1888,Male,23,Master,Self-Employed,Married,1,195900.0,697.0,0,LN-2023-10888,Personal,30500.0,24,15.9,1491.92,0.091,1.0,0,Good,Rent,North,Current,No,Good (670-739),High (>$95k),0
CUST-1889,Male,67,Master,Employed,Single,1,34800.0,601.0,1,LN-2023-10889,Home,127600.0,24,12.78,6053.16,0.75,8.0,0,Fair,Own,North,Current,No,Fair (580-669),Low (<$40k),0
CUST-1890,Male,51,PhD,Employed,Married,1,60400.0,618.0,2,LN-2023-10890,Personal,18400.0,36,17.93,664.56,0.193,2.0,0,Fair,Rent,Central,Current,No,Fair (580-669),Lower-Middle ($40k-$65k),0
CUST-1891,Female,33,High School,Self-Employed,Single,2,29300.0,484.0,0,LN-2023-10891,Auto,33000.0,48,18.54,978.71,0.401,4.0,2,Poor,Rent,Central,Defaulted,Yes,Poor (<580),Low (<$40k),1
CUST-1892,Female,36,Bachelor,Employed,Single,4,55600.0,834.0,2,LN-2023-10892,Home,94400.0,48,7.77,2294.4,0.572,5.0,0,Excellent,Mortgage,East,Fully Paid,No,Excellent (800+),Lower-Middle ($40k-$65k),0
CUST-1893,Female,63,Bachelor,Employed,Single,1,51700.0,750.0,3,LN-2023-10893,Personal,16500.0,36,13.97,563.69,0.321,19.0,0,Excellent,Own,North,Current,No,Very Good (740-799),Lower-Middle ($40k-$65k),0
CUST-1894,Male,41,Master,Employed,Divorced,2,62700.0,627.0,0,LN-2023-10894,Personal,7400.0,36,16.93,263.57,0.08,13.0,0,Fair,Own,South,Fully Paid,No,Fair (580-669),Lower-Middle ($40k-$65k),0
CUST-1895,Female,22,Bachelor,Employed,Married,0,144900.0,593.0,3,LN-2023-10895,Personal,4900.0,24,16.94,242.13,0.08,0.0,0,Fair,Rent,East,Fully Paid,No,Fair (580-669),High (>$95k),0
CUST-1896,Male,47,Master,Employed,Single,1,45400.0,670.0,0,LN-2023-10896,Personal,15700.0,48,14.89,436.07,0.115,18.0,1,Good,Rent,East,Fully Paid,No,Good (670-739),Lower-Middle ($40k-$65k),0
CUST-1897,Male,58,High School,Employed,Single,0,46900.0,668.0,2,LN-2023-10897,Home,60800.0,24,11.3,2842.23,0.75,1.0,0,Fair,Rent,West,Fully Paid,No,Fair (580-669),Lower-Middle ($40k-$65k),0
CUST-1898,Female,46,Bachelor,Employed,Married,0,73200.0,561.0,2,LN-2023-10898,Education,36100.0,48,15.79,1019.21,0.242,10.0,0,Poor,Rent,West,Defaulted,Yes,Poor (<580),Upper-Middle ($65k-$95k),1
CUST-1899,Male,58,Master,Employed,Married,1,50100.0,453.0,1,LN-2023-10899,Personal,25100.0,60,22.07,694.23,0.225,19.0,1,Poor,Own,North,Fully Paid,No,Poor (<580),Lower-Middle ($40k-$65k),0
CUST-1900,Male,66,High School,Employed,Divorced,2,61100.0,625.0,0,LN-2023-10900,Personal,20900.0,60,16.73,516.39,0.101,37.0,0,Fair,Mortgage,South,Fully Paid,No,Fair (580-669),Lower-Middle ($40k-$65k),0
CUST-1901,Male,45,Bachelor,Employed,Single,0,52500.0,537.0,3,LN-2023-10901,Home,49000.0,48,14.8,1358.74,0.477,12.0,1,Poor,Own,North,Defaulted,Yes,Poor (<580),Lower-Middle ($40k-$65k),1
CUST-1902,Male,31,Bachelor,Employed,Single,1,74400.0,684.0,0,LN-2023-10902,Auto,33600.0,24,12.81,1594.41,0.257,1.0,0,Good,Mortgage,North,Current,No,Good (670-739),Upper-Middle ($65k-$95k),0
CUST-1903,Male,28,Bachelor,Employed,Single,1,59900.0,685.0,1,LN-2023-10903,Education,27100.0,36,14.98,939.17,0.242,3.0,0,Good,Rent,South,Current,No,Good (670-739),Lower-Middle ($40k-$65k),0
CUST-1904,Female,28,Bachelor,Employed,Married,1,25000.0,587.0,1,LN-2023-10904,Business,50700.0,12,17.55,4637.32,0.75,2.0,0,Fair,Mortgage,North,Defaulted,Yes,Fair (580-669),Low (<$40k),1
CUST-1905,Male,53,Bachelor,Employed,Married,0,113200.0,624.0,1,LN-2023-10905,Home,100900.0,24,11.7,4735.59,0.519,13.0,0,Fair,Rent,East,Fully Paid,No,Fair (580-669),High (>$95k),0
CUST-1906,Female,27,Bachelor,Self-Employed,Married,0,183600.0,819.0,1,LN-2023-10906,Personal,27900.0,12,13.25,2495.23,0.178,1.0,0,Excellent,Mortgage,Central,Fully Paid,No,Excellent (800+),High (>$95k),0
CUST-1907,Female,58,High School,Self-Employed,Divorced,0,52100.0,735.0,1,LN-2023-10907,Personal,25000.0,36,14.81,864.31,0.249,6.0,0,Good,Own,West,Current,No,Good (670-739),Lower-Middle ($40k-$65k),0
CUST-1908,Male,41,Master,Employed,Married,1,52000.0,631.0,0,LN-2023-10908,Personal,16700.0,36,17.76,601.74,0.139,3.0,0,Fair,Mortgage,West,Fully Paid,No,Fair (580-669),Lower-Middle ($40k-$65k),0
CUST-1909,Male,28,Bachelor,Employed,Divorced,0,123800.0,850.0,2,LN-2023-10909,Education,14900.0,60,9.99,316.51,0.08,5.0,0,Excellent,Rent,East,Fully Paid,No,Excellent (800+),High (>$95k),0
CUST-1910,Male,41,Bachelor,Self-Employed,Divorced,0,169300.0,568.0,0,LN-2023-10910,Auto,28200.0,36,15.88,989.76,0.08,10.0,0,Poor,Mortgage,West,Fully Paid,No,Poor (<580),High (>$95k),0
CUST-1911,Female,40,Bachelor,Employed,Divorced,1,58300.0,600.0,0,LN-2023-10911,Personal,30400.0,36,16.54,1076.9,0.222,1.0,0,Fair,Rent,North,Defaulted,Yes,Fair (580-669),Lower-Middle ($40k-$65k),1
CUST-1912,Male,28,High School,Employed,Married,1,44500.0,660.0,1,LN-2023-10912,Education,33900.0,36,14.86,1172.83,0.35,6.0,0,Fair,Rent,East,Fully Paid,No,Fair (580-669),Lower-Middle ($40k-$65k),0
CUST-1913,Female,66,Master,Employed,Divorced,1,75100.0,539.0,1,LN-2023-10913,Education,6900.0,48,16.99,199.06,0.08,24.0,1,Poor,Mortgage,East,Defaulted,Yes,Poor (<580),Upper-Middle ($65k-$95k),1
CUST-1914,Male,51,Bachelor,Employed,Married,0,29600.0,822.0,0,LN-2023-10914,Education,32600.0,60,10.63,702.8,0.285,8.0,0,Excellent,Rent,East,Fully Paid,No,Excellent (800+),Low (<$40k),0
CUST-1915,Female,49,Bachelor,Employed,Married,0,55100.0,685.0,1,LN-2023-10915,Personal,7900.0,36,15.57,276.07,0.096,1.0,0,Good,Rent,West,Defaulted,Yes,Good (670-739),Lower-Middle ($40k-$65k),1
CUST-1916,Male,29,High School,Unemployed,Married,2,37200.0,602.0,1,LN-2023-10916,Personal,19600.0,12,17.36,1790.96,0.658,0.0,0,Fair,Rent,Central,Defaulted,Yes,Fair (580-669),Low (<$40k),1
CUST-1917,Male,35,PhD,Self-Employed,Divorced,3,98900.0,708.0,1,LN-2023-10917,Personal,26400.0,24,15.82,1290.36,0.17,8.0,0,Good,Own,West,Fully Paid,No,Good (670-739),High (>$95k),0
CUST-1918,Female,50,Master,Employed,Married,2,48700.0,682.0,2,LN-2023-10918,Home,92700.0,48,10.65,2380.15,0.68,9.0,0,Good,Rent,Central,Defaulted,Yes,Good (670-739),Lower-Middle ($40k-$65k),1
CUST-1919,Female,46,High School,Employed,Single,0,61400.0,644.0,4,LN-2023-10919,Home,79300.0,36,12.65,2658.58,0.732,20.0,0,Fair,Mortgage,East,Fully Paid,No,Fair (580-669),Lower-Middle ($40k-$65k),0
CUST-1920,Male,30,Bachelor,Employed,Married,1,46600.0,567.0,1,LN-2023-10920,Education,16900.0,48,15.2,472.05,0.156,0.0,0,Poor,Rent,South,Current,No,Poor (<580),Lower-Middle ($40k-$65k),0
CUST-1921,Female,49,Master,Employed,Married,0,75500.0,547.0,2,LN-2023-10921,Personal,11800.0,48,17.42,343.06,0.096,1.0,1,Poor,Mortgage,East,Fully Paid,No,Poor (<580),Upper-Middle ($65k-$95k),0
CUST-1922,Male,36,Bachelor,Employed,Married,0,35500.0,850.0,0,LN-2023-10922,Auto,41800.0,48,10.59,1072.04,0.362,12.0,0,Excellent,Rent,Central,Fully Paid,No,Excellent (800+),Low (<$40k),0
CUST-1923,Female,56,Master,Employed,Single,0,48800.0,555.0,2,LN-2023-10923,Education,34100.0,48,15.87,964.13,0.31,29.0,1,Poor,Mortgage,West,Fully Paid,No,Poor (<580),Lower-Middle ($40k-$65k),0
CUST-1924,Female,40,Bachelor,Employed,Single,2,87600.0,814.0,2,LN-2023-10924,Personal,26900.0,48,12.97,721.26,0.137,0.0,0,Excellent,Mortgage,Central,Current,No,Excellent (800+),Upper-Middle ($65k-$95k),0
CUST-1925,Male,65,Bachelor,Employed,Divorced,1,66200.0,598.0,2,LN-2023-10925,Personal,11200.0,36,17.46,401.88,0.171,27.0,0,Fair,Rent,North,Current,No,Fair (580-669),Upper-Middle ($65k-$95k),0
CUST-1926,Male,57,Bachelor,Employed,Single,1,44300.0,737.0,3,LN-2023-10926,Auto,40400.0,12,12.33,3595.73,0.75,7.0,0,Good,Own,South,Defaulted,Yes,Good (670-739),Lower-Middle ($40k-$65k),1
CUST-1927,Male,42,High School,Unemployed,Divorced,1,18100.0,709.0,0,LN-2023-10927,Auto,11400.0,36,12.74,382.68,0.254,0.0,0,Good,Own,South,Defaulted,Yes,Good (670-739),Low (<$40k),1
CUST-1928,Female,27,Bachelor,Employed,Married,0,47800.0,726.0,1,LN-2023-10928,Business,34500.0,36,15.36,1202.04,0.368,4.0,0,Good,Rent,South,Current,No,Good (670-739),Lower-Middle ($40k-$65k),0
CUST-1929,Female,43,PhD,Unemployed,Single,1,22800.0,732.0,0,LN-2023-10929,Education,23500.0,60,11.7,519.19,0.273,0.0,0,Good,Rent,North,Fully Paid,No,Good (670-739),Low (<$40k),0
CUST-1930,Male,61,Bachelor,Employed,Single,1,106100.0,533.0,2,LN-2023-10930,Education,19800.0,36,17.54,711.26,0.133,30.0,0,Poor,Mortgage,Central,Current,No,Poor (<580),High (>$95k),0
CUST-1931,Male,60,Bachelor,Employed,Married,1,89400.0,612.0,3,LN-2023-10931,Auto,14300.0,36,14.8,494.31,0.133,3.0,0,Fair,Mortgage,West,Current,No,Fair (580-669),Upper-Middle ($65k-$95k),0
CUST-1932,Female,49,Bachelor,Employed,Single,2,62300.0,553.0,1,LN-2023-10932,Personal,4200.0,36,17.56,150.91,0.081,6.0,0,Poor,Rent,North,Fully Paid,No,Poor (<580),Lower-Middle ($40k-$65k),0
CUST-1933,Female,36,Bachelor,Employed,Single,0,67100.0,686.0,1,LN-2023-10933,Education,26800.0,12,13.34,2397.98,0.456,0.0,0,Good,Mortgage,North,Current,No,Good (670-739),Upper-Middle ($65k-$95k),0
CUST-1934,Male,58,Master,Employed,Single,2,77500.0,557.0,2,LN-2023-10934,Business,41900.0,36,17.22,1498.44,0.3,1.0,0,Poor,Rent,East,Fully Paid,No,Poor (<580),Upper-Middle ($65k-$95k),0
CUST-1935,Male,48,Master,Unemployed,Single,1,33900.0,501.0,0,LN-2023-10935,Home,46400.0,24,14.11,2230.21,0.75,0.0,0,Poor,Rent,Central,Current,No,Poor (<580),Low (<$40k),0
CUST-1936,Male,58,High School,Unemployed,Married,1,18000.0,649.0,1,LN-2023-10936,Home,81600.0,12,11.72,7239.38,0.75,0.0,0,Fair,Mortgage,North,Defaulted,Yes,Fair (580-669),Low (<$40k),1
CUST-1937,Male,51,PhD,Employed,Single,1,136800.0,482.0,1,LN-2023-10937,Home,71100.0,36,16.53,2518.31,0.242,1.0,0,Poor,Mortgage,South,Defaulted,Yes,Poor (<580),High (>$95k),1
CUST-1938,Female,34,Master,Employed,Married,3,91300.0,691.0,1,LN-2023-10938,Business,60400.0,36,15.62,2112.17,0.31,9.0,0,Good,Own,North,Fully Paid,No,Good (670-739),Upper-Middle ($65k-$95k),0
CUST-1939,Male,53,Master,Employed,Single,0,69100.0,563.0,1,LN-2023-10939,Personal,30000.0,60,19.32,783.51,0.184,8.0,1,Poor,Rent,North,Fully Paid,No,Poor (<580),Upper-Middle ($65k-$95k),0
CUST-1940,Female,29,Bachelor,Employed,Single,1,50500.0,598.0,0,LN-2023-10940,Auto,21700.0,48,15.2,606.13,0.144,4.0,2,Fair,Rent,West,Current,No,Fair (580-669),Lower-Middle ($40k-$65k),0
CUST-1941,Male,47,Master,Employed,Divorced,1,113600.0,476.0,1,LN-2023-10941,Education,39900.0,24,19.41,2019.26,0.231,18.0,0,Poor,Rent,West,Current,No,Poor (<580),High (>$95k),0
CUST-1942,Female,44,High School,Employed,Married,0,45900.0,810.0,3,LN-2023-10942,Education,8900.0,12,11.99,790.71,0.369,10.0,0,Excellent,Rent,Central,Current,No,Excellent (800+),Lower-Middle ($40k-$65k),0
CUST-1943,Female,33,Bachelor,Employed,Married,0,45900.0,545.0,0,LN-2023-10943,Auto,13400.0,36,15.65,468.79,0.123,5.0,0,Poor,Own,West,Current,No,Poor (<580),Lower-Middle ($40k-$65k),0
CUST-1944,Female,46,Master,Employed,Married,2,65500.0,639.0,2,LN-2023-10944,Business,69900.0,24,16.59,3442.26,0.668,0.0,0,Fair,Rent,North,Defaulted,Yes,Fair (580-669),Upper-Middle ($65k-$95k),1
CUST-1945,Male,49,High School,Employed,Married,0,69400.0,517.0,2,LN-2023-10945,Personal,24700.0,36,18.92,904.4,0.23,14.0,1,Poor,Mortgage,South,Current,No,Poor (<580),Upper-Middle ($65k-$95k),0
CUST-1946,Male,63,High School,Employed,Single,0,23800.0,598.0,3,LN-2023-10946,Personal,15300.0,36,17.54,549.61,0.487,4.0,0,Fair,Rent,South,Fully Paid,No,Fair (580-669),Low (<$40k),0
CUST-1947,Male,48,Master,Employed,Single,4,66300.0,818.0,2,LN-2023-10947,Home,69300.0,12,9.46,6075.18,0.75,18.0,0,Excellent,Own,South,Fully Paid,No,Excellent (800+),Upper-Middle ($65k-$95k),0
CUST-1948,Female,48,Master,Unemployed,Single,2,44100.0,695.0,2,LN-2023-10948,Personal,26000.0,36,15.06,902.06,0.378,0.0,0,Good,Rent,East,Fully Paid,No,Good (670-739),Lower-Middle ($40k-$65k),0
CUST-1949,Female,28,High School,Employed,Divorced,0,45500.0,608.0,2,LN-2023-10949,Home,126300.0,36,12.09,4200.4,0.75,2.0,0,Fair,Mortgage,North,Defaulted,Yes,Fair (580-669),Lower-Middle ($40k-$65k),1
CUST-1950,Female,43,Master,Self-Employed,Married,1,101200.0,667.0,0,LN-2023-10950,Personal,31700.0,36,15.34,1104.18,0.131,13.0,0,Fair,Rent,Central,Current,No,Fair (580-669),High (>$95k),0
CUST-1951,Female,49,Bachelor,Self-Employed,Married,1,117900.0,622.0,1,LN-2023-10951,Auto,34100.0,36,14.34,1171.1,0.138,16.0,0,Fair,Rent,North,Fully Paid,No,Fair (580-669),High (>$95k),0
CUST-1952,Female,25,Bachelor,Unemployed,Married,2,32900.0,662.0,1,LN-2023-10952,Home,107900.0,24,14.36,5198.96,0.75,0.0,0,Fair,Mortgage,South,Defaulted,Yes,Fair (580-669),Low (<$40k),1
CUST-1953,Male,62,Master,Self-Employed,Single,2,73400.0,733.0,1,LN-2023-10953,Auto,41200.0,24,13.2,1962.6,0.349,22.0,1,Good,Mortgage,North,Defaulted,Yes,Good (670-739),Upper-Middle ($65k-$95k),1
CUST-1954,Female,27,Bachelor,Employed,Single,2,59300.0,641.0,0,LN-2023-10954,Personal,26200.0,24,14.69,1266.49,0.256,1.0,0,Fair,Rent,South,Defaulted,Yes,Fair (580-669),Lower-Middle ($40k-$65k),1
CUST-1955,Male,62,High School,Self-Employed,Single,0,84800.0,688.0,1,LN-2023-10955,Personal,31800.0,12,15.64,2879.83,0.445,9.0,0,Good,Rent,East,Fully Paid,No,Good (670-739),Upper-Middle ($65k-$95k),0
CUST-1956,Male,56,Bachelor,Employed,Married,1,95900.0,690.0,0,LN-2023-10956,Personal,26500.0,24,15.18,1287.16,0.161,26.0,0,Good,Mortgage,East,Current,No,Good (670-739),High (>$95k),0
CUST-1957,Male,61,Bachelor,Employed,Married,0,60400.0,642.0,2,LN-2023-10957,Personal,22200.0,12,17.37,2028.65,0.513,0.0,0,Fair,Mortgage,South,Current,No,Fair (580-669),Lower-Middle ($40k-$65k),0
CUST-1958,Male,47,Bachelor,Unemployed,Divorced,0,21500.0,607.0,3,LN-2023-10958,Personal,13900.0,36,16.62,492.95,0.712,0.0,1,Fair,Mortgage,West,Defaulted,Yes,Fair (580-669),Low (<$40k),1
CUST-1959,Male,66,Master,Self-Employed,Married,2,101000.0,625.0,0,LN-2023-10959,Personal,20300.0,48,16.32,578.64,0.08,7.0,0,Fair,Own,East,Current,No,Fair (580-669),High (>$95k),0
CUST-1960,Female,22,Master,Unemployed,Single,0,50400.0,729.0,0,LN-2023-10960,Auto,43500.0,24,11.86,2044.85,0.487,0.0,0,Good,Rent,Central,Fully Paid,No,Good (670-739),Lower-Middle ($40k-$65k),0
CUST-1961,Male,45,Bachelor,Self-Employed,Married,1,116900.0,736.0,5,LN-2023-10961,Personal,11900.0,12,14.12,1069.14,0.177,13.0,0,Good,Mortgage,North,Fully Paid,No,Good (670-739),High (>$95k),0
CUST-1962,Female,29,Master,Self-Employed,Married,2,122300.0,573.0,2,LN-2023-10962,Home,47600.0,36,14.15,1630.33,0.211,6.0,0,Poor,Rent,North,Current,No,Poor (<580),High (>$95k),0
CUST-1963,Male,47,High School,Self-Employed,Single,0,34700.0,647.0,3,LN-2023-10963,Personal,12500.0,48,16.33,356.37,0.363,8.0,0,Fair,Mortgage,West,Current,No,Fair (580-669),Low (<$40k),0
CUST-1964,Male,21,High School,Self-Employed,Married,0,49900.0,606.0,0,LN-2023-10964,Education,38600.0,36,16.17,1360.3,0.327,0.0,1,Fair,Mortgage,East,Fully Paid,No,Fair (580-669),Lower-Middle ($40k-$65k),0
CUST-1965,Male,43,Master,Employed,Single,2,70400.0,737.0,2,LN-2023-10965,Personal,26000.0,24,14.02,1248.58,0.294,11.0,0,Good,Rent,South,Current,No,Good (670-739),Upper-Middle ($65k-$95k),0
CUST-1966,Male,30,High School,Unemployed,Single,3,32500.0,629.0,2,LN-2023-10966,Home,60900.0,36,13.07,2054.02,0.75,0.0,0,Fair,Rent,South,Current,No,Fair (580-669),Low (<$40k),0
CUST-1967,Female,62,High School,Self-Employed,Single,2,50700.0,850.0,0,LN-2023-10967,Home,46000.0,12,6.79,3975.78,0.75,2.0,0,Excellent,Own,East,Defaulted,Yes,Excellent (800+),Lower-Middle ($40k-$65k),1
CUST-1968,Male,45,Bachelor,Self-Employed,Single,1,127100.0,688.0,0,LN-2023-10968,Education,28800.0,36,14.09,985.58,0.093,13.0,0,Good,Rent,North,Current,No,Good (670-739),High (>$95k),0
CUST-1969,Female,23,Bachelor,Employed,Single,0,48600.0,770.0,1,LN-2023-10969,Home,94200.0,48,9.01,2344.62,0.629,2.0,0,Excellent,Rent,West,Current,No,Very Good (740-799),Lower-Middle ($40k-$65k),0
CUST-1970,Male,26,Master,Employed,Married,0,62400.0,583.0,0,LN-2023-10970,Home,52100.0,48,14.1,1426.32,0.274,5.0,1,Fair,Own,South,Current,No,Fair (580-669),Lower-Middle ($40k-$65k),0
CUST-1971,Female,26,Bachelor,Employed,Single,2,78100.0,670.0,4,LN-2023-10971,Auto,46700.0,36,11.85,1547.76,0.363,0.0,0,Good,Rent,South,Current,No,Good (670-739),Upper-Middle ($65k-$95k),0
CUST-1972,Female,22,High School,Unemployed,Single,0,34800.0,722.0,1,LN-2023-10972,Auto,33500.0,48,11.87,880.05,0.362,0.0,0,Good,Mortgage,West,Current,No,Good (670-739),Low (<$40k),0
CUST-1973,Female,38,Bachelor,Employed,Married,2,57200.0,582.0,2,LN-2023-10973,Personal,21900.0,60,18.81,565.81,0.221,10.0,0,Fair,Rent,East,Fully Paid,No,Fair (580-669),Lower-Middle ($40k-$65k),0
CUST-1974,Male,43,Bachelor,Employed,Divorced,1,19800.0,671.0,2,LN-2023-10974,Home,117600.0,24,11.4,5502.95,0.75,8.0,1,Good,Rent,West,Defaulted,Yes,Good (670-739),Low (<$40k),1
CUST-1975,Male,22,Bachelor,Employed,Single,1,31100.0,759.0,1,LN-2023-10975,Business,43600.0,24,12.71,2066.89,0.75,0.0,0,Excellent,Rent,Central,Current,No,Very Good (740-799),Low (<$40k),0
CUST-1976,Male,32,Bachelor,Self-Employed,Single,2,82700.0,642.0,2,LN-2023-10976,Home,92500.0,48,11.68,2421.37,0.382,6.0,0,Fair,Rent,Central,Fully Paid,No,Fair (580-669),Upper-Middle ($65k-$95k),0
CUST-1977,Female,42,Master,Self-Employed,Divorced,2,46100.0,597.0,0,LN-2023-10977,Home,94000.0,48,13.43,2541.89,0.662,2.0,0,Fair,Rent,South,Defaulted,Yes,Fair (580-669),Lower-Middle ($40k-$65k),1
CUST-1978,Male,57,Master,Self-Employed,Married,1,60600.0,823.0,1,LN-2023-10978,Personal,31100.0,36,12.13,1034.9,0.252,12.0,0,Excellent,Rent,North,Current,No,Excellent (800+),Lower-Middle ($40k-$65k),0
CUST-1979,Male,40,Bachelor,Employed,Married,3,63200.0,570.0,4,LN-2023-10979,Education,10500.0,60,17.07,261.35,0.244,4.0,2,Poor,Mortgage,North,Defaulted,Yes,Poor (<580),Lower-Middle ($40k-$65k),1
CUST-1980,Female,59,Bachelor,Employed,Married,4,20900.0,683.0,0,LN-2023-10980,Personal,25000.0,24,16.53,1230.42,0.706,12.0,0,Good,Mortgage,West,Current,No,Good (670-739),Low (<$40k),0
CUST-1981,Male,44,Bachelor,Employed,Married,3,53000.0,609.0,1,LN-2023-10981,Personal,19700.0,36,17.87,710.92,0.19,10.0,0,Fair,Rent,North,Fully Paid,No,Fair (580-669),Lower-Middle ($40k-$65k),0
CUST-1982,Female,40,PhD,Employed,Divorced,2,54900.0,590.0,2,LN-2023-10982,Home,116900.0,12,14.04,10498.31,0.75,6.0,0,Fair,Rent,South,Defaulted,Yes,Fair (580-669),Lower-Middle ($40k-$65k),1
CUST-1983,Male,21,PhD,Self-Employed,Single,2,54400.0,733.0,2,LN-2023-10983,Home,115700.0,12,9.81,10161.65,0.75,0.0,0,Good,Own,West,Current,No,Good (670-739),Lower-Middle ($40k-$65k),0
CUST-1984,Male,21,High School,Employed,Married,1,34200.0,652.0,2,LN-2023-10984,Business,20800.0,12,17.3,1900.02,0.75,0.0,0,Fair,Rent,Central,Defaulted,Yes,Fair (580-669),Low (<$40k),1
CUST-1985,Female,37,Bachelor,Employed,Single,0,38900.0,704.0,3,LN-2023-10985,Personal,10400.0,36,16.06,365.94,0.221,9.0,0,Good,Own,North,Fully Paid,No,Good (670-739),Low (<$40k),0
CUST-1986,Male,21,Bachelor,Employed,Divorced,0,77700.0,478.0,0,LN-2023-10986,Home,60400.0,36,15.69,2114.25,0.327,0.0,1,Poor,Mortgage,North,Defaulted,Yes,Poor (<580),Upper-Middle ($65k-$95k),1
CUST-1987,Female,65,High School,Employed,Single,0,84100.0,712.0,2,LN-2023-10987,Personal,16400.0,12,14.0,1472.51,0.255,8.0,0,Good,Mortgage,North,Fully Paid,No,Good (670-739),Upper-Middle ($65k-$95k),0
CUST-1988,Male,50,High School,Unemployed,Single,0,18000.0,608.0,3,LN-2023-10988,Auto,44400.0,36,13.27,1501.79,0.75,0.0,0,Fair,Mortgage,North,Defaulted,Yes,Fair (580-669),Low (<$40k),1
CUST-1989,Male,61,Bachelor,Employed,Single,1,48100.0,510.0,0,LN-2023-10989,Home,45400.0,36,15.77,1590.98,0.397,17.0,0,Poor,Rent,Central,Fully Paid,No,Poor (<580),Lower-Middle ($40k-$65k),0
CUST-1990,Female,67,Bachelor,Self-Employed,Married,0,60000.0,830.0,1,LN-2023-10990,Auto,28600.0,24,8.91,1305.4,0.293,26.0,0,Excellent,Rent,North,Current,No,Excellent (800+),Lower-Middle ($40k-$65k),0
CUST-1991,Female,23,High School,Employed,Married,3,29800.0,721.0,1,LN-2023-10991,Home,120200.0,12,9.79,10555.75,0.75,1.0,0,Good,Mortgage,West,Fully Paid,No,Good (670-739),Low (<$40k),0
CUST-1992,Female,66,Bachelor,Employed,Single,2,35200.0,689.0,0,LN-2023-10992,Auto,45200.0,24,13.48,2159.1,0.736,14.0,0,Good,Mortgage,North,Fully Paid,No,Good (670-739),Low (<$40k),0
CUST-1993,Male,31,Bachelor,Employed,Married,0,30000.0,776.0,1,LN-2023-10993,Home,100900.0,36,8.32,3176.76,0.75,6.0,0,Excellent,Mortgage,North,Defaulted,Yes,Very Good (740-799),Low (<$40k),1
CUST-1994,Female,44,Bachelor,Employed,Single,0,34600.0,691.0,2,LN-2023-10994,Home,115500.0,36,12.8,3880.53,0.75,1.0,0,Good,Mortgage,North,Defaulted,Yes,Good (670-739),Low (<$40k),1
CUST-1995,Male,42,Bachelor,Self-Employed,Single,2,150700.0,602.0,3,LN-2023-10995,Home,72500.0,36,13.22,2450.5,0.246,7.0,0,Fair,Mortgage,North,Fully Paid,No,Fair (580-669),High (>$95k),0
CUST-1996,Male,64,High School,Employed,Single,2,36000.0,655.0,2,LN-2023-10996,Home,69300.0,24,12.92,3292.04,0.75,20.0,2,Fair,Rent,North,Defaulted,Yes,Fair (580-669),Low (<$40k),1
CUST-1997,Female,65,Bachelor,Employed,Married,3,18000.0,612.0,3,LN-2023-10997,Education,7700.0,60,16.07,187.54,0.613,1.0,0,Fair,Mortgage,North,Fully Paid,No,Fair (580-669),Low (<$40k),0
CUST-1998,Male,46,High School,Employed,Married,4,37700.0,627.0,0,LN-2023-10998,Home,87800.0,36,10.73,2863.25,0.75,11.0,0,Fair,Rent,West,Defaulted,Yes,Fair (580-669),Low (<$40k),1
CUST-1999,Female,33,Bachelor,Employed,Married,4,30700.0,563.0,0,LN-2023-10999,Business,51900.0,48,18.74,1544.7,0.604,7.0,0,Poor,Rent,North,Fully Paid,No,Poor (<580),Low (<$40k),0
CUST-2000,Male,21,High School,Self-Employed,Married,0,58000.0,587.0,4,LN-2023-11000,Personal,13800.0,24,17.87,688.09,0.281,0.0,0,Fair,Mortgage,North,Fully Paid,No,Fair (580-669),Lower-Middle ($40k-$65k),0
CUST-2001,Male,44,Bachelor,Employed,Married,0,61500.0,746.0,3,LN-2023-11001,Personal,6300.0,36,14.34,216.36,0.18,2.0,0,Excellent,Mortgage,South,Fully Paid,No,Very Good (740-799),Lower-Middle ($40k-$65k),0
CUST-2002,Female,30,High School,Employed,Single,2,50300.0,698.0,0,LN-2023-11002,Home,64600.0,36,10.93,2112.78,0.504,8.0,0,Good,Rent,West,Current,No,Good (670-739),Lower-Middle ($40k-$65k),0
CUST-2003,Female,55,Bachelor,Self-Employed,Married,0,71000.0,627.0,2,LN-2023-11003,Personal,8900.0,48,17.74,260.23,0.098,18.0,0,Fair,Rent,North,Current,No,Fair (580-669),Upper-Middle ($65k-$95k),0
CUST-2004,Female,44,Master,Employed,Married,2,65800.0,582.0,1,LN-2023-11004,Home,125200.0,36,14.65,4318.67,0.75,7.0,0,Fair,Rent,East,Defaulted,Yes,Fair (580-669),Upper-Middle ($65k-$95k),1
CUST-2005,Female,48,High School,Employed,Married,1,25500.0,635.0,1,LN-2023-11005,Personal,31000.0,36,16.0,1089.87,0.625,6.0,1,Fair,Own,North,Fully Paid,No,Fair (580-669),Low (<$40k),0
CUST-2006,Female,56,Bachelor,Employed,Single,2,60800.0,526.0,3,LN-2023-11006,Education,6100.0,24,17.28,302.42,0.166,17.0,0,Poor,Rent,South,Defaulted,Yes,Poor (<580),Lower-Middle ($40k-$65k),1
CUST-2007,Female,36,High School,Employed,Married,0,77700.0,680.0,2,LN-2023-11007,Auto,16500.0,60,14.32,386.67,0.113,12.0,0,Good,Mortgage,East,Current,No,Good (670-739),Upper-Middle ($65k-$95k),0
CUST-2008,Female,60,Bachelor,Self-Employed,Married,1,163500.0,750.0,0,LN-2023-11008,Home,120500.0,24,9.65,5541.02,0.407,17.0,0,Excellent,Rent,West,Fully Paid,No,Very Good (740-799),High (>$95k),0
CUST-2009,Male,36,Bachelor,Employed,Divorced,1,56500.0,850.0,1,LN-2023-11009,Education,7300.0,24,10.24,337.67,0.129,9.0,0,Excellent,Rent,South,Current,No,Excellent (800+),Lower-Middle ($40k-$65k),0
CUST-2010,Male,37,Bachelor,Unemployed,Married,3,20800.0,576.0,1,LN-2023-11010,Personal,30400.0,24,18.28,1521.81,0.75,0.0,0,Poor,Mortgage,South,Defaulted,Yes,Poor (<580),Low (<$40k),1
CUST-2011,Male,35,Bachelor,Employed,Single,0,78700.0,746.0,2,LN-2023-11011,Education,18900.0,36,13.87,644.76,0.154,4.0,0,Excellent,Own,East,Fully Paid,No,Very Good (740-799),Upper-Middle ($65k-$95k),0
CUST-2012,Female,36,Master,Unemployed,Divorced,3,53300.0,609.0,1,LN-2023-11012,Home,90800.0,24,13.43,4335.16,0.75,6.0,1,Fair,Mortgage,South,Defaulted,Yes,Fair (580-669),Lower-Middle ($40k-$65k),1
CUST-2013,Female,35,Bachelor,Employed,Single,2,50500.0,574.0,4,LN-2023-11013,Personal,25200.0,48,19.62,761.75,0.427,5.0,2,Poor,Own,North,Defaulted,Yes,Poor (<580),Lower-Middle ($40k-$65k),1
CUST-2014,Male,54,Bachelor,Employed,Divorced,2,85900.0,574.0,2,LN-2023-11014,Education,14300.0,36,17.39,512.61,0.106,8.0,0,Poor,Own,East,Current,No,Poor (<580),Upper-Middle ($65k-$95k),0
CUST-2015,Female,31,Bachelor,Employed,Married,2,43400.0,681.0,0,LN-2023-11015,Home,53600.0,24,11.16,2502.16,0.692,6.0,0,Good,Rent,Central,Current,No,Good (670-739),Lower-Middle ($40k-$65k),0
CUST-2016,Female,21,PhD,Employed,Married,1,107700.0,590.0,2,LN-2023-11016,Auto,40800.0,60,15.53,982.02,0.17,0.0,0,Fair,Mortgage,Central,Fully Paid,No,Fair (580-669),High (>$95k),0
CUST-2017,Male,35,Master,Self-Employed,Married,0,138500.0,618.0,1,LN-2023-11017,Education,39500.0,36,16.64,1401.22,0.139,2.0,0,Fair,Mortgage,East,Current,No,Fair (580-669),High (>$95k),0
CUST-2018,Female,46,Bachelor,Self-Employed,Married,0,40400.0,632.0,0,LN-2023-11018,Education,28400.0,48,14.1,777.5,0.231,8.0,0,Fair,Mortgage,South,Current,No,Fair (580-669),Lower-Middle ($40k-$65k),0
CUST-2019,Female,24,Master,Employed,Married,2,61500.0,607.0,1,LN-2023-11019,Education,34100.0,36,15.98,1198.52,0.27,2.0,0,Fair,Mortgage,East,Fully Paid,No,Fair (580-669),Lower-Middle ($40k-$65k),0
CUST-2020,Male,63,Bachelor,Employed,Married,2,96600.0,600.0,4,LN-2023-11020,Home,125000.0,36,13.64,4250.38,0.617,27.0,0,Fair,Mortgage,West,Fully Paid,No,Fair (580-669),High (>$95k),0
CUST-2021,Female,25,Master,Employed,Single,0,102700.0,463.0,1,LN-2023-11021,Auto,18700.0,12,17.92,1713.7,0.231,1.0,0,Poor,Rent,North,Current,No,Poor (<580),High (>$95k),0
CUST-2022,Male,55,Master,Unemployed,Divorced,1,43400.0,677.0,2,LN-2023-11022,Personal,13200.0,48,15.64,371.66,0.257,0.0,0,Good,Mortgage,West,Current,No,Good (670-739),Lower-Middle ($40k-$65k),0
CUST-2023,Female,33,High School,Self-Employed,Married,1,82700.0,675.0,1,LN-2023-11023,Education,13400.0,60,13.78,310.27,0.08,10.0,0,Good,Mortgage,East,Fully Paid,No,Good (670-739),Upper-Middle ($65k-$95k),0
CUST-2024,Female,30,Bachelor,Employed,Married,0,53900.0,602.0,1,LN-2023-11024,Home,50300.0,24,13.55,2404.37,0.594,1.0,0,Fair,Mortgage,South,Current,No,Fair (580-669),Lower-Middle ($40k-$65k),0
CUST-2025,Female,31,Bachelor,Self-Employed,Married,1,194500.0,668.0,2,LN-2023-11025,Home,107200.0,48,11.93,2819.3,0.205,0.0,0,Good,Rent,Central,Current,No,Fair (580-669),High (>$95k),0
CUST-2026,Male,38,Bachelor,Self-Employed,Married,0,76900.0,788.0,3,LN-2023-11026,Education,11000.0,36,11.98,365.25,0.15,2.0,0,Excellent,Rent,North,Current,No,Very Good (740-799),Upper-Middle ($65k-$95k),0
CUST-2027,Female,54,Bachelor,Employed,Single,0,18000.0,672.0,0,LN-2023-11027,Education,9200.0,24,13.14,437.99,0.292,3.0,0,Good,Mortgage,Central,Fully Paid,No,Good (670-739),Low (<$40k),0
CUST-2028,Female,59,Bachelor,Self-Employed,Married,1,63700.0,783.0,0,LN-2023-11028,Business,45000.0,60,14.43,1057.13,0.199,3.0,0,Excellent,Rent,South,Fully Paid,No,Very Good (740-799),Lower-Middle ($40k-$65k),0
CUST-2029,Male,61,High School,Employed,Married,1,39800.0,850.0,1,LN-2023-11029,Home,50100.0,12,8.44,4368.32,0.75,23.0,0,Excellent,Rent,West,Current,No,Excellent (800+),Low (<$40k),0
CUST-2030,Female,62,High School,Employed,Single,0,70200.0,850.0,1,LN-2023-11030,Personal,8200.0,24,11.93,385.73,0.093,21.0,0,Excellent,Rent,North,Current,No,Excellent (800+),Upper-Middle ($65k-$95k),0
CUST-2031,Male,43,Bachelor,Employed,Divorced,0,51300.0,568.0,2,LN-2023-11031,Business,24900.0,60,17.65,627.56,0.196,12.0,0,Poor,Rent,East,Fully Paid,No,Poor (<580),Lower-Middle ($40k-$65k),0
CUST-2032,Female,27,High School,Employed,Married,0,80500.0,569.0,0,LN-2023-11032,Home,119600.0,36,13.15,4038.44,0.602,4.0,0,Poor,Rent,North,Defaulted,Yes,Poor (<580),Upper-Middle ($65k-$95k),1
CUST-2033,Male,59,High School,Employed,Single,0,63100.0,632.0,2,LN-2023-11033,Education,32500.0,36,15.65,1137.0,0.318,25.0,0,Fair,Own,South,Fully Paid,No,Fair (580-669),Lower-Middle ($40k-$65k),0
CUST-2034,Male,23,High School,Employed,Married,0,31300.0,680.0,2,LN-2023-11034,Auto,42700.0,48,12.02,1124.87,0.538,0.0,0,Good,Own,West,Fully Paid,No,Good (670-739),Low (<$40k),0
CUST-2035,Male,32,Bachelor,Self-Employed,Married,0,67900.0,804.0,1,LN-2023-11035,Education,35500.0,24,11.88,1669.12,0.33,6.0,0,Excellent,Rent,South,Fully Paid,No,Excellent (800+),Upper-Middle ($65k-$95k),0
CUST-2036,Female,27,Bachelor,Employed,Married,0,44300.0,723.0,1,LN-2023-11036,Auto,45900.0,24,12.08,2162.39,0.649,3.0,0,Good,Mortgage,East,Current,No,Good (670-739),Lower-Middle ($40k-$65k),0
CUST-2037,Male,46,High School,Employed,Married,2,53400.0,567.0,0,LN-2023-11037,Education,12300.0,60,16.53,302.59,0.08,20.0,3,Poor,Mortgage,West,Defaulted,Yes,Poor (<580),Lower-Middle ($40k-$65k),1
CUST-2038,Female,53,PhD,Self-Employed,Divorced,1,75100.0,618.0,0,LN-2023-11038,Personal,29100.0,24,14.81,1408.34,0.225,6.0,0,Fair,Rent,East,Current,No,Fair (580-669),Upper-Middle ($65k-$95k),0
CUST-2039,Male,57,Bachelor,Employed,Single,0,65000.0,666.0,2,LN-2023-11039,Business,56800.0,36,14.71,1960.93,0.425,2.0,0,Fair,Mortgage,East,Current,No,Fair (580-669),Lower-Middle ($40k-$65k),0
CUST-2040,Male,35,Bachelor,Employed,Married,0,55600.0,543.0,1,LN-2023-11040,Personal,7800.0,24,18.38,390.84,0.124,8.0,0,Poor,Rent,West,Fully Paid,No,Poor (<580),Lower-Middle ($40k-$65k),0
CUST-2041,Female,22,Bachelor,Unemployed,Married,0,20500.0,671.0,2,LN-2023-11041,Personal,22000.0,48,15.4,616.75,0.635,0.0,1,Good,Mortgage,North,Defaulted,Yes,Good (670-739),Low (<$40k),1
CUST-2042,Female,61,Bachelor,Self-Employed,Married,2,181900.0,568.0,1,LN-2023-11042,Home,72800.0,60,14.33,1706.41,0.122,25.0,0,Poor,Own,North,Current,No,Poor (<580),High (>$95k),0
CUST-2043,Male,27,Bachelor,Employed,Single,0,53500.0,529.0,0,LN-2023-11043,Auto,11800.0,24,16.87,582.68,0.131,2.0,1,Poor,Own,East,Fully Paid,No,Poor (<580),Lower-Middle ($40k-$65k),0
CUST-2044,Female,52,High School,Employed,Married,0,20600.0,589.0,1,LN-2023-11044,Auto,13000.0,36,16.7,461.55,0.38,15.0,0,Fair,Mortgage,Central,Fully Paid,No,Fair (580-669),Low (<$40k),0
CUST-2045,Female,24,High School,Unemployed,Married,0,27100.0,704.0,2,LN-2023-11045,Home,81000.0,48,11.17,2100.18,0.75,0.0,0,Good,Own,East,Defaulted,Yes,Good (670-739),Low (<$40k),1
CUST-2046,Female,40,Master,Employed,Single,1,122500.0,704.0,1,LN-2023-11046,Auto,41400.0,48,12.36,1097.55,0.127,1.0,1,Good,Mortgage,West,Current,No,Good (670-739),High (>$95k),0
CUST-2047,Male,56,Bachelor,Employed,Married,0,25800.0,678.0,2,LN-2023-11047,Education,16600.0,36,14.74,573.33,0.435,29.0,0,Good,Mortgage,East,Fully Paid,No,Good (670-739),Low (<$40k),0
CUST-2048,Male,52,Bachelor,Employed,Married,1,62500.0,754.0,0,LN-2023-11048,Auto,39100.0,24,11.39,1829.45,0.478,3.0,0,Excellent,Rent,East,Current,No,Very Good (740-799),Lower-Middle ($40k-$65k),0
CUST-2049,Female,48,Master,Employed,Married,0,94700.0,745.0,0,LN-2023-11049,Home,49700.0,36,9.55,1593.2,0.202,2.0,0,Excellent,Rent,North,Current,No,Very Good (740-799),Upper-Middle ($65k-$95k),0
CUST-2050,Male,33,Bachelor,Self-Employed,Married,0,91500.0,687.0,1,LN-2023-11050,Auto,25000.0,48,13.19,673.05,0.11,0.0,0,Good,Mortgage,Central,Fully Paid,No,Good (670-739),Upper-Middle ($65k-$95k),0
CUST-2051,Female,21,Bachelor,Self-Employed,Married,1,72100.0,675.0,1,LN-2023-11051,Education,10300.0,60,15.08,245.47,0.08,0.0,0,Good,Own,East,Fully Paid,No,Good (670-739),Upper-Middle ($65k-$95k),0
CUST-2052,Male,55,Bachelor,Unemployed,Married,2,22200.0,681.0,2,LN-2023-11052,Business,80400.0,36,16.35,2840.54,0.75,0.0,0,Good,Mortgage,Central,Defaulted,Yes,Good (670-739),Low (<$40k),1
CUST-2053,Female,50,High School,Self-Employed,Single,1,37000.0,657.0,1,LN-2023-11053,Personal,31100.0,24,17.06,1538.55,0.582,2.0,0,Fair,Mortgage,North,Current,No,Fair (580-669),Low (<$40k),0
CUST-2054,Female,56,Master,Employed,Single,0,26400.0,485.0,0,LN-2023-11054,Personal,12400.0,12,21.5,1157.59,0.526,22.0,0,Poor,Rent,South,Fully Paid,No,Poor (<580),Low (<$40k),0
CUST-2055,Female,45,Bachelor,Employed,Single,1,158100.0,766.0,2,LN-2023-11055,Personal,31700.0,60,14.65,748.33,0.081,19.0,0,Excellent,Own,North,Current,No,Very Good (740-799),High (>$95k),0
CUST-2056,Male,36,Master,Unemployed,Single,0,18000.0,703.0,1,LN-2023-11056,Home,108900.0,36,9.97,3512.36,0.75,0.0,0,Good,Mortgage,Central,Defaulted,Yes,Good (670-739),Low (<$40k),1
CUST-2057,Female,39,PhD,Employed,Married,2,100500.0,566.0,1,LN-2023-11057,Home,45100.0,48,14.22,1237.41,0.175,4.0,1,Poor,Mortgage,West,Current,No,Poor (<580),High (>$95k),0
CUST-2058,Male,21,Master,Employed,Divorced,1,72500.0,791.0,2,LN-2023-11058,Auto,28400.0,36,12.03,943.69,0.208,0.0,0,Excellent,Own,West,Current,No,Very Good (740-799),Upper-Middle ($65k-$95k),0
CUST-2059,Male,25,Master,Self-Employed,Married,0,134000.0,619.0,0,LN-2023-11059,Auto,41700.0,60,13.62,962.09,0.086,0.0,0,Fair,Own,West,Fully Paid,No,Fair (580-669),High (>$95k),0
CUST-2060,Female,42,Bachelor,Employed,Married,1,66200.0,660.0,3,LN-2023-11060,Home,90400.0,24,11.77,4245.74,0.75,7.0,0,Fair,Rent,North,Current,No,Fair (580-669),Upper-Middle ($65k-$95k),0
CUST-2061,Female,44,Bachelor,Employed,Married,2,67400.0,757.0,1,LN-2023-11061,Personal,18900.0,36,13.4,640.46,0.136,6.0,0,Excellent,Mortgage,South,Fully Paid,No,Very Good (740-799),Upper-Middle ($65k-$95k),0
CUST-2062,Female,63,Bachelor,Self-Employed,Married,0,22100.0,688.0,1,LN-2023-11062,Home,83100.0,60,11.25,1817.17,0.75,8.0,0,Good,Rent,West,Fully Paid,No,Good (670-739),Low (<$40k),0
CUST-2063,Female,65,Bachelor,Unemployed,Divorced,2,18000.0,783.0,3,LN-2023-11063,Personal,14500.0,36,14.37,498.19,0.75,0.0,0,Excellent,Own,South,Fully Paid,No,Very Good (740-799),Low (<$40k),0
CUST-2064,Male,57,Master,Employed,Married,2,108800.0,640.0,2,LN-2023-11064,Education,6900.0,12,15.66,624.93,0.125,20.0,0,Fair,Rent,West,Current,No,Fair (580-669),High (>$95k),0
CUST-2065,Male,56,High School,Self-Employed,Married,0,75800.0,813.0,0,LN-2023-11065,Home,97800.0,24,8.29,4436.18,0.702,4.0,0,Excellent,Own,South,Current,No,Excellent (800+),Upper-Middle ($65k-$95k),0
CUST-2066,Female,56,Master,Employed,Married,3,50700.0,603.0,1,LN-2023-11066,Auto,39100.0,24,15.5,1905.13,0.481,26.0,0,Fair,Rent,East,Fully Paid,No,Fair (580-669),Lower-Middle ($40k-$65k),0
CUST-2067,Male,24,Master,Employed,Married,1,38300.0,781.0,1,LN-2023-11067,Home,112200.0,60,8.07,2278.77,0.75,2.0,0,Excellent,Own,South,Current,No,Very Good (740-799),Low (<$40k),0
CUST-2068,Male,56,PhD,Self-Employed,Married,2,113000.0,477.0,1,LN-2023-11068,Auto,33700.0,24,16.58,1659.41,0.205,21.0,1,Poor,Mortgage,Central,Fully Paid,No,Poor (<580),High (>$95k),0
CUST-2069,Male,38,Master,Unemployed,Married,2,18000.0,576.0,2,LN-2023-11069,Auto,23000.0,60,16.41,564.34,0.566,6.0,2,Poor,Mortgage,South,Defaulted,Yes,Poor (<580),Low (<$40k),1
CUST-2070,Male,36,Bachelor,Employed,Married,1,37500.0,695.0,1,LN-2023-11070,Personal,3700.0,12,13.39,331.15,0.141,12.0,0,Good,Rent,South,Current,No,Good (670-739),Low (<$40k),0
CUST-2071,Male,61,High School,Employed,Single,0,108400.0,635.0,0,LN-2023-11071,Auto,44000.0,24,13.85,2109.45,0.234,32.0,0,Fair,Rent,North,Current,No,Fair (580-669),High (>$95k),0
CUST-2072,Male,38,High School,Employed,Married,3,94100.0,663.0,1,LN-2023-11072,Personal,15400.0,60,16.69,380.17,0.08,8.0,0,Fair,Mortgage,North,Fully Paid,No,Fair (580-669),Upper-Middle ($65k-$95k),0
CUST-2073,Male,42,Bachelor,Employed,Married,0,78300.0,673.0,0,LN-2023-11073,Home,96100.0,60,11.65,2120.73,0.325,9.0,0,Good,Rent,East,Current,No,Good (670-739),Upper-Middle ($65k-$95k),0
CUST-2074,Male,22,Bachelor,Employed,Single,0,72200.0,568.0,1,LN-2023-11074,Auto,17400.0,24,13.82,833.95,0.168,0.0,0,Poor,Mortgage,West,Current,No,Poor (<580),Upper-Middle ($65k-$95k),0
CUST-2075,Female,41,Master,Employed,Divorced,0,32400.0,575.0,1,LN-2023-11075,Auto,15400.0,24,16.02,754.18,0.333,12.0,0,Poor,Own,Central,Fully Paid,No,Poor (<580),Low (<$40k),0
CUST-2076,Male,56,Master,Employed,Married,2,55800.0,689.0,2,LN-2023-11076,Auto,13300.0,36,12.54,445.19,0.155,16.0,0,Good,Rent,East,Fully Paid,No,Good (670-739),Lower-Middle ($40k-$65k),0
CUST-2077,Male,64,Bachelor,Employed,Married,3,55000.0,613.0,1,LN-2023-11077,Personal,26200.0,12,17.4,2394.54,0.555,34.0,0,Fair,Mortgage,West,Fully Paid,No,Fair (580-669),Lower-Middle ($40k-$65k),0
CUST-2078,Female,59,High School,Employed,Divorced,0,35500.0,783.0,0,LN-2023-11078,Personal,21700.0,60,13.14,495.3,0.167,8.0,0,Excellent,Rent,East,Fully Paid,No,Very Good (740-799),Low (<$40k),0
CUST-2079,Male,67,High School,Self-Employed,Married,2,48200.0,653.0,3,LN-2023-11079,Personal,21000.0,36,15.95,737.78,0.269,12.0,0,Fair,Own,Central,Defaulted,Yes,Fair (580-669),Lower-Middle ($40k-$65k),1
CUST-2080,Female,59,High School,Employed,Married,0,88100.0,731.0,2,LN-2023-11080,Personal,29700.0,36,13.46,1007.3,0.194,10.0,0,Good,Rent,South,Fully Paid,No,Good (670-739),Upper-Middle ($65k-$95k),0
CUST-2081,Female,49,Bachelor,Employed,Married,4,49300.0,707.0,1,LN-2023-11081,Home,58500.0,12,10.49,5156.42,0.75,19.0,0,Good,Rent,East,Current,No,Good (670-739),Lower-Middle ($40k-$65k),0
CUST-2082,Male,46,Bachelor,Self-Employed,Divorced,1,62000.0,618.0,4,LN-2023-11082,Home,59500.0,12,13.57,5330.3,0.75,2.0,3,Fair,Own,Central,Defaulted,Yes,Fair (580-669),Lower-Middle ($40k-$65k),1
CUST-2083,Male,41,High School,Self-Employed,Divorced,0,78800.0,501.0,3,LN-2023-11083,Auto,17200.0,36,16.98,613.06,0.208,8.0,0,Poor,Mortgage,North,Fully Paid,No,Poor (<580),Upper-Middle ($65k-$95k),0
CUST-2084,Female,37,Bachelor,Employed,Single,0,33200.0,770.0,0,LN-2023-11084,Education,20400.0,24,11.6,956.49,0.346,6.0,0,Excellent,Rent,South,Fully Paid,No,Very Good (740-799),Low (<$40k),0
CUST-2085,Female,36,High School,Employed,Married,0,33600.0,586.0,2,LN-2023-11085,Auto,43200.0,36,14.91,1495.64,0.728,1.0,1,Fair,Mortgage,West,Defaulted,Yes,Fair (580-669),Low (<$40k),1
CUST-2086,Male,51,Bachelor,Self-Employed,Married,0,51900.0,635.0,1,LN-2023-11086,Home,119900.0,48,11.43,3123.98,0.75,11.0,0,Fair,Mortgage,East,Fully Paid,No,Fair (580-669),Lower-Middle ($40k-$65k),0
CUST-2087,Female,29,Bachelor,Employed,Married,2,64500.0,657.0,0,LN-2023-11087,Personal,20100.0,12,15.65,1820.36,0.339,4.0,0,Fair,Mortgage,North,Fully Paid,No,Fair (580-669),Lower-Middle ($40k-$65k),0
CUST-2088,Male,51,Bachelor,Self-Employed,Divorced,0,61900.0,665.0,0,LN-2023-11088,Home,100900.0,36,11.83,3343.14,0.648,2.0,0,Fair,Rent,East,Defaulted,Yes,Fair (580-669),Lower-Middle ($40k-$65k),1
CUST-2089,Female,34,Bachelor,Employed,Divorced,3,54600.0,751.0,1,LN-2023-11089,Personal,29000.0,48,16.0,821.87,0.215,6.0,0,Excellent,Rent,East,Fully Paid,No,Very Good (740-799),Lower-Middle ($40k-$65k),0
CUST-2090,Male,57,PhD,Employed,Married,1,68800.0,670.0,1,LN-2023-11090,Auto,33700.0,36,14.24,1155.72,0.222,6.0,0,Good,Own,South,Current,No,Good (670-739),Upper-Middle ($65k-$95k),0
CUST-2091,Female,22,High School,Employed,Single,2,30300.0,659.0,3,LN-2023-11091,Education,13800.0,60,14.74,326.42,0.268,1.0,0,Fair,Mortgage,South,Current,No,Fair (580-669),Low (<$40k),0
CUST-2092,Female,66,Bachelor,Self-Employed,Married,0,95100.0,756.0,0,LN-2023-11092,Home,104900.0,12,11.06,9274.17,0.75,21.0,0,Excellent,Rent,North,Defaulted,Yes,Very Good (740-799),High (>$95k),1
CUST-2093,Female,34,Master,Self-Employed,Married,3,76900.0,721.0,3,LN-2023-11093,Personal,25300.0,36,15.27,880.38,0.187,6.0,0,Good,Mortgage,East,Current,No,Good (670-739),Upper-Middle ($65k-$95k),0
CUST-2094,Male,53,Bachelor,Employed,Single,1,83100.0,607.0,3,LN-2023-11094,Business,64500.0,24,18.0,3220.1,0.572,8.0,0,Fair,Rent,East,Fully Paid,No,Fair (580-669),Upper-Middle ($65k-$95k),0
CUST-2095,Male,55,Master,Employed,Married,2,47200.0,572.0,2,LN-2023-11095,Personal,10900.0,60,18.37,278.99,0.155,29.0,0,Poor,Rent,East,Fully Paid,No,Poor (<580),Lower-Middle ($40k-$65k),0
CUST-2096,Male,59,Bachelor,Employed,Married,3,46600.0,599.0,0,LN-2023-11096,Business,48000.0,24,17.74,2390.33,0.616,9.0,0,Fair,Rent,North,Fully Paid,No,Fair (580-669),Lower-Middle ($40k-$65k),0
CUST-2097,Male,67,Bachelor,Employed,Married,0,56900.0,665.0,2,LN-2023-11097,Education,22000.0,36,13.18,743.18,0.23,18.0,0,Fair,Mortgage,North,Fully Paid,No,Fair (580-669),Lower-Middle ($40k-$65k),0
CUST-2098,Male,40,High School,Self-Employed,Single,0,53300.0,564.0,1,LN-2023-11098,Home,57400.0,48,13.68,1559.34,0.402,0.0,0,Poor,Mortgage,North,Current,No,Poor (<580),Lower-Middle ($40k-$65k),0
CUST-2099,Female,22,Bachelor,Employed,Divorced,2,88300.0,677.0,2,LN-2023-11099,Personal,16100.0,60,15.51,387.34,0.093,0.0,3,Fair,Mortgage,South,Fully Paid,No,Good (670-739),Upper-Middle ($65k-$95k),0
CUST-2100,Male,61,Bachelor,Unemployed,Divorced,2,18100.0,659.0,1,LN-2023-11100,Business,31300.0,60,15.67,755.68,0.588,0.0,0,Fair,Rent,West,Defaulted,Yes,Fair (580-669),Low (<$40k),1
CUST-2101,Male,39,High School,Employed,Single,1,68700.0,453.0,3,LN-2023-11101,Auto,29000.0,36,17.86,1046.38,0.305,1.0,0,Poor,Rent,South,Defaulted,Yes,Poor (<580),Upper-Middle ($65k-$95k),1
CUST-2102,Female,57,Bachelor,Unemployed,Single,0,26000.0,550.0,0,LN-2023-11102,Personal,4500.0,36,19.7,166.55,0.08,0.0,0,Poor,Rent,West,Fully Paid,No,Poor (<580),Low (<$40k),0
CUST-2103,Female,38,Bachelor,Self-Employed,Married,1,68900.0,424.0,2,LN-2023-11103,Home,125600.0,36,16.71,4459.88,0.75,11.0,0,Poor,Own,North,Defaulted,Yes,Poor (<580),Upper-Middle ($65k-$95k),1
CUST-2104,Female,36,High School,Employed,Divorced,0,32000.0,640.0,3,LN-2023-11104,Auto,19400.0,36,14.12,664.18,0.468,7.0,0,Fair,Rent,West,Fully Paid,No,Fair (580-669),Low (<$40k),0
CUST-2105,Female,24,Bachelor,Employed,Single,0,88400.0,761.0,2,LN-2023-11105,Personal,16500.0,24,15.64,805.06,0.173,2.0,0,Excellent,Mortgage,Central,Current,No,Very Good (740-799),Upper-Middle ($65k-$95k),0
CUST-2106,Male,32,Bachelor,Employed,Single,1,41400.0,509.0,0,LN-2023-11106,Personal,3900.0,48,20.14,118.97,0.08,3.0,0,Poor,Rent,West,Current,No,Poor (<580),Lower-Middle ($40k-$65k),0
CUST-2107,Male,49,High School,Employed,Single,0,48600.0,557.0,1,LN-2023-11107,Personal,8600.0,24,18.55,431.64,0.132,20.0,3,Poor,Rent,West,Current,No,Poor (<580),Lower-Middle ($40k-$65k),0
CUST-2108,Female,27,Bachelor,Employed,Single,1,61400.0,656.0,1,LN-2023-11108,Personal,23100.0,60,17.11,575.46,0.142,0.0,0,Fair,Rent,North,Fully Paid,No,Fair (580-669),Lower-Middle ($40k-$65k),0
CUST-2109,Female,34,Bachelor,Employed,Married,3,57300.0,579.0,1,LN-2023-11109,Personal,6200.0,24,17.59,308.3,0.121,4.0,0,Poor,Own,South,Fully Paid,No,Poor (<580),Lower-Middle ($40k-$65k),0
CUST-2110,Male,32,Bachelor,Unemployed,Married,2,18500.0,579.0,0,LN-2023-11110,Personal,21200.0,36,17.76,763.88,0.495,0.0,1,Poor,Rent,North,Defaulted,Yes,Poor (<580),Low (<$40k),1
CUST-2111,Female,55,Bachelor,Employed,Single,3,43400.0,716.0,0,LN-2023-11111,Personal,3100.0,36,14.79,107.14,0.08,19.0,0,Good,Rent,East,Current,No,Good (670-739),Lower-Middle ($40k-$65k),0
CUST-2112,Male,25,Bachelor,Self-Employed,Divorced,2,34900.0,627.0,2,LN-2023-11112,Personal,16500.0,24,17.18,817.23,0.419,3.0,0,Fair,Rent,South,Current,No,Fair (580-669),Low (<$40k),0
CUST-2113,Male,37,Bachelor,Unemployed,Single,0,41400.0,543.0,0,LN-2023-11113,Business,70500.0,12,18.98,6496.37,0.75,0.0,0,Poor,Mortgage,East,Defaulted,Yes,Poor (<580),Lower-Middle ($40k-$65k),1
CUST-2114,Female,62,Master,Self-Employed,Married,2,71700.0,492.0,3,LN-2023-11114,Auto,45200.0,24,16.81,2230.67,0.484,8.0,1,Poor,Own,East,Fully Paid,No,Poor (<580),Upper-Middle ($65k-$95k),0
CUST-2115,Female,52,Bachelor,Employed,Married,3,59300.0,850.0,1,LN-2023-11115,Home,86900.0,60,7.88,1757.03,0.384,14.0,0,Excellent,Rent,South,Current,No,Excellent (800+),Lower-Middle ($40k-$65k),0
CUST-2116,Female,30,High School,Employed,Single,3,46200.0,765.0,2,LN-2023-11116,Auto,41900.0,60,11.89,929.71,0.305,4.0,0,Excellent,Mortgage,West,Current,No,Very Good (740-799),Lower-Middle ($40k-$65k),0
CUST-2117,Male,63,Bachelor,Employed,Single,2,102900.0,631.0,0,LN-2023-11117,Personal,26300.0,12,16.59,2393.57,0.279,32.0,0,Fair,Mortgage,North,Fully Paid,No,Fair (580-669),High (>$95k),0
CUST-2118,Female,37,Master,Employed,Single,0,185800.0,677.0,3,LN-2023-11118,Education,16100.0,36,13.79,548.62,0.08,1.0,0,Good,Mortgage,Central,Fully Paid,No,Good (670-739),High (>$95k),0
CUST-2119,Male,25,High School,Employed,Married,0,52800.0,628.0,0,LN-2023-11119,Home,119400.0,36,11.69,3948.13,0.75,2.0,1,Fair,Rent,North,Current,No,Fair (580-669),Lower-Middle ($40k-$65k),0
CUST-2120,Male,65,PhD,Self-Employed,Divorced,0,99400.0,713.0,0,LN-2023-11120,Home,99400.0,36,9.56,3186.86,0.385,7.0,0,Good,Rent,South,Current,No,Good (670-739),High (>$95k),0
CUST-2121,Female,62,PhD,Employed,Single,3,56000.0,597.0,0,LN-2023-11121,Business,27300.0,24,16.66,1345.32,0.288,1.0,0,Fair,Rent,Central,Current,No,Fair (580-669),Lower-Middle ($40k-$65k),0
CUST-2122,Female,29,High School,Employed,Single,1,25600.0,623.0,0,LN-2023-11122,Auto,45700.0,60,15.1,1089.6,0.511,1.0,0,Fair,Rent,South,Fully Paid,No,Fair (580-669),Low (<$40k),0
CUST-2123,Female,53,Master,Unemployed,Married,2,18000.0,708.0,1,LN-2023-11123,Home,60000.0,60,11.09,1307.24,0.75,0.0,0,Good,Rent,West,Current,No,Good (670-739),Low (<$40k),0
CUST-2124,Female,56,Bachelor,Employed,Married,1,43900.0,793.0,2,LN-2023-11124,Business,52900.0,12,14.5,4762.19,0.75,29.0,0,Excellent,Own,South,Fully Paid,No,Very Good (740-799),Lower-Middle ($40k-$65k),0
CUST-2125,Female,56,Master,Employed,Divorced,1,30400.0,733.0,1,LN-2023-11125,Education,21900.0,36,12.7,734.74,0.381,6.0,0,Good,Mortgage,Central,Fully Paid,No,Good (670-739),Low (<$40k),0
CUST-2126,Female,38,Bachelor,Self-Employed,Married,0,117500.0,774.0,2,LN-2023-11126,Business,63800.0,12,13.61,5716.72,0.637,14.0,0,Excellent,Mortgage,Central,Current,No,Very Good (740-799),High (>$95k),0
CUST-2127,Male,29,Bachelor,Employed,Married,0,76100.0,643.0,2,LN-2023-11127,Personal,22300.0,36,16.89,793.84,0.208,1.0,0,Fair,Mortgage,Central,Fully Paid,No,Fair (580-669),Upper-Middle ($65k-$95k),0
CUST-2128,Male,49,Bachelor,Employed,Married,1,56100.0,617.0,3,LN-2023-11128,Business,36300.0,60,16.28,888.16,0.311,22.0,0,Fair,Rent,North,Current,No,Fair (580-669),Lower-Middle ($40k-$65k),0
CUST-2129,Male,34,Master,Employed,Single,1,128200.0,505.0,0,LN-2023-11129,Auto,23400.0,36,17.82,843.85,0.08,7.0,2,Poor,Mortgage,North,Defaulted,Yes,Poor (<580),High (>$95k),1
CUST-2130,Male,45,High School,Self-Employed,Married,0,34900.0,676.0,0,LN-2023-11130,Auto,15500.0,36,13.7,527.5,0.181,2.0,0,Good,Rent,East,Current,No,Good (670-739),Low (<$40k),0
CUST-2131,Female,35,Bachelor,Employed,Married,2,43500.0,702.0,0,LN-2023-11131,Personal,6700.0,60,14.69,158.3,0.08,7.0,0,Good,Own,Central,Fully Paid,No,Good (670-739),Lower-Middle ($40k-$65k),0
CUST-2132,Male,26,High School,Employed,Divorced,0,20600.0,644.0,1,LN-2023-11132,Personal,26900.0,48,16.89,774.67,0.593,1.0,0,Fair,Mortgage,South,Current,No,Fair (580-669),Low (<$40k),0
CUST-2133,Male,62,Bachelor,Employed,Single,2,89100.0,603.0,1,LN-2023-11133,Personal,24800.0,24,18.06,1238.84,0.202,13.0,0,Fair,Rent,South,Defaulted,Yes,Fair (580-669),Upper-Middle ($65k-$95k),1
CUST-2134,Male,49,Bachelor,Employed,Married,0,43700.0,775.0,1,LN-2023-11134,Home,82600.0,36,8.32,2600.59,0.75,11.0,0,Excellent,Mortgage,Central,Current,No,Very Good (740-799),Lower-Middle ($40k-$65k),0
CUST-2135,Female,35,Bachelor,Employed,Married,1,63300.0,723.0,0,LN-2023-11135,Personal,5800.0,48,15.63,163.28,0.08,5.0,0,Good,Rent,West,Fully Paid,No,Good (670-739),Lower-Middle ($40k-$65k),0
CUST-2136,Male,49,Bachelor,Employed,Divorced,0,98700.0,781.0,2,LN-2023-11136,Personal,16000.0,12,13.3,1431.33,0.201,16.0,0,Excellent,Mortgage,West,Fully Paid,No,Very Good (740-799),High (>$95k),0
CUST-2137,Female,24,High School,Employed,Married,2,91000.0,588.0,1,LN-2023-11137,Business,40600.0,12,15.51,3674.27,0.503,2.0,1,Fair,Own,North,Current,No,Fair (580-669),Upper-Middle ($65k-$95k),0
CUST-2138,Male,38,High School,Employed,Single,0,48500.0,609.0,1,LN-2023-11138,Auto,39600.0,48,15.58,1113.78,0.33,5.0,0,Fair,Own,South,Defaulted,Yes,Fair (580-669),Lower-Middle ($40k-$65k),1
CUST-2139,Male,64,High School,Employed,Married,1,58400.0,772.0,0,LN-2023-11139,Home,53200.0,12,10.26,4683.56,0.75,34.0,0,Excellent,Rent,East,Current,No,Very Good (740-799),Lower-Middle ($40k-$65k),0
CUST-2140,Female,59,Bachelor,Employed,Divorced,3,41900.0,665.0,1,LN-2023-11140,Auto,27200.0,36,12.88,914.9,0.294,31.0,1,Fair,Mortgage,West,Fully Paid,No,Fair (580-669),Lower-Middle ($40k-$65k),0
CUST-2141,Female,36,PhD,Employed,Single,0,198000.0,621.0,2,LN-2023-11141,Auto,32500.0,24,13.47,1552.29,0.107,1.0,0,Fair,Rent,South,Current,No,Fair (580-669),High (>$95k),0
CUST-2142,Male,31,High School,Employed,Single,0,45600.0,627.0,2,LN-2023-11142,Personal,31600.0,48,17.94,927.26,0.326,0.0,0,Fair,Rent,North,Current,No,Fair (580-669),Lower-Middle ($40k-$65k),0
CUST-2143,Female,34,PhD,Employed,Married,2,96200.0,669.0,3,LN-2023-11143,Auto,13400.0,48,13.15,360.49,0.126,5.0,0,Fair,Own,South,Fully Paid,No,Fair (580-669),High (>$95k),0
CUST-2144,Female,23,Master,Self-Employed,Divorced,1,74500.0,755.0,2,LN-2023-11144,Auto,14300.0,60,12.63,322.67,0.114,1.0,0,Excellent,Mortgage,South,Fully Paid,No,Very Good (740-799),Upper-Middle ($65k-$95k),0
CUST-2145,Male,62,Bachelor,Self-Employed,Married,0,124000.0,656.0,0,LN-2023-11145,Personal,31700.0,12,15.11,2862.83,0.277,10.0,0,Fair,Own,Central,Fully Paid,No,Fair (580-669),High (>$95k),0
CUST-2146,Female,58,Bachelor,Employed,Divorced,1,68800.0,737.0,0,LN-2023-11146,Home,79500.0,36,11.07,2605.36,0.454,8.0,0,Good,Own,Central,Fully Paid,No,Good (670-739),Upper-Middle ($65k-$95k),0
CUST-2147,Female,65,Master,Employed,Married,0,109600.0,709.0,3,LN-2023-11147,Home,108200.0,36,11.45,3565.43,0.468,26.0,0,Good,Rent,North,Fully Paid,No,Good (670-739),High (>$95k),0
CUST-2148,Female,62,High School,Employed,Single,0,57600.0,595.0,2,LN-2023-11148,Auto,39800.0,60,15.59,959.21,0.264,21.0,0,Fair,Rent,South,Fully Paid,No,Fair (580-669),Lower-Middle ($40k-$65k),0
CUST-2149,Female,38,Bachelor,Employed,Married,1,56900.0,595.0,2,LN-2023-11149,Personal,12100.0,24,16.31,594.25,0.176,2.0,1,Fair,Mortgage,West,Current,No,Fair (580-669),Lower-Middle ($40k-$65k),0
CUST-2150,Female,40,Bachelor,Employed,Single,2,95500.0,631.0,2,LN-2023-11150,Auto,18100.0,12,14.16,1626.51,0.232,15.0,0,Fair,Mortgage,South,Fully Paid,No,Fair (580-669),High (>$95k),0
CUST-2151,Female,45,Bachelor,Employed,Married,1,62500.0,556.0,0,LN-2023-11151,Home,68500.0,24,14.77,3313.85,0.542,14.0,1,Poor,Rent,South,Defaulted,Yes,Poor (<580),Lower-Middle ($40k-$65k),1
CUST-2152,Female,58,Master,Self-Employed,Married,1,58100.0,626.0,3,LN-2023-11152,Auto,39000.0,36,13.35,1320.65,0.387,12.0,0,Fair,Mortgage,West,Defaulted,Yes,Fair (580-669),Lower-Middle ($40k-$65k),1
CUST-2153,Female,33,High School,Employed,Married,2,31500.0,798.0,0,LN-2023-11153,Business,78800.0,48,12.68,2101.51,0.75,7.0,0,Excellent,Rent,East,Fully Paid,No,Very Good (740-799),Low (<$40k),0
CUST-2154,Female,24,Bachelor,Employed,Married,0,67200.0,667.0,1,LN-2023-11154,Education,29800.0,48,14.4,820.32,0.166,0.0,0,Fair,Mortgage,West,Fully Paid,No,Fair (580-669),Upper-Middle ($65k-$95k),0
CUST-2155,Female,34,Bachelor,Self-Employed,Married,2,108800.0,604.0,1,LN-2023-11155,Auto,26800.0,12,14.2,2408.82,0.286,5.0,0,Fair,Rent,North,Fully Paid,No,Fair (580-669),High (>$95k),0
CUST-2156,Female,53,Bachelor,Employed,Married,2,131500.0,832.0,1,LN-2023-11156,Personal,10600.0,48,13.41,286.53,0.08,5.0,0,Excellent,Mortgage,East,Fully Paid,No,Excellent (800+),High (>$95k),0
CUST-2157,Male,48,Bachelor,Employed,Divorced,0,28300.0,590.0,1,LN-2023-11157,Auto,26200.0,36,16.09,922.28,0.443,1.0,0,Fair,Rent,West,Fully Paid,No,Fair (580-669),Low (<$40k),0
CUST-2158,Female,57,Bachelor,Unemployed,Married,0,22300.0,588.0,1,LN-2023-11158,Auto,44800.0,36,15.53,1564.66,0.75,0.0,0,Fair,Mortgage,East,Current,No,Fair (580-669),Low (<$40k),0
CUST-2159,Female,28,Master,Self-Employed,Single,4,111600.0,774.0,1,LN-2023-11159,Education,35300.0,36,12.08,1173.81,0.152,2.0,1,Good,Own,North,Current,No,Very Good (740-799),High (>$95k),0
CUST-2160,Male,64,Bachelor,Self-Employed,Married,4,82600.0,726.0,1,LN-2023-11160,Education,17000.0,48,12.45,451.44,0.101,6.0,0,Good,Rent,North,Current,No,Good (670-739),Upper-Middle ($65k-$95k),0
CUST-2161,Female,54,Master,Employed,Single,0,122600.0,658.0,0,LN-2023-11161,Home,72900.0,24,12.24,3439.83,0.337,18.0,0,Fair,Mortgage,East,Fully Paid,No,Fair (580-669),High (>$95k),0
CUST-2162,Male,64,Bachelor,Employed,Married,0,84400.0,740.0,2,LN-2023-11162,Auto,39600.0,60,11.6,872.9,0.17,25.0,0,Excellent,Mortgage,North,Fully Paid,No,Very Good (740-799),Upper-Middle ($65k-$95k),0
CUST-2163,Male,25,High School,Unemployed,Divorced,0,18000.0,695.0,2,LN-2023-11163,Personal,15400.0,24,15.37,749.4,0.75,0.0,0,Good,Own,South,Fully Paid,No,Good (670-739),Low (<$40k),0
CUST-2164,Female,25,High School,Employed,Single,0,31100.0,569.0,1,LN-2023-11164,Home,93700.0,60,13.44,2153.13,0.75,1.0,2,Poor,Rent,South,Defaulted,Yes,Poor (<580),Low (<$40k),1
CUST-2165,Male,51,High School,Self-Employed,Married,1,65000.0,466.0,2,LN-2023-11165,Home,80900.0,48,17.05,2336.47,0.477,1.0,0,Poor,Rent,East,Current,No,Poor (<580),Lower-Middle ($40k-$65k),0
CUST-2166,Female,65,Bachelor,Employed,Single,1,98200.0,621.0,1,LN-2023-11166,Home,65600.0,36,13.48,2225.52,0.296,30.0,0,Fair,Own,South,Defaulted,Yes,Fair (580-669),High (>$95k),1
CUST-2167,Female,29,Bachelor,Employed,Married,3,67100.0,762.0,0,LN-2023-11167,Auto,17200.0,12,10.83,1518.8,0.272,0.0,0,Excellent,Rent,South,Fully Paid,No,Very Good (740-799),Upper-Middle ($65k-$95k),0
CUST-2168,Male,62,Bachelor,Unemployed,Single,0,18000.0,633.0,1,LN-2023-11168,Auto,15300.0,60,15.31,366.48,0.329,0.0,0,Fair,Rent,South,Current,No,Fair (580-669),Low (<$40k),0
CUST-2169,Male,52,Master,Employed,Married,2,48600.0,709.0,0,LN-2023-11169,Auto,10400.0,24,12.14,490.24,0.121,9.0,0,Good,Own,North,Fully Paid,No,Good (670-739),Lower-Middle ($40k-$65k),0
CUST-2170,Male,53,High School,Employed,Married,0,67000.0,685.0,2,LN-2023-11170,Business,39600.0,48,16.83,1139.18,0.275,14.0,0,Good,Rent,West,Defaulted,Yes,Good (670-739),Upper-Middle ($65k-$95k),1
CUST-2171,Female,23,High School,Employed,Married,0,42000.0,526.0,1,LN-2023-11171,Auto,16500.0,60,17.83,417.47,0.193,2.0,0,Poor,Mortgage,West,Fully Paid,No,Poor (<580),Lower-Middle ($40k-$65k),0
CUST-2172,Female,50,Bachelor,Employed,Single,1,66300.0,635.0,0,LN-2023-11172,Business,38100.0,24,18.16,1905.06,0.345,21.0,0,Fair,Mortgage,West,Defaulted,Yes,Fair (580-669),Upper-Middle ($65k-$95k),1
CUST-2173,Female,32,Bachelor,Employed,Married,0,101500.0,700.0,1,LN-2023-11173,Auto,12900.0,60,13.11,294.24,0.08,7.0,0,Good,Mortgage,North,Current,No,Good (670-739),High (>$95k),0
CUST-2174,Male,49,High School,Employed,Single,0,28600.0,603.0,3,LN-2023-11174,Home,74000.0,36,12.84,2487.65,0.75,6.0,0,Fair,Rent,East,Defaulted,Yes,Fair (580-669),Low (<$40k),1
CUST-2175,Female,23,High School,Employed,Married,3,40700.0,639.0,1,LN-2023-11175,Home,89200.0,36,12.03,2963.99,0.75,1.0,0,Fair,Rent,South,Fully Paid,No,Fair (580-669),Lower-Middle ($40k-$65k),0
CUST-2176,Female,46,PhD,Self-Employed,Married,0,84300.0,703.0,5,LN-2023-11176,Auto,45900.0,60,13.1,1046.72,0.312,5.0,0,Good,Own,South,Defaulted,Yes,Good (670-739),Upper-Middle ($65k-$95k),1
CUST-2177,Female,50,Master,Employed,Single,2,91300.0,676.0,4,LN-2023-11177,Auto,23200.0,36,12.72,778.57,0.229,5.0,0,Good,Mortgage,North,Fully Paid,No,Good (670-739),Upper-Middle ($65k-$95k),0
CUST-2178,Male,29,High School,Unemployed,Single,0,24300.0,758.0,2,LN-2023-11178,Auto,11200.0,36,9.94,361.08,0.324,0.0,0,Excellent,Mortgage,Central,Current,No,Very Good (740-799),Low (<$40k),0
CUST-2179,Female,46,Bachelor,Employed,Divorced,0,32300.0,702.0,2,LN-2023-11179,Auto,23800.0,36,12.58,797.11,0.503,12.0,0,Good,Rent,Central,Fully Paid,No,Good (670-739),Low (<$40k),0
CUST-2180,Female,22,Bachelor,Employed,Single,1,62700.0,588.0,1,LN-2023-11180,Education,33800.0,36,15.89,1186.47,0.252,1.0,0,Fair,Mortgage,South,Fully Paid,No,Fair (580-669),Lower-Middle ($40k-$65k),0
CUST-2181,Female,23,Master,Employed,Single,2,115100.0,629.0,1,LN-2023-11181,Personal,12900.0,12,17.35,1178.69,0.147,0.0,0,Fair,Rent,Central,Current,No,Fair (580-669),High (>$95k),0
CUST-2182,Male,66,Bachelor,Self-Employed,Single,0,31400.0,671.0,4,LN-2023-11182,Auto,21100.0,24,13.82,1011.28,0.648,2.0,0,Good,Rent,South,Fully Paid,No,Good (670-739),Low (<$40k),0
CUST-2183,Female,24,High School,Unemployed,Married,1,18000.0,783.0,1,LN-2023-11183,Auto,44900.0,12,11.17,3971.9,0.75,0.0,0,Excellent,Own,East,Defaulted,Yes,Very Good (740-799),Low (<$40k),1
CUST-2184,Female,45,Master,Self-Employed,Married,3,51800.0,629.0,0,LN-2023-11184,Personal,11600.0,12,17.78,1062.27,0.246,16.0,0,Fair,Rent,West,Current,No,Fair (580-669),Lower-Middle ($40k-$65k),0
CUST-2185,Male,33,Bachelor,Employed,Married,2,47100.0,522.0,0,LN-2023-11185,Business,87900.0,48,18.51,2605.55,0.664,9.0,1,Poor,Own,East,Current,No,Poor (<580),Lower-Middle ($40k-$65k),0
CUST-2186,Female,59,Bachelor,Employed,Married,0,20400.0,707.0,2,LN-2023-11186,Education,34300.0,12,12.78,3060.04,0.75,20.0,0,Good,Own,North,Fully Paid,No,Good (670-739),Low (<$40k),0
CUST-2187,Female,64,Bachelor,Self-Employed,Married,2,135300.0,605.0,1,LN-2023-11187,Home,103200.0,24,14.47,4977.87,0.465,16.0,0,Fair,Mortgage,South,Fully Paid,No,Fair (580-669),High (>$95k),0
CUST-2188,Male,55,Bachelor,Unemployed,Divorced,1,18700.0,560.0,0,LN-2023-11188,Home,95900.0,36,11.75,3173.81,0.75,0.0,0,Poor,Mortgage,West,Defaulted,Yes,Poor (<580),Low (<$40k),1
CUST-2189,Male,43,Bachelor,Unemployed,Married,2,18000.0,671.0,2,LN-2023-11189,Auto,18500.0,60,14.32,433.54,0.579,0.0,0,Good,Rent,West,Defaulted,Yes,Good (670-739),Low (<$40k),1
CUST-2190,Female,29,High School,Employed,Single,1,56900.0,752.0,1,LN-2023-11190,Personal,24200.0,36,14.65,834.76,0.227,6.0,0,Excellent,Mortgage,South,Fully Paid,No,Very Good (740-799),Lower-Middle ($40k-$65k),0
CUST-2191,Male,22,Bachelor,Unemployed,Single,0,18000.0,621.0,1,LN-2023-11191,Home,74500.0,48,12.64,1985.36,0.75,0.0,0,Fair,Mortgage,East,Defaulted,Yes,Fair (580-669),Low (<$40k),1
CUST-2192,Female,61,High School,Employed,Married,1,29400.0,712.0,0,LN-2023-11192,Home,86300.0,36,11.26,2835.99,0.75,25.0,0,Good,Mortgage,North,Fully Paid,No,Good (670-739),Low (<$40k),0
CUST-2193,Male,64,Master,Employed,Married,1,153600.0,727.0,0,LN-2023-11193,Education,9500.0,12,13.31,849.9,0.08,21.0,0,Good,Rent,South,Current,No,Good (670-739),High (>$95k),0
CUST-2194,Female,51,High School,Employed,Single,1,110800.0,737.0,0,LN-2023-11194,Education,16100.0,12,11.56,1427.15,0.155,8.0,0,Good,Mortgage,North,Fully Paid,No,Good (670-739),High (>$95k),0
CUST-2195,Male,64,High School,Employed,Single,2,37600.0,607.0,1,LN-2023-11195,Home,90000.0,36,12.26,3000.48,0.75,7.0,1,Fair,Mortgage,South,Defaulted,Yes,Fair (580-669),Low (<$40k),1
CUST-2196,Female,67,Bachelor,Self-Employed,Divorced,3,116900.0,574.0,2,LN-2023-11196,Education,21900.0,12,15.84,1985.35,0.228,17.0,1,Poor,Mortgage,West,Fully Paid,No,Poor (<580),High (>$95k),0
CUST-2197,Female,22,Master,Self-Employed,Married,1,105100.0,586.0,2,LN-2023-11197,Business,44000.0,36,16.22,1551.69,0.237,0.0,0,Fair,Own,Central,Current,No,Fair (580-669),High (>$95k),0
CUST-2198,Female,52,Master,Self-Employed,Divorced,1,47400.0,737.0,0,LN-2023-11198,Auto,27900.0,36,12.08,927.75,0.235,9.0,0,Good,Mortgage,East,Fully Paid,No,Good (670-739),Lower-Middle ($40k-$65k),0
CUST-2199,Female,38,Bachelor,Employed,Married,1,41400.0,726.0,3,LN-2023-11199,Personal,24600.0,48,15.27,688.01,0.414,8.0,0,Good,Rent,East,Fully Paid,No,Good (670-739),Lower-Middle ($40k-$65k),0
CUST-2200,Male,33,High School,Employed,Single,1,98700.0,588.0,0,LN-2023-11200,Education,21600.0,24,16.68,1064.63,0.129,2.0,0,Fair,Rent,South,Current,No,Fair (580-669),High (>$95k),0
CUST-2201,Female,66,Master,Self-Employed,Single,3,47100.0,850.0,0,LN-2023-11201,Home,88000.0,36,7.65,2743.41,0.699,31.0,0,Excellent,Rent,North,Current,No,Excellent (800+),Lower-Middle ($40k-$65k),0
CUST-2202,Male,25,Bachelor,Employed,Married,1,175500.0,578.0,3,LN-2023-11202,Home,104600.0,24,13.06,4975.82,0.384,1.0,0,Poor,Rent,South,Current,No,Poor (<580),High (>$95k),0
CUST-2203,Male,62,High School,Self-Employed,Married,0,43700.0,754.0,0,LN-2023-11203,Personal,27400.0,48,14.37,753.84,0.207,17.0,0,Excellent,Rent,East,Fully Paid,No,Very Good (740-799),Lower-Middle ($40k-$65k),0
CUST-2204,Male,64,Master,Employed,Married,1,158500.0,799.0,2,LN-2023-11204,Home,89800.0,24,8.67,4088.91,0.34,28.0,0,Excellent,Rent,North,Fully Paid,No,Very Good (740-799),High (>$95k),0
CUST-2205,Male,30,High School,Employed,Married,1,42800.0,679.0,0,LN-2023-11205,Home,125600.0,36,11.91,4166.32,0.75,4.0,0,Good,Rent,North,Defaulted,Yes,Good (670-739),Lower-Middle ($40k-$65k),1
CUST-2206,Female,63,PhD,Employed,Single,1,133000.0,604.0,0,LN-2023-11206,Auto,23400.0,60,14.98,556.44,0.286,13.0,1,Fair,Rent,East,Fully Paid,No,Fair (580-669),High (>$95k),0
CUST-2207,Female,45,Master,Self-Employed,Married,1,167700.0,606.0,2,LN-2023-11207,Personal,10300.0,36,18.09,372.83,0.08,10.0,0,Fair,Rent,North,Current,No,Fair (580-669),High (>$95k),0
CUST-2208,Male,54,Bachelor,Employed,Single,0,117500.0,647.0,0,LN-2023-11208,Auto,36300.0,24,13.88,1740.81,0.178,24.0,0,Fair,Own,South,Current,No,Fair (580-669),High (>$95k),0
CUST-2209,Male,57,Master,Employed,Married,0,59800.0,761.0,0,LN-2023-11209,Education,12000.0,60,12.96,272.79,0.08,31.0,0,Excellent,Own,Central,Current,No,Very Good (740-799),Lower-Middle ($40k-$65k),0
CUST-2210,Female,50,Bachelor,Self-Employed,Single,0,49200.0,568.0,1,LN-2023-11210,Personal,29100.0,36,18.43,1058.32,0.283,16.0,1,Poor,Rent,Central,Current,No,Poor (<580),Lower-Middle ($40k-$65k),0
CUST-2211,Male,27,High School,Employed,Single,1,47300.0,513.0,1,LN-2023-11211,Auto,24700.0,48,16.6,707.62,0.286,4.0,0,Poor,Own,North,Current,No,Poor (<580),Lower-Middle ($40k-$65k),0
CUST-2212,Male,26,Bachelor,Self-Employed,Single,0,40300.0,700.0,2,LN-2023-11212,Personal,23200.0,36,15.17,806.17,0.391,0.0,0,Good,Mortgage,North,Defaulted,Yes,Good (670-739),Lower-Middle ($40k-$65k),1
CUST-2213,Male,23,High School,Employed,Single,2,54700.0,719.0,2,LN-2023-11213,Auto,31700.0,24,12.99,1506.93,0.384,2.0,0,Good,Mortgage,North,Fully Paid,No,Good (670-739),Lower-Middle ($40k-$65k),0
CUST-2214,Female,33,Bachelor,Employed,Married,0,43500.0,837.0,2,LN-2023-11214,Home,49600.0,36,7.0,1531.5,0.551,10.0,0,Excellent,Mortgage,North,Current,No,Excellent (800+),Lower-Middle ($40k-$65k),0
CUST-2215,Female,23,Master,Self-Employed,Single,3,145700.0,552.0,1,LN-2023-11215,Auto,36900.0,24,16.07,1807.97,0.163,1.0,0,Poor,Own,South,Defaulted,Yes,Poor (<580),High (>$95k),1
CUST-2216,Male,46,Bachelor,Employed,Married,0,48600.0,658.0,1,LN-2023-11216,Home,112200.0,60,12.57,2528.27,0.67,16.0,0,Fair,Mortgage,South,Defaulted,Yes,Fair (580-669),Lower-Middle ($40k-$65k),1
CUST-2217,Male,44,Bachelor,Employed,Married,0,28700.0,768.0,2,LN-2023-11217,Personal,31500.0,36,14.27,1080.73,0.546,10.0,0,Excellent,Rent,North,Current,No,Very Good (740-799),Low (<$40k),0
CUST-2218,Female,26,Bachelor,Employed,Married,1,118100.0,680.0,0,LN-2023-11218,Personal,15100.0,12,15.03,1363.11,0.139,1.0,0,Good,Mortgage,East,Current,No,Good (670-739),High (>$95k),0
CUST-2219,Female,63,Master,Employed,Single,0,84500.0,653.0,1,LN-2023-11219,Education,23100.0,24,14.65,1116.2,0.197,31.0,0,Fair,Mortgage,East,Current,No,Fair (580-669),Upper-Middle ($65k-$95k),0
CUST-2220,Male,62,High School,Employed,Single,3,49700.0,737.0,3,LN-2023-11220,Auto,43200.0,48,11.15,1119.68,0.397,21.0,0,Good,Rent,West,Current,No,Good (670-739),Lower-Middle ($40k-$65k),0
CUST-2221,Female,32,Bachelor,Employed,Single,0,102900.0,619.0,1,LN-2023-11221,Business,38800.0,48,17.11,1121.78,0.143,6.0,0,Fair,Mortgage,South,Current,No,Fair (580-669),High (>$95k),0
CUST-2222,Male,56,High School,Self-Employed,Married,0,83600.0,742.0,2,LN-2023-11222,Education,12400.0,36,13.44,420.44,0.116,20.0,0,Excellent,Mortgage,South,Fully Paid,No,Very Good (740-799),Upper-Middle ($65k-$95k),0
CUST-2223,Male,22,Bachelor,Self-Employed,Married,3,51300.0,563.0,0,LN-2023-11223,Education,10500.0,24,16.47,516.47,0.121,1.0,0,Poor,Rent,East,Current,No,Poor (<580),Lower-Middle ($40k-$65k),0
CUST-2224,Female,31,High School,Employed,Divorced,0,40100.0,540.0,2,LN-2023-11224,Auto,47200.0,36,15.63,1650.8,0.59,6.0,0,Poor,Own,Central,Defaulted,Yes,Poor (<580),Lower-Middle ($40k-$65k),1
CUST-2225,Male,59,Bachelor,Employed,Married,0,38100.0,646.0,0,LN-2023-11225,Personal,10800.0,48,16.45,308.57,0.097,7.0,0,Fair,Own,South,Fully Paid,No,Fair (580-669),Low (<$40k),0
CUST-2226,Female,54,Bachelor,Employed,Married,0,32500.0,452.0,3,LN-2023-11226,Business,73000.0,24,20.79,3743.63,0.75,13.0,1,Poor,Mortgage,South,Defaulted,Yes,Poor (<580),Low (<$40k),1
CUST-2227,Male,46,High School,Employed,Single,1,63700.0,677.0,0,LN-2023-11227,Personal,16000.0,36,16.67,567.82,0.107,21.0,0,Good,Rent,West,Fully Paid,No,Good (670-739),Lower-Middle ($40k-$65k),0
CUST-2228,Male,38,Master,Employed,Married,0,92900.0,522.0,3,LN-2023-11228,Home,65400.0,36,15.57,2285.41,0.394,8.0,0,Poor,Mortgage,Central,Fully Paid,No,Poor (<580),Upper-Middle ($65k-$95k),0
CUST-2229,Female,41,High School,Employed,Married,1,69100.0,694.0,1,LN-2023-11229,Education,37100.0,60,12.77,839.78,0.184,16.0,0,Good,Rent,Central,Fully Paid,No,Good (670-739),Upper-Middle ($65k-$95k),0
CUST-2230,Male,56,Bachelor,Employed,Married,2,111900.0,685.0,2,LN-2023-11230,Home,84400.0,36,11.0,2763.15,0.325,24.0,0,Good,Mortgage,North,Fully Paid,No,Good (670-739),High (>$95k),0
CUST-2231,Female,60,High School,Employed,Married,2,69600.0,664.0,3,LN-2023-11231,Personal,19400.0,24,16.47,954.25,0.289,22.0,0,Fair,Rent,South,Current,No,Fair (580-669),Upper-Middle ($65k-$95k),0
CUST-2232,Male,66,Bachelor,Employed,Married,0,92700.0,707.0,0,LN-2023-11232,Home,63900.0,12,10.32,5627.34,0.728,13.0,0,Good,Mortgage,Central,Defaulted,Yes,Good (670-739),Upper-Middle ($65k-$95k),1
CUST-2233,Male,64,Bachelor,Self-Employed,Divorced,0,28400.0,687.0,0,LN-2023-11233,Business,42700.0,12,15.83,3870.77,0.75,11.0,0,Good,Mortgage,South,Defaulted,Yes,Good (670-739),Low (<$40k),1
CUST-2234,Male,42,Bachelor,Self-Employed,Single,0,63000.0,645.0,3,LN-2023-11234,Business,72300.0,60,15.47,1737.9,0.43,12.0,0,Fair,Mortgage,South,Current,No,Fair (580-669),Lower-Middle ($40k-$65k),0
CUST-2235,Female,50,High School,Employed,Married,1,75800.0,825.0,1,LN-2023-11235,Auto,23000.0,48,10.33,586.99,0.12,11.0,0,Excellent,Rent,East,Fully Paid,No,Excellent (800+),Upper-Middle ($65k-$95k),0
CUST-2236,Male,63,Bachelor,Self-Employed,Single,0,42700.0,703.0,2,LN-2023-11236,Education,23200.0,48,14.05,634.56,0.25,29.0,0,Good,Mortgage,East,Fully Paid,No,Good (670-739),Lower-Middle ($40k-$65k),0
CUST-2237,Female,50,Bachelor,Employed,Divorced,2,65500.0,735.0,0,LN-2023-11237,Personal,6300.0,36,14.67,217.37,0.08,19.0,0,Good,Mortgage,Central,Current,No,Good (670-739),Upper-Middle ($65k-$95k),0
CUST-2238,Male,28,Master,Self-Employed,Married,2,113100.0,761.0,2,LN-2023-11238,Personal,27700.0,36,14.18,949.14,0.15,2.0,0,Excellent,Own,East,Fully Paid,No,Very Good (740-799),High (>$95k),0
CUST-2239,Female,54,Bachelor,Employed,Single,0,76700.0,726.0,0,LN-2023-11239,Home,107700.0,24,10.92,5015.66,0.75,20.0,0,Good,Mortgage,East,Current,No,Good (670-739),Upper-Middle ($65k-$95k),0
CUST-2240,Male,67,Bachelor,Self-Employed,Single,1,85300.0,845.0,2,LN-2023-11240,Personal,25100.0,36,11.9,832.48,0.146,20.0,0,Excellent,Mortgage,North,Current,No,Excellent (800+),Upper-Middle ($65k-$95k),0
CUST-2241,Female,29,High School,Employed,Married,0,64300.0,684.0,1,LN-2023-11241,Home,60100.0,48,11.69,1573.53,0.344,2.0,0,Good,Mortgage,Central,Fully Paid,No,Good (670-739),Lower-Middle ($40k-$65k),0
CUST-2242,Female,40,Bachelor,Employed,Married,0,68200.0,669.0,1,LN-2023-11242,Personal,17400.0,12,16.06,1579.21,0.296,7.0,0,Fair,Rent,South,Fully Paid,No,Fair (580-669),Upper-Middle ($65k-$95k),0
CUST-2243,Female,60,High School,Employed,Married,0,25400.0,614.0,0,LN-2023-11243,Home,47300.0,24,12.16,2230.11,0.75,30.0,0,Fair,Rent,East,Defaulted,Yes,Fair (580-669),Low (<$40k),1
CUST-2244,Female,45,High School,Employed,Single,0,61700.0,648.0,2,LN-2023-11244,Personal,12100.0,12,17.18,1104.61,0.285,7.0,0,Fair,Mortgage,East,Current,No,Fair (580-669),Lower-Middle ($40k-$65k),0
CUST-2245,Female,39,High School,Employed,Married,1,55800.0,607.0,1,LN-2023-11245,Personal,13100.0,24,18.43,656.73,0.193,4.0,1,Fair,Mortgage,West,Current,No,Fair (580-669),Lower-Middle ($40k-$65k),0
CUST-2246,Female,25,Bachelor,Employed,Single,1,32700.0,727.0,1,LN-2023-11246,Education,37100.0,48,13.62,1006.75,0.412,1.0,0,Good,Own,East,Defaulted,Yes,Good (670-739),Low (<$40k),1
CUST-2247,Male,31,Bachelor,Self-Employed,Single,0,134500.0,592.0,2,LN-2023-11247,Personal,31800.0,36,18.41,1156.2,0.143,2.0,1,Fair,Own,South,Fully Paid,No,Fair (580-669),High (>$95k),0
CUST-2248,Male,35,PhD,Employed,Married,4,118000.0,676.0,0,LN-2023-11248,Personal,20900.0,48,16.29,595.42,0.08,7.0,0,Good,Rent,East,Current,No,Good (670-739),High (>$95k),0
CUST-2249,Female,28,High School,Employed,Single,1,26400.0,717.0,3,LN-2023-11249,Personal,18000.0,48,15.28,503.51,0.575,1.0,0,Good,Rent,West,Fully Paid,No,Good (670-739),Low (<$40k),0
CUST-2250,Female,39,Bachelor,Employed,Single,0,43500.0,682.0,2,LN-2023-11250,Education,21000.0,48,13.73,571.02,0.264,13.0,0,Good,Rent,East,Fully Paid,No,Good (670-739),Lower-Middle ($40k-$65k),0
CUST-2251,Female,43,Master,Unemployed,Married,0,21100.0,593.0,1,LN-2023-11251,Auto,10700.0,60,14.79,253.37,0.276,0.0,1,Fair,Rent,Central,Fully Paid,No,Fair (580-669),Low (<$40k),0
CUST-2252,Male,47,Bachelor,Self-Employed,Divorced,1,56100.0,729.0,0,LN-2023-11252,Auto,40400.0,36,10.82,1319.2,0.282,5.0,0,Good,Mortgage,West,Fully Paid,No,Good (670-739),Lower-Middle ($40k-$65k),0
CUST-2253,Male,60,Bachelor,Self-Employed,Married,4,82500.0,662.0,2,LN-2023-11253,Personal,22500.0,24,15.14,1092.45,0.24,20.0,0,Fair,Rent,East,Current,No,Fair (580-669),Upper-Middle ($65k-$95k),0
CUST-2254,Male,52,Bachelor,Employed,Married,1,40500.0,425.0,0,LN-2023-11254,Home,100200.0,24,16.96,4952.19,0.75,3.0,0,Poor,Own,West,Defaulted,Yes,Poor (<580),Lower-Middle ($40k-$65k),1
CUST-2255,Female,46,High School,Employed,Married,3,81600.0,586.0,2,LN-2023-11255,Personal,26500.0,36,17.01,944.93,0.208,21.0,1,Fair,Rent,South,Fully Paid,No,Fair (580-669),Upper-Middle ($65k-$95k),0
CUST-2256,Male,47,Bachelor,Employed,Single,1,100600.0,789.0,1,LN-2023-11256,Home,123900.0,12,9.23,10848.46,0.75,10.0,0,Excellent,Rent,North,Fully Paid,No,Very Good (740-799),High (>$95k),0
CUST-2257,Male,39,Master,Employed,Single,1,102900.0,796.0,0,LN-2023-11257,Auto,24800.0,60,12.01,551.79,0.08,13.0,0,Excellent,Mortgage,East,Fully Paid,No,Very Good (740-799),High (>$95k),0
CUST-2258,Male,62,High School,Employed,Married,1,50100.0,714.0,0,LN-2023-11258,Education,20500.0,36,10.83,669.49,0.16,27.0,0,Good,Mortgage,South,Fully Paid,No,Good (670-739),Lower-Middle ($40k-$65k),0
CUST-2259,Male,49,High School,Employed,Married,2,74900.0,736.0,4,LN-2023-11259,Personal,31300.0,60,13.93,727.16,0.195,17.0,0,Good,Mortgage,North,Fully Paid,No,Good (670-739),Upper-Middle ($65k-$95k),0
CUST-2260,Female,59,Bachelor,Employed,Married,0,55500.0,603.0,2,LN-2023-11260,Education,28600.0,48,17.06,826.14,0.261,27.0,0,Fair,Rent,North,Current,No,Fair (580-669),Lower-Middle ($40k-$65k),0
CUST-2261,Male,61,Master,Employed,Single,2,56200.0,647.0,0,LN-2023-11261,Personal,27700.0,48,17.15,801.44,0.171,3.0,0,Fair,Own,North,Fully Paid,No,Fair (580-669),Lower-Middle ($40k-$65k),0
CUST-2262,Female,53,Bachelor,Employed,Single,0,107400.0,775.0,4,LN-2023-11262,Home,63800.0,60,9.17,1329.65,0.23,19.0,0,Excellent,Rent,West,Fully Paid,No,Very Good (740-799),High (>$95k),0
CUST-2263,Male,39,Bachelor,Self-Employed,Single,1,83400.0,706.0,0,LN-2023-11263,Personal,12200.0,12,14.9,1100.58,0.158,4.0,0,Good,Own,West,Fully Paid,No,Good (670-739),Upper-Middle ($65k-$95k),0
CUST-2264,Male,57,Bachelor,Employed,Single,1,46200.0,675.0,2,LN-2023-11264,Business,47400.0,48,16.16,1347.22,0.417,24.0,0,Good,Rent,East,Fully Paid,No,Good (670-739),Lower-Middle ($40k-$65k),0
CUST-2265,Male,39,High School,Self-Employed,Single,1,46800.0,654.0,2,LN-2023-11265,Personal,12200.0,24,17.1,603.78,0.24,15.0,3,Fair,Mortgage,Central,Current,No,Fair (580-669),Lower-Middle ($40k-$65k),0
CUST-2266,Male,53,Bachelor,Employed,Married,0,45100.0,769.0,3,LN-2023-11266,Auto,43600.0,60,10.49,936.92,0.453,25.0,0,Excellent,Mortgage,North,Fully Paid,No,Very Good (740-799),Lower-Middle ($40k-$65k),0
CUST-2267,Male,67,Bachelor,Employed,Married,1,156200.0,765.0,1,LN-2023-11267,Personal,17800.0,48,15.01,495.48,0.08,5.0,0,Excellent,Mortgage,North,Fully Paid,No,Very Good (740-799),High (>$95k),0
CUST-2268,Male,36,PhD,Employed,Single,1,93000.0,725.0,1,LN-2023-11268,Home,126100.0,12,10.63,11123.18,0.75,5.0,0,Good,Rent,Central,Current,No,Good (670-739),Upper-Middle ($65k-$95k),0
CUST-2269,Female,43,High School,Self-Employed,Single,2,60600.0,675.0,2,LN-2023-11269,Home,72300.0,60,12.11,1612.3,0.412,7.0,0,Good,Mortgage,East,Fully Paid,No,Good (670-739),Lower-Middle ($40k-$65k),0
CUST-2270,Male,27,Bachelor,Employed,Married,2,87000.0,639.0,1,LN-2023-11270,Personal,4100.0,24,17.46,203.62,0.08,1.0,0,Fair,Own,East,Current,No,Fair (580-669),Upper-Middle ($65k-$95k),0
CUST-2271,Female,46,Bachelor,Self-Employed,Divorced,2,41800.0,728.0,0,LN-2023-11271,Education,10700.0,36,13.0,360.53,0.104,2.0,0,Good,Rent,West,Fully Paid,No,Good (670-739),Lower-Middle ($40k-$65k),0
CUST-2272,Female,52,Bachelor,Employed,Single,0,103000.0,576.0,2,LN-2023-11272,Education,13400.0,36,16.44,474.02,0.104,10.0,0,Poor,Rent,South,Current,No,Poor (<580),High (>$95k),0
CUST-2273,Female,32,High School,Employed,Married,4,37300.0,593.0,2,LN-2023-11273,Personal,21600.0,60,18.12,549.91,0.334,10.0,0,Fair,Mortgage,East,Fully Paid,No,Fair (580-669),Low (<$40k),0
CUST-2274,Male,28,Bachelor,Self-Employed,Single,2,164700.0,546.0,1,LN-2023-11274,Auto,16900.0,60,16.04,411.33,0.08,4.0,0,Poor,Mortgage,South,Current,No,Poor (<580),High (>$95k),0
CUST-2275,Male,25,Master,Employed,Divorced,0,67600.0,774.0,1,LN-2023-11275,Home,77400.0,36,9.73,2487.68,0.477,6.0,0,Excellent,Rent,South,Fully Paid,No,Very Good (740-799),Upper-Middle ($65k-$95k),0
CUST-2276,Male,62,Bachelor,Self-Employed,Married,0,115300.0,608.0,1,LN-2023-11276,Education,33000.0,24,15.24,1603.82,0.187,17.0,0,Fair,Mortgage,Central,Fully Paid,No,Fair (580-669),High (>$95k),0
CUST-2277,Male,48,Bachelor,Employed,Married,0,20400.0,704.0,2,LN-2023-11277,Auto,14700.0,24,12.81,697.55,0.636,15.0,0,Good,Mortgage,North,Current,No,Good (670-739),Low (<$40k),0
CUST-2278,Female,25,Bachelor,Employed,Married,1,37000.0,659.0,2,LN-2023-11278,Personal,5300.0,36,17.4,190.02,0.217,4.0,0,Fair,Mortgage,North,Current,No,Fair (580-669),Low (<$40k),0
CUST-2279,Male,46,Bachelor,Self-Employed,Married,2,63300.0,850.0,2,LN-2023-11279,Education,24400.0,24,10.07,1126.72,0.295,13.0,0,Excellent,Own,South,Fully Paid,No,Excellent (800+),Lower-Middle ($40k-$65k),0
CUST-2280,Male,25,Bachelor,Unemployed,Single,2,18000.0,707.0,2,LN-2023-11280,Personal,23200.0,36,15.54,810.38,0.725,0.0,0,Good,Rent,North,Current,No,Good (670-739),Low (<$40k),0
CUST-2281,Female,42,Master,Employed,Married,2,102000.0,511.0,2,LN-2023-11281,Personal,29400.0,36,19.44,1084.24,0.169,1.0,1,Poor,Rent,West,Fully Paid,No,Poor (<580),High (>$95k),0
CUST-2282,Female,35,PhD,Self-Employed,Married,0,122900.0,769.0,0,LN-2023-11282,Auto,35200.0,48,11.13,911.99,0.089,6.0,0,Excellent,Own,North,Fully Paid,No,Very Good (740-799),High (>$95k),0
CUST-2283,Female,33,Bachelor,Employed,Married,1,40300.0,637.0,0,LN-2023-11283,Personal,30400.0,12,18.14,2789.1,0.75,10.0,0,Fair,Mortgage,Central,Current,No,Fair (580-669),Lower-Middle ($40k-$65k),0
CUST-2284,Male,48,Bachelor,Self-Employed,Married,0,71800.0,652.0,2,LN-2023-11284,Personal,10100.0,36,15.43,352.25,0.107,9.0,0,Fair,Rent,North,Fully Paid,No,Fair (580-669),Upper-Middle ($65k-$95k),0
CUST-2285,Male,53,Master,Employed,Married,0,111900.0,612.0,0,LN-2023-11285,Home,74100.0,24,12.87,3518.33,0.377,16.0,0,Fair,Rent,Central,Defaulted,Yes,Fair (580-669),High (>$95k),1
CUST-2286,Male,63,Bachelor,Employed,Single,2,24400.0,686.0,5,LN-2023-11286,Education,34500.0,36,12.87,1160.28,0.75,4.0,0,Good,Own,North,Current,No,Good (670-739),Low (<$40k),0
CUST-2287,Male,43,Bachelor,Employed,Married,0,35400.0,685.0,3,LN-2023-11287,Personal,26500.0,36,16.61,939.66,0.474,3.0,0,Good,Mortgage,North,Current,No,Good (670-739),Low (<$40k),0
CUST-2288,Male,53,High School,Employed,Single,1,42200.0,615.0,1,LN-2023-11288,Home,101500.0,36,12.73,3406.75,0.75,24.0,1,Fair,Own,East,Defaulted,Yes,Fair (580-669),Lower-Middle ($40k-$65k),1
CUST-2289,Male,63,Master,Employed,Single,1,78700.0,626.0,1,LN-2023-11289,Personal,17700.0,24,16.7,872.58,0.167,11.0,0,Fair,Own,South,Current,No,Fair (580-669),Upper-Middle ($65k-$95k),0
CUST-2290,Male,38,Bachelor,Employed,Married,2,61200.0,678.0,1,LN-2023-11290,Home,46500.0,48,10.1,1181.59,0.286,5.0,0,Good,Rent,East,Fully Paid,No,Good (670-739),Lower-Middle ($40k-$65k),0
CUST-2291,Male,50,Master,Employed,Single,0,116100.0,470.0,2,LN-2023-11291,Auto,20700.0,36,19.06,759.41,0.133,10.0,0,Poor,Own,East,Current,No,Poor (<580),High (>$95k),0
CUST-2292,Male,46,Master,Unemployed,Single,2,33800.0,547.0,2,LN-2023-11292,Home,58500.0,24,13.34,2790.55,0.75,0.0,0,Poor,Mortgage,Central,Defaulted,Yes,Poor (<580),Low (<$40k),1
CUST-2293,Female,36,High School,Employed,Married,4,67200.0,811.0,0,LN-2023-11293,Auto,11900.0,36,10.8,388.46,0.08,13.0,0,Excellent,Own,Central,Fully Paid,No,Excellent (800+),Upper-Middle ($65k-$95k),0
CUST-2294,Female,33,Bachelor,Employed,Married,2,33600.0,697.0,2,LN-2023-11294,Auto,39500.0,36,13.62,1342.74,0.628,1.0,0,Good,Mortgage,East,Current,No,Good (670-739),Low (<$40k),0
CUST-2295,Female,59,Master,Employed,Single,2,83100.0,625.0,2,LN-2023-11295,Home,56200.0,12,14.07,5047.89,0.75,27.0,0,Fair,Rent,North,Fully Paid,No,Fair (580-669),Upper-Middle ($65k-$95k),0
CUST-2296,Male,53,Bachelor,Self-Employed,Divorced,1,63000.0,525.0,0,LN-2023-11296,Home,75400.0,24,14.36,3633.01,0.692,9.0,0,Poor,Mortgage,South,Defaulted,Yes,Poor (<580),Lower-Middle ($40k-$65k),1
CUST-2297,Male,46,High School,Employed,Married,1,94800.0,665.0,1,LN-2023-11297,Auto,47100.0,24,13.07,2240.77,0.3,18.0,0,Fair,Mortgage,North,Current,No,Fair (580-669),Upper-Middle ($65k-$95k),0
CUST-2298,Male,21,High School,Employed,Married,2,53100.0,753.0,1,LN-2023-11298,Home,79800.0,24,9.43,3661.41,0.75,0.0,0,Excellent,Own,South,Current,No,Very Good (740-799),Lower-Middle ($40k-$65k),0
CUST-2299,Female,58,Bachelor,Employed,Married,2,46500.0,850.0,0,LN-2023-11299,Education,10800.0,24,9.69,496.82,0.128,11.0,0,Excellent,Mortgage,Central,Fully Paid,No,Excellent (800+),Lower-Middle ($40k-$65k),0
CUST-2300,Female,22,Bachelor,Employed,Married,1,92300.0,830.0,0,LN-2023-11300,Business,68300.0,24,11.02,3183.95,0.414,0.0,0,Excellent,Rent,South,Current,No,Excellent (800+),Upper-Middle ($65k-$95k),0
CUST-2301,Male,26,Bachelor,Employed,Single,2,81000.0,594.0,0,LN-2023-11301,Auto,40800.0,24,16.38,2005.11,0.297,1.0,0,Fair,Mortgage,East,Current,No,Fair (580-669),Upper-Middle ($65k-$95k),0
CUST-2302,Female,66,High School,Employed,Married,1,33900.0,627.0,3,LN-2023-11302,Business,39500.0,60,16.51,971.3,0.503,29.0,0,Fair,Rent,Central,Fully Paid,No,Fair (580-669),Low (<$40k),0
CUST-2303,Male,58,Master,Employed,Married,0,66500.0,544.0,0,LN-2023-11303,Auto,40800.0,24,16.22,2001.99,0.361,5.0,1,Poor,Own,North,Fully Paid,No,Poor (<580),Upper-Middle ($65k-$95k),0
CUST-2304,Female,62,Bachelor,Employed,Married,1,54200.0,598.0,1,LN-2023-11304,Personal,10900.0,36,18.08,394.5,0.143,9.0,0,Fair,Mortgage,West,Defaulted,Yes,Fair (580-669),Lower-Middle ($40k-$65k),1
CUST-2305,Female,44,High School,Employed,Married,0,85300.0,651.0,0,LN-2023-11305,Home,103900.0,24,12.95,4937.16,0.695,4.0,0,Fair,Own,West,Defaulted,Yes,Fair (580-669),Upper-Middle ($65k-$95k),1
CUST-2306,Female,38,Bachelor,Employed,Married,0,68900.0,638.0,2,LN-2023-11306,Personal,6600.0,60,15.95,160.32,0.08,5.0,0,Fair,Rent,West,Current,No,Fair (580-669),Upper-Middle ($65k-$95k),0
CUST-2307,Female,47,Bachelor,Employed,Married,0,87200.0,844.0,2,LN-2023-11307,Home,81400.0,36,7.98,2550.03,0.39,2.0,0,Excellent,Mortgage,North,Fully Paid,No,Excellent (800+),Upper-Middle ($65k-$95k),0
CUST-2308,Female,61,High School,Unemployed,Married,0,18000.0,558.0,2,LN-2023-11308,Home,89200.0,36,13.17,3012.81,0.75,0.0,0,Poor,Rent,East,Defaulted,Yes,Poor (<580),Low (<$40k),1
CUST-2309,Male,28,Bachelor,Self-Employed,Single,2,84100.0,666.0,2,LN-2023-11309,Personal,24000.0,48,16.38,684.85,0.138,5.0,0,Fair,Mortgage,East,Fully Paid,No,Fair (580-669),Upper-Middle ($65k-$95k),0
CUST-2310,Female,48,High School,Employed,Divorced,1,88300.0,494.0,1,LN-2023-11310,Home,100300.0,36,15.64,3508.45,0.512,20.0,1,Poor,Mortgage,West,Defaulted,Yes,Poor (<580),Upper-Middle ($65k-$95k),1
CUST-2311,Male,30,Bachelor,Employed,Married,0,53400.0,698.0,1,LN-2023-11311,Home,117500.0,60,10.61,2531.94,0.606,3.0,0,Good,Mortgage,West,Defaulted,Yes,Good (670-739),Lower-Middle ($40k-$65k),1
CUST-2312,Female,37,Master,Employed,Single,1,82000.0,555.0,2,LN-2023-11312,Personal,8300.0,24,18.75,417.38,0.105,9.0,1,Poor,Rent,East,Fully Paid,No,Poor (<580),Upper-Middle ($65k-$95k),0
CUST-2313,Female,49,Bachelor,Employed,Married,0,34000.0,763.0,0,LN-2023-11313,Personal,22200.0,36,14.19,760.79,0.269,16.0,0,Excellent,Rent,East,Fully Paid,No,Very Good (740-799),Low (<$40k),0
CUST-2314,Female,26,Bachelor,Employed,Married,1,44500.0,645.0,2,LN-2023-11314,Education,10300.0,24,14.55,497.21,0.244,3.0,1,Fair,Rent,Central,Fully Paid,No,Fair (580-669),Lower-Middle ($40k-$65k),0
CUST-2315,Male,34,Master,Employed,Married,0,67000.0,550.0,0,LN-2023-11315,Home,85600.0,48,14.06,2341.72,0.419,6.0,1,Poor,Own,North,Defaulted,Yes,Poor (<580),Upper-Middle ($65k-$95k),1
CUST-2316,Female,42,High School,Self-Employed,Married,3,35000.0,491.0,3,LN-2023-11316,Education,23800.0,12,17.04,2171.12,0.75,9.0,0,Poor,Mortgage,North,Defaulted,Yes,Poor (<580),Low (<$40k),1
CUST-2317,Male,26,PhD,Self-Employed,Single,0,97900.0,586.0,1,LN-2023-11317,Education,6900.0,36,15.14,239.66,0.08,3.0,0,Fair,Mortgage,North,Fully Paid,No,Fair (580-669),High (>$95k),0
CUST-2318,Female,46,Master,Employed,Married,2,53400.0,690.0,1,LN-2023-11318,Auto,12700.0,12,12.69,1132.48,0.294,15.0,0,Good,Rent,North,Fully Paid,No,Good (670-739),Lower-Middle ($40k-$65k),0
CUST-2319,Male,59,High School,Employed,Married,2,70000.0,705.0,1,LN-2023-11319,Home,116300.0,36,10.08,3757.04,0.689,11.0,0,Good,Rent,Central,Fully Paid,No,Good (670-739),Upper-Middle ($65k-$95k),0
CUST-2320,Male,32,High School,Unemployed,Single,3,18700.0,627.0,2,LN-2023-11320,Auto,20900.0,24,14.1,1004.46,0.75,0.0,0,Fair,Rent,East,Defaulted,Yes,Fair (580-669),Low (<$40k),1
CUST-2321,Male,55,High School,Unemployed,Single,0,18000.0,748.0,1,LN-2023-11321,Personal,13000.0,60,14.29,304.45,0.348,0.0,0,Excellent,Mortgage,Central,Fully Paid,No,Very Good (740-799),Low (<$40k),0
CUST-2322,Male,34,High School,Unemployed,Married,1,33500.0,573.0,1,LN-2023-11322,Auto,34300.0,12,15.76,3108.17,0.75,0.0,1,Poor,Mortgage,Central,Defaulted,Yes,Poor (<580),Low (<$40k),1
CUST-2323,Female,42,Master,Employed,Married,0,28100.0,421.0,1,LN-2023-11323,Home,63800.0,36,17.43,2288.32,0.75,6.0,1,Poor,Rent,South,Defaulted,Yes,Poor (<580),Low (<$40k),1
CUST-2324,Male,43,Bachelor,Employed,Married,1,57600.0,694.0,0,LN-2023-11324,Auto,17300.0,48,13.14,465.32,0.097,5.0,0,Good,Rent,East,Current,No,Good (670-739),Lower-Middle ($40k-$65k),0
CUST-2325,Female,27,Master,Employed,Married,0,47900.0,779.0,0,LN-2023-11325,Auto,26000.0,60,11.25,568.55,0.142,3.0,0,Excellent,Mortgage,South,Defaulted,Yes,Very Good (740-799),Lower-Middle ($40k-$65k),1
CUST-2326,Male,60,Master,Employed,Married,2,32200.0,780.0,0,LN-2023-11326,Auto,12200.0,60,11.52,268.43,0.1,12.0,0,Excellent,Mortgage,Central,Current,No,Very Good (740-799),Low (<$40k),0
CUST-2327,Male,45,Bachelor,Employed,Married,0,36700.0,559.0,3,LN-2023-11327,Auto,44800.0,60,15.36,1074.27,0.556,11.0,1,Poor,Mortgage,West,Fully Paid,No,Poor (<580),Low (<$40k),0
CUST-2328,Female,33,Bachelor,Employed,Single,1,63400.0,623.0,2,LN-2023-11328,Personal,30300.0,24,16.51,1490.98,0.386,4.0,0,Fair,Mortgage,North,Defaulted,Yes,Fair (580-669),Lower-Middle ($40k-$65k),1
CUST-2329,Female,41,High School,Self-Employed,Single,1,40700.0,731.0,0,LN-2023-11329,Auto,27000.0,24,11.96,1270.48,0.375,15.0,0,Good,Rent,South,Fully Paid,No,Good (670-739),Lower-Middle ($40k-$65k),0
CUST-2330,Male,61,Bachelor,Self-Employed,Single,4,108200.0,616.0,0,LN-2023-11330,Home,62800.0,36,12.26,2093.67,0.232,3.0,0,Fair,Mortgage,East,Current,No,Fair (580-669),High (>$95k),0
CUST-2331,Female,30,Bachelor,Employed,Married,1,57100.0,678.0,1,LN-2023-11331,Home,85000.0,36,10.16,2749.1,0.63,5.0,0,Good,Rent,South,Defaulted,Yes,Good (670-739),Lower-Middle ($40k-$65k),1
CUST-2332,Female,29,High School,Self-Employed,Married,0,48800.0,609.0,1,LN-2023-11332,Home,53500.0,36,13.31,1810.63,0.47,4.0,0,Fair,Mortgage,East,Defaulted,Yes,Fair (580-669),Lower-Middle ($40k-$65k),1
CUST-2333,Male,35,High School,Employed,Married,0,42500.0,577.0,2,LN-2023-11333,Home,78800.0,48,12.91,2110.49,0.679,5.0,0,Poor,Rent,South,Current,No,Poor (<580),Lower-Middle ($40k-$65k),0
CUST-2334,Female,22,Master,Self-Employed,Single,0,85600.0,593.0,1,LN-2023-11334,Home,51300.0,12,14.52,4618.64,0.667,1.0,0,Fair,Rent,West,Defaulted,Yes,Fair (580-669),Upper-Middle ($65k-$95k),1
CUST-2335,Female,45,Bachelor,Employed,Married,2,52100.0,751.0,3,LN-2023-11335,Auto,36800.0,12,11.89,3267.74,0.75,17.0,0,Excellent,Mortgage,North,Current,No,Very Good (740-799),Lower-Middle ($40k-$65k),0
CUST-2336,Female,33,Bachelor,Employed,Divorced,2,42900.0,671.0,0,LN-2023-11336,Auto,20500.0,48,12.49,544.79,0.152,3.0,0,Good,Rent,West,Fully Paid,No,Good (670-739),Lower-Middle ($40k-$65k),0
CUST-2337,Male,54,Bachelor,Employed,Single,1,98100.0,778.0,1,LN-2023-11337,Personal,18100.0,60,14.15,422.56,0.08,25.0,0,Excellent,Own,South,Fully Paid,No,Very Good (740-799),High (>$95k),0
CUST-2338,Female,54,Master,Employed,Divorced,0,58800.0,714.0,3,LN-2023-11338,Personal,3400.0,48,15.12,94.83,0.11,25.0,0,Good,Rent,South,Fully Paid,No,Good (670-739),Lower-Middle ($40k-$65k),0
CUST-2339,Male,55,Bachelor,Employed,Single,2,52900.0,806.0,0,LN-2023-11339,Auto,29900.0,12,10.77,2639.4,0.599,19.0,0,Excellent,Rent,East,Fully Paid,No,Excellent (800+),Lower-Middle ($40k-$65k),0
CUST-2340,Male,58,High School,Employed,Divorced,1,59600.0,739.0,1,LN-2023-11340,Education,6100.0,60,12.19,136.28,0.08,25.0,0,Good,Own,North,Defaulted,Yes,Good (670-739),Lower-Middle ($40k-$65k),1
CUST-2341,Male,23,Master,Unemployed,Single,3,31400.0,734.0,0,LN-2023-11341,Personal,29800.0,36,14.0,1018.49,0.389,0.0,0,Good,Rent,Central,Current,No,Good (670-739),Low (<$40k),0
CUST-2342,Male,62,Bachelor,Employed,Divorced,1,42100.0,659.0,1,LN-2023-11342,Home,87600.0,48,10.78,2254.72,0.702,22.0,0,Fair,Rent,North,Defaulted,Yes,Fair (580-669),Lower-Middle ($40k-$65k),1
CUST-2343,Female,26,High School,Employed,Married,0,69000.0,850.0,0,LN-2023-11343,Education,9400.0,24,9.2,430.3,0.08,2.0,0,Excellent,Rent,South,Fully Paid,No,Excellent (800+),Upper-Middle ($65k-$95k),0
CUST-2344,Female,39,Bachelor,Employed,Married,0,80100.0,679.0,3,LN-2023-11344,Personal,12900.0,36,14.9,446.55,0.144,15.0,0,Good,Mortgage,North,Current,No,Good (670-739),Upper-Middle ($65k-$95k),0
CUST-2345,Female,23,Master,Employed,Single,0,84300.0,502.0,3,LN-2023-11345,Personal,4300.0,36,19.51,158.73,0.142,1.0,2,Poor,Rent,South,Fully Paid,No,Poor (<580),Upper-Middle ($65k-$95k),0
CUST-2346,Male,38,High School,Employed,Divorced,2,40400.0,692.0,3,LN-2023-11346,Business,57200.0,60,15.34,1371.01,0.524,2.0,0,Good,Mortgage,North,Current,No,Good (670-739),Lower-Middle ($40k-$65k),0
CUST-2347,Male,59,Bachelor,Self-Employed,Married,2,60200.0,586.0,1,LN-2023-11347,Personal,6500.0,36,16.83,231.19,0.08,9.0,0,Fair,Rent,South,Defaulted,Yes,Fair (580-669),Lower-Middle ($40k-$65k),1
CUST-2348,Male,29,High School,Employed,Married,0,44800.0,756.0,5,LN-2023-11348,Auto,28000.0,48,12.3,741.48,0.533,4.0,0,Excellent,Mortgage,North,Current,No,Very Good (740-799),Lower-Middle ($40k-$65k),0
CUST-2349,Female,32,PhD,Employed,Single,0,53300.0,731.0,2,LN-2023-11349,Home,71000.0,36,10.32,2301.65,0.583,2.0,0,Good,Rent,East,Fully Paid,No,Good (670-739),Lower-Middle ($40k-$65k),0
CUST-2350,Male,25,High School,Self-Employed,Single,0,55500.0,653.0,1,LN-2023-11350,Personal,25100.0,12,18.13,2302.72,0.549,3.0,0,Fair,Mortgage,North,Fully Paid,No,Fair (580-669),Lower-Middle ($40k-$65k),0
CUST-2351,Female,23,Bachelor,Employed,Married,3,93900.0,594.0,0,LN-2023-11351,Personal,17000.0,36,17.45,609.91,0.08,1.0,0,Fair,Rent,East,Fully Paid,No,Fair (580-669),Upper-Middle ($65k-$95k),0
CUST-2352,Female,31,Master,Employed,Single,0,115500.0,682.0,2,LN-2023-11352,Home,117100.0,36,12.86,3937.67,0.437,8.0,0,Good,Mortgage,South,Fully Paid,No,Good (670-739),High (>$95k),0
CUST-2353,Male,50,High School,Self-Employed,Divorced,0,47600.0,615.0,2,LN-2023-11353,Auto,45800.0,48,15.29,1281.39,0.286,6.0,0,Fair,Mortgage,South,Defaulted,Yes,Fair (580-669),Lower-Middle ($40k-$65k),1
CUST-2354,Female,24,PhD,Employed,Divorced,0,149800.0,736.0,0,LN-2023-11354,Personal,31100.0,36,13.24,1051.48,0.084,1.0,0,Good,Rent,South,Current,No,Good (670-739),High (>$95k),0
CUST-2355,Male,25,PhD,Employed,Married,0,218800.0,717.0,1,LN-2023-11355,Auto,19900.0,60,11.69,439.55,0.08,0.0,0,Good,Rent,East,Defaulted,Yes,Good (670-739),High (>$95k),1
CUST-2356,Female,21,Master,Unemployed,Married,2,23600.0,850.0,5,LN-2023-11356,Auto,39200.0,36,9.82,1261.56,0.75,0.0,2,Fair,Mortgage,West,Fully Paid,No,Excellent (800+),Low (<$40k),0
CUST-2357,Female,47,High School,Employed,Married,2,67000.0,632.0,1,LN-2023-11357,Home,82200.0,12,11.17,7271.49,0.75,6.0,0,Fair,Own,South,Current,No,Fair (580-669),Upper-Middle ($65k-$95k),0
CUST-2358,Male,48,Bachelor,Employed,Married,0,22700.0,644.0,1,LN-2023-11358,Auto,26200.0,48,13.5,709.4,0.499,11.0,0,Fair,Own,Central,Current,No,Fair (580-669),Low (<$40k),0
CUST-2359,Male,49,Master,Unemployed,Married,2,18000.0,656.0,3,LN-2023-11359,Personal,28200.0,60,15.25,674.58,0.75,0.0,1,Fair,Mortgage,West,Defaulted,Yes,Fair (580-669),Low (<$40k),1
CUST-2360,Female,38,PhD,Employed,Single,0,96700.0,660.0,0,LN-2023-11360,Home,57400.0,48,13.28,1547.89,0.192,14.0,0,Fair,Rent,South,Fully Paid,No,Fair (580-669),High (>$95k),0
CUST-2361,Female,32,High School,Employed,Married,4,31200.0,757.0,3,LN-2023-11361,Auto,28200.0,36,12.42,942.31,0.656,4.0,0,Excellent,Own,North,Fully Paid,No,Very Good (740-799),Low (<$40k),0
CUST-2362,Male,33,Master,Self-Employed,Divorced,0,220000.0,646.0,2,LN-2023-11362,Home,95400.0,36,11.85,3161.81,0.187,7.0,0,Fair,Rent,East,Fully Paid,No,Fair (580-669),High (>$95k),0
CUST-2363,Female,61,Bachelor,Self-Employed,Divorced,0,94600.0,837.0,1,LN-2023-11363,Home,50600.0,24,8.94,2310.26,0.328,15.0,0,Excellent,Rent,East,Current,No,Excellent (800+),Upper-Middle ($65k-$95k),0
CUST-2364,Female,22,High School,Employed,Married,1,75800.0,719.0,0,LN-2023-11364,Auto,42900.0,36,13.36,1452.92,0.23,0.0,0,Good,Own,North,Fully Paid,No,Good (670-739),Upper-Middle ($65k-$95k),0
CUST-2365,Female,57,Bachelor,Employed,Divorced,0,62100.0,628.0,0,LN-2023-11365,Auto,21900.0,36,15.4,763.47,0.148,16.0,2,Fair,Rent,Central,Current,No,Fair (580-669),Lower-Middle ($40k-$65k),0
CUST-2366,Male,65,Master,Self-Employed,Single,0,57000.0,606.0,1,LN-2023-11366,Auto,35000.0,12,14.58,3152.11,0.685,2.0,0,Fair,Mortgage,South,Current,No,Fair (580-669),Lower-Middle ($40k-$65k),0
CUST-2367,Female,36,Bachelor,Self-Employed,Single,2,57200.0,758.0,2,LN-2023-11367,Education,37600.0,36,11.91,1247.24,0.313,12.0,0,Excellent,Rent,North,Fully Paid,No,Very Good (740-799),Lower-Middle ($40k-$65k),0
CUST-2368,Female,44,Bachelor,Employed,Married,2,70500.0,672.0,1,LN-2023-11368,Business,70400.0,24,15.05,3415.13,0.621,15.0,0,Good,Mortgage,East,Defaulted,Yes,Good (670-739),Upper-Middle ($65k-$95k),1
CUST-2369,Male,55,PhD,Employed,Married,1,69600.0,670.0,2,LN-2023-11369,Auto,43700.0,36,13.48,1482.55,0.33,11.0,0,Good,Own,South,Current,No,Good (670-739),Upper-Middle ($65k-$95k),0
CUST-2370,Male,42,Bachelor,Employed,Married,1,85000.0,619.0,2,LN-2023-11370,Home,50900.0,24,12.11,2398.66,0.379,12.0,0,Fair,Own,East,Current,No,Fair (580-669),Upper-Middle ($65k-$95k),0
CUST-2371,Female,56,Bachelor,Self-Employed,Single,1,99600.0,664.0,1,LN-2023-11371,Education,22800.0,48,13.44,616.66,0.106,3.0,0,Fair,Rent,North,Fully Paid,No,Fair (580-669),High (>$95k),0
CUST-2372,Male,31,Bachelor,Self-Employed,Married,1,72500.0,615.0,4,LN-2023-11372,Personal,19400.0,48,18.06,570.48,0.26,6.0,0,Fair,Mortgage,North,Fully Paid,No,Fair (580-669),Upper-Middle ($65k-$95k),0
CUST-2373,Female,66,Bachelor,Unemployed,Single,1,18000.0,785.0,2,LN-2023-11373,Home,103600.0,48,9.5,2602.76,0.75,0.0,0,Excellent,Mortgage,East,Defaulted,Yes,Very Good (740-799),Low (<$40k),1
CUST-2374,Male,49,Bachelor,Self-Employed,Married,1,156400.0,730.0,3,LN-2023-11374,Home,54900.0,36,9.62,1761.69,0.172,20.0,0,Good,Mortgage,North,Fully Paid,No,Good (670-739),High (>$95k),0
CUST-2375,Male,55,Master,Employed,Married,0,70700.0,655.0,0,LN-2023-11375,Business,66000.0,12,16.85,6014.82,0.75,24.0,0,Fair,Rent,North,Fully Paid,No,Fair (580-669),Upper-Middle ($65k-$95k),0
CUST-2376,Female,35,Bachelor,Employed,Single,0,212800.0,653.0,2,LN-2023-11376,Business,30200.0,24,16.45,1485.19,0.108,3.0,0,Fair,Rent,West,Current,No,Fair (580-669),High (>$95k),0
CUST-2377,Male,51,Master,Self-Employed,Single,1,120100.0,677.0,1,LN-2023-11377,Education,8300.0,48,13.69,225.52,0.08,7.0,0,Good,Rent,South,Fully Paid,No,Good (670-739),High (>$95k),0
CUST-2378,Male,62,High School,Self-Employed,Married,1,51400.0,669.0,3,LN-2023-11378,Home,84900.0,36,12.7,2848.36,0.75,18.0,0,Fair,Mortgage,West,Fully Paid,No,Fair (580-669),Lower-Middle ($40k-$65k),0
CUST-2379,Male,61,High School,Employed,Married,2,60100.0,588.0,1,LN-2023-11379,Auto,32800.0,36,15.58,1146.36,0.275,33.0,0,Fair,Mortgage,East,Fully Paid,No,Fair (580-669),Lower-Middle ($40k-$65k),0
CUST-2380,Female,63,Bachelor,Employed,Divorced,0,25300.0,508.0,0,LN-2023-11380,Home,126400.0,24,16.37,6211.31,0.75,33.0,1,Poor,Rent,East,Defaulted,Yes,Poor (<580),Low (<$40k),1
CUST-2381,Male,36,High School,Unemployed,Single,0,27300.0,602.0,1,LN-2023-11381,Education,29800.0,12,15.95,2703.07,0.75,0.0,0,Fair,Mortgage,South,Fully Paid,No,Fair (580-669),Low (<$40k),0
CUST-2382,Male,30,Bachelor,Employed,Married,0,199600.0,659.0,0,LN-2023-11382,Auto,32500.0,48,14.26,892.36,0.08,3.0,0,Fair,Rent,North,Fully Paid,No,Fair (580-669),High (>$95k),0
CUST-2383,Female,52,Bachelor,Employed,Married,0,24600.0,607.0,0,LN-2023-11383,Education,13300.0,12,14.69,1198.49,0.585,21.0,0,Fair,Rent,North,Defaulted,Yes,Fair (580-669),Low (<$40k),1
CUST-2384,Male,22,High School,Employed,Married,2,43100.0,739.0,1,LN-2023-11384,Personal,7400.0,12,14.15,664.95,0.214,1.0,0,Good,Mortgage,West,Current,No,Good (670-739),Lower-Middle ($40k-$65k),0
CUST-2385,Female,44,Bachelor,Employed,Married,1,60000.0,650.0,3,LN-2023-11385,Home,96600.0,24,13.02,4593.45,0.75,5.0,0,Fair,Own,West,Current,No,Fair (580-669),Lower-Middle ($40k-$65k),0
CUST-2386,Male,43,Bachelor,Employed,Single,2,93200.0,829.0,0,LN-2023-11386,Home,64000.0,36,8.88,2031.61,0.262,16.0,0,Excellent,Own,East,Fully Paid,No,Excellent (800+),Upper-Middle ($65k-$95k),0
CUST-2387,Female,22,Bachelor,Self-Employed,Single,0,186500.0,622.0,1,LN-2023-11387,Personal,23500.0,60,16.87,582.39,0.08,0.0,0,Fair,Mortgage,West,Fully Paid,No,Fair (580-669),High (>$95k),0
CUST-2388,Male,58,Master,Employed,Single,3,92500.0,681.0,3,LN-2023-11388,Home,54700.0,12,10.37,4818.42,0.666,11.0,0,Good,Mortgage,West,Fully Paid,No,Good (670-739),Upper-Middle ($65k-$95k),0
CUST-2389,Female,51,Bachelor,Employed,Married,4,164800.0,645.0,1,LN-2023-11389,Personal,12800.0,36,17.77,461.28,0.08,5.0,0,Fair,Rent,South,Fully Paid,No,Fair (580-669),High (>$95k),0
CUST-2390,Male,60,Bachelor,Employed,Single,1,67900.0,707.0,4,LN-2023-11390,Business,74100.0,36,15.79,2597.46,0.615,17.0,0,Good,Own,East,Fully Paid,No,Good (670-739),Upper-Middle ($65k-$95k),0
CUST-2391,Male,46,Master,Self-Employed,Married,2,109700.0,760.0,0,LN-2023-11391,Auto,41600.0,48,10.78,1070.73,0.117,18.0,0,Excellent,Mortgage,Central,Current,No,Very Good (740-799),High (>$95k),0
CUST-2392,Male,49,Master,Unemployed,Divorced,1,31600.0,721.0,1,LN-2023-11392,Auto,23100.0,48,11.64,604.24,0.31,0.0,0,Good,Rent,North,Fully Paid,No,Good (670-739),Low (<$40k),0
CUST-2393,Male,23,High School,Self-Employed,Married,3,97800.0,497.0,0,LN-2023-11393,Personal,9000.0,48,21.15,279.42,0.08,1.0,1,Poor,Mortgage,North,Current,No,Poor (<580),High (>$95k),0
CUST-2394,Male,34,High School,Unemployed,Married,2,18000.0,712.0,5,LN-2023-11394,Home,126400.0,36,10.28,4095.21,0.75,0.0,0,Good,Rent,East,Defaulted,Yes,Good (670-739),Low (<$40k),1
CUST-2395,Male,45,Bachelor,Employed,Single,4,90900.0,584.0,3,LN-2023-11395,Personal,25100.0,36,17.61,902.52,0.17,3.0,0,Fair,Rent,South,Fully Paid,No,Fair (580-669),Upper-Middle ($65k-$95k),0
CUST-2396,Female,21,Bachelor,Employed,Married,1,36100.0,643.0,2,LN-2023-11396,Home,113600.0,36,11.68,3755.81,0.75,0.0,0,Fair,Own,North,Defaulted,Yes,Fair (580-669),Low (<$40k),1
CUST-2397,Male,23,Master,Employed,Single,2,68500.0,728.0,0,LN-2023-11397,Education,13600.0,60,13.03,309.65,0.08,1.0,0,Good,Rent,North,Current,No,Good (670-739),Upper-Middle ($65k-$95k),0
CUST-2398,Male,46,Master,Employed,Single,1,58400.0,574.0,4,LN-2023-11398,Personal,15300.0,36,17.19,546.93,0.328,13.0,0,Poor,Rent,South,Defaulted,Yes,Poor (<580),Lower-Middle ($40k-$65k),1
CUST-2399,Female,38,Bachelor,Self-Employed,Married,0,75200.0,768.0,3,LN-2023-11399,Personal,5000.0,36,14.07,171.06,0.08,9.0,0,Excellent,Rent,North,Current,No,Very Good (740-799),Upper-Middle ($65k-$95k),0
CUST-2400,Female,29,PhD,Employed,Single,0,80500.0,639.0,1,LN-2023-11400,Personal,6200.0,36,15.76,217.24,0.08,1.0,0,Fair,Mortgage,South,Current,No,Fair (580-669),Upper-Middle ($65k-$95k),0
CUST-2401,Male,58,Bachelor,Unemployed,Married,3,36600.0,850.0,2,LN-2023-11401,Auto,18400.0,36,8.62,581.87,0.362,0.0,0,Excellent,Rent,North,Current,No,Excellent (800+),Low (<$40k),0
CUST-2402,Male,43,High School,Employed,Married,0,33100.0,675.0,5,LN-2023-11402,Education,16300.0,36,12.99,549.13,0.58,14.0,1,Good,Rent,East,Current,No,Good (670-739),Low (<$40k),0
CUST-2403,Male,41,Master,Employed,Divorced,1,35700.0,814.0,1,LN-2023-11403,Auto,47900.0,48,9.46,1202.48,0.477,16.0,0,Excellent,Own,West,Current,No,Excellent (800+),Low (<$40k),0
CUST-2404,Female,21,Bachelor,Employed,Divorced,0,34100.0,771.0,0,LN-2023-11404,Home,80900.0,36,9.84,2604.34,0.75,0.0,0,Excellent,Own,West,Current,No,Very Good (740-799),Low (<$40k),0
CUST-2405,Female,41,Master,Employed,Married,0,121800.0,618.0,3,LN-2023-11405,Personal,23200.0,24,17.71,1154.99,0.155,12.0,0,Fair,Rent,Central,Fully Paid,No,Fair (580-669),High (>$95k),0
CUST-2406,Male,47,PhD,Employed,Single,3,60000.0,559.0,1,LN-2023-11406,Auto,44400.0,36,15.89,1558.56,0.364,21.0,0,Poor,Rent,North,Current,No,Poor (<580),Lower-Middle ($40k-$65k),0
CUST-2407,Female,62,Bachelor,Employed,Married,2,75200.0,679.0,5,LN-2023-11407,Personal,10100.0,24,15.42,491.73,0.277,23.0,0,Good,Mortgage,North,Current,No,Good (670-739),Upper-Middle ($65k-$95k),0
CUST-2408,Female,26,Bachelor,Employed,Single,1,55100.0,620.0,1,LN-2023-11408,Home,57300.0,12,13.63,5134.83,0.75,3.0,0,Fair,Own,West,Fully Paid,No,Fair (580-669),Lower-Middle ($40k-$65k),0
CUST-2409,Female,64,Bachelor,Employed,Divorced,0,91100.0,804.0,0,LN-2023-11409,Home,65700.0,48,9.1,1638.07,0.216,27.0,0,Excellent,Own,North,Fully Paid,No,Excellent (800+),Upper-Middle ($65k-$95k),0
CUST-2410,Female,56,Bachelor,Employed,Married,1,56700.0,649.0,1,LN-2023-11410,Home,120000.0,12,11.2,10617.0,0.75,8.0,0,Fair,Rent,West,Defaulted,Yes,Fair (580-669),Lower-Middle ($40k-$65k),1
CUST-2411,Male,48,Bachelor,Employed,Single,0,218100.0,644.0,2,LN-2023-11411,Home,101600.0,36,12.38,3393.04,0.209,14.0,0,Fair,Mortgage,North,Fully Paid,No,Fair (580-669),High (>$95k),0
CUST-2412,Male,65,Bachelor,Employed,Married,0,147700.0,551.0,0,LN-2023-11412,Education,21300.0,60,16.89,528.1,0.08,32.0,0,Poor,Rent,East,Defaulted,Yes,Poor (<580),High (>$95k),1
CUST-2413,Male,37,Master,Employed,Married,0,67500.0,705.0,1,LN-2023-11413,Personal,26800.0,12,15.79,2428.92,0.462,4.0,0,Good,Rent,Central,Fully Paid,No,Good (670-739),Upper-Middle ($65k-$95k),0
CUST-2414,Male,60,Bachelor,Employed,Divorced,1,51300.0,570.0,0,LN-2023-11414,Education,14000.0,24,18.18,700.16,0.164,30.0,0,Poor,Mortgage,East,Current,No,Poor (<580),Lower-Middle ($40k-$65k),0
CUST-2415,Female,23,High School,Employed,Married,0,201000.0,707.0,2,LN-2023-11415,Education,14100.0,48,12.67,375.96,0.08,1.0,0,Good,Mortgage,South,Fully Paid,No,Good (670-739),High (>$95k),0
CUST-2416,Female,32,Bachelor,Employed,Married,1,38700.0,719.0,4,LN-2023-11416,Home,93200.0,12,10.87,8231.52,0.75,4.0,0,Good,Own,West,Defaulted,Yes,Good (670-739),Low (<$40k),1
CUST-2417,Male,59,Master,Employed,Single,0,75900.0,606.0,2,LN-2023-11417,Personal,25900.0,48,18.52,767.87,0.184,20.0,0,Fair,Rent,North,Current,No,Fair (580-669),Upper-Middle ($65k-$95k),0
CUST-2418,Male,32,Bachelor,Employed,Married,1,63500.0,751.0,2,LN-2023-11418,Auto,19900.0,12,12.98,1777.23,0.376,4.0,0,Excellent,Rent,Central,Fully Paid,No,Very Good (740-799),Lower-Middle ($40k-$65k),0
CUST-2419,Male,22,Bachelor,Employed,Married,0,62800.0,646.0,1,LN-2023-11419,Education,13100.0,60,14.71,309.66,0.084,1.0,0,Fair,Own,South,Current,No,Fair (580-669),Lower-Middle ($40k-$65k),0
CUST-2420,Female,66,Master,Employed,Divorced,4,35600.0,544.0,1,LN-2023-11420,Personal,16700.0,12,17.92,1530.42,0.559,19.0,0,Poor,Rent,Central,Current,No,Poor (<580),Low (<$40k),0
CUST-2421,Male,42,Bachelor,Self-Employed,Single,1,90400.0,801.0,1,LN-2023-11421,Education,10600.0,60,9.92,224.8,0.08,16.0,0,Excellent,Mortgage,West,Current,No,Excellent (800+),Upper-Middle ($65k-$95k),0
CUST-2422,Male,43,Bachelor,Employed,Single,0,40600.0,591.0,2,LN-2023-11422,Auto,38400.0,60,15.88,931.37,0.43,10.0,0,Fair,Mortgage,South,Fully Paid,No,Fair (580-669),Lower-Middle ($40k-$65k),0
CUST-2423,Male,50,Master,Employed,Married,1,148500.0,713.0,3,LN-2023-11423,Business,60400.0,36,15.15,2098.23,0.229,17.0,1,Good,Rent,East,Fully Paid,No,Good (670-739),High (>$95k),0
CUST-2424,Male,25,High School,Self-Employed,Single,2,29300.0,706.0,2,LN-2023-11424,Education,23400.0,48,13.36,631.95,0.367,4.0,0,Good,Rent,South,Current,No,Good (670-739),Low (<$40k),0
CUST-2425,Female,29,PhD,Employed,Divorced,2,95300.0,703.0,4,LN-2023-11425,Personal,28300.0,12,15.53,2561.39,0.449,1.0,0,Good,Mortgage,East,Fully Paid,No,Good (670-739),High (>$95k),0
CUST-2426,Female,41,High School,Self-Employed,Married,2,20800.0,701.0,3,LN-2023-11426,Home,107300.0,24,11.56,5028.96,0.75,13.0,0,Good,Rent,West,Defaulted,Yes,Good (670-739),Low (<$40k),1
CUST-2427,Male,31,High School,Employed,Married,0,18600.0,587.0,0,LN-2023-11427,Personal,7300.0,36,18.27,264.9,0.171,1.0,0,Fair,Own,East,Current,No,Fair (580-669),Low (<$40k),0
CUST-2428,Female,25,Master,Employed,Married,1,53400.0,813.0,1,LN-2023-11428,Personal,15200.0,36,13.18,513.47,0.168,3.0,0,Excellent,Mortgage,North,Current,No,Excellent (800+),Lower-Middle ($40k-$65k),0
CUST-2429,Female,55,High School,Self-Employed,Married,2,41200.0,751.0,3,LN-2023-11429,Auto,22200.0,60,11.36,486.68,0.237,17.0,0,Excellent,Own,Central,Fully Paid,No,Very Good (740-799),Lower-Middle ($40k-$65k),0
CUST-2430,Female,47,Bachelor,Employed,Married,1,121600.0,710.0,4,LN-2023-11430,Business,76100.0,36,15.71,2664.57,0.345,21.0,0,Good,Own,South,Fully Paid,No,Good (670-739),High (>$95k),0
CUST-2431,Male,22,Master,Employed,Divorced,3,76400.0,556.0,1,LN-2023-11431,Business,70300.0,36,17.96,2540.1,0.422,1.0,0,Poor,Rent,North,Fully Paid,No,Poor (<580),Upper-Middle ($65k-$95k),0
CUST-2432,Male,44,Master,Employed,Divorced,0,139200.0,586.0,2,LN-2023-11432,Personal,16700.0,36,18.59,608.7,0.085,1.0,0,Fair,Rent,West,Current,No,Fair (580-669),High (>$95k),0
CUST-2433,Male,51,PhD,Employed,Single,0,78200.0,725.0,1,LN-2023-11433,Personal,26900.0,60,14.58,634.03,0.123,4.0,0,Good,Mortgage,East,Current,No,Good (670-739),Upper-Middle ($65k-$95k),0
CUST-2434,Female,53,Bachelor,Employed,Single,2,82600.0,668.0,0,LN-2023-11434,Auto,25600.0,48,17.73,748.39,0.109,17.0,0,Poor,Own,West,Current,No,Fair (580-669),Upper-Middle ($65k-$95k),0
CUST-2435,Male,59,Bachelor,Employed,Single,1,45400.0,698.0,3,LN-2023-11435,Personal,26300.0,60,16.68,649.11,0.321,17.0,0,Good,Rent,North,Fully Paid,No,Good (670-739),Lower-Middle ($40k-$65k),0
CUST-2436,Male,50,High School,Self-Employed,Single,0,39500.0,556.0,3,LN-2023-11436,Personal,3900.0,12,19.03,359.47,0.25,4.0,0,Poor,Own,South,Fully Paid,No,Poor (<580),Low (<$40k),0
CUST-2437,Male,66,Bachelor,Self-Employed,Married,0,31900.0,596.0,1,LN-2023-11437,Education,10600.0,24,16.68,522.46,0.296,5.0,0,Fair,Mortgage,South,Current,No,Fair (580-669),Low (<$40k),0
CUST-2438,Female,57,Master,Employed,Married,2,90500.0,550.0,0,LN-2023-11438,Education,31700.0,60,16.44,778.31,0.103,17.0,0,Poor,Mortgage,Central,Fully Paid,No,Poor (<580),Upper-Middle ($65k-$95k),0
CUST-2439,Male,48,Bachelor,Unemployed,Married,0,24800.0,690.0,2,LN-2023-11439,Education,9900.0,48,13.69,269.0,0.367,0.0,0,Good,Own,South,Current,No,Good (670-739),Low (<$40k),0
CUST-2440,Female,51,Bachelor,Employed,Married,0,89200.0,764.0,1,LN-2023-11440,Home,103100.0,24,9.24,4721.46,0.663,1.0,0,Excellent,Rent,East,Fully Paid,No,Very Good (740-799),Upper-Middle ($65k-$95k),0
CUST-2441,Female,31,Bachelor,Employed,Married,0,69300.0,699.0,0,LN-2023-11441,Auto,37500.0,60,11.76,829.63,0.144,8.0,2,Fair,Mortgage,North,Defaulted,Yes,Good (670-739),Upper-Middle ($65k-$95k),1
CUST-2442,Male,43,Bachelor,Self-Employed,Married,3,179900.0,708.0,0,LN-2023-11442,Education,28500.0,60,13.97,662.7,0.08,15.0,0,Good,Rent,West,Fully Paid,No,Good (670-739),High (>$95k),0
CUST-2443,Female,22,PhD,Self-Employed,Married,3,115500.0,684.0,0,LN-2023-11443,Personal,26700.0,12,16.15,2424.41,0.252,1.0,0,Good,Rent,North,Current,No,Good (670-739),High (>$95k),0
CUST-2444,Male,60,High School,Self-Employed,Married,1,88200.0,728.0,2,LN-2023-11444,Education,23400.0,48,13.13,629.27,0.114,1.0,0,Good,Rent,Central,Current,No,Good (670-739),Upper-Middle ($65k-$95k),0
CUST-2445,Female,61,Bachelor,Employed,Single,1,54300.0,709.0,1,LN-2023-11445,Personal,29000.0,48,16.06,822.76,0.233,2.0,0,Good,Rent,West,Current,No,Good (670-739),Lower-Middle ($40k-$65k),0
CUST-2446,Male,47,Master,Employed,Married,0,51700.0,439.0,0,LN-2023-11446,Education,25400.0,24,18.35,1272.37,0.295,12.0,0,Poor,Mortgage,East,Current,No,Poor (<580),Lower-Middle ($40k-$65k),0
CUST-2447,Female,55,Bachelor,Self-Employed,Single,0,99900.0,747.0,3,LN-2023-11447,Education,23300.0,36,11.4,767.23,0.188,29.0,0,Excellent,Mortgage,West,Current,No,Very Good (740-799),High (>$95k),0
CUST-2448,Female,22,High School,Employed,Married,2,47200.0,738.0,4,LN-2023-11448,Home,88300.0,60,10.93,1916.77,0.74,0.0,0,Good,Rent,West,Current,No,Good (670-739),Lower-Middle ($40k-$65k),0
CUST-2449,Female,59,Bachelor,Employed,Single,0,91400.0,639.0,0,LN-2023-11449,Auto,44700.0,36,14.19,1531.87,0.201,11.0,0,Fair,Rent,West,Defaulted,Yes,Fair (580-669),Upper-Middle ($65k-$95k),1
CUST-2450,Female,57,Bachelor,Employed,Divorced,1,73700.0,502.0,0,LN-2023-11450,Personal,10100.0,48,19.91,306.86,0.08,4.0,0,Poor,Rent,West,Fully Paid,No,Poor (<580),Upper-Middle ($65k-$95k),0
CUST-2451,Male,41,High School,Self-Employed,Single,1,39500.0,690.0,1,LN-2023-11451,Auto,36400.0,12,12.09,3235.63,0.75,12.0,0,Good,Rent,Central,Fully Paid,No,Good (670-739),Low (<$40k),0
CUST-2452,Female,25,Master,Employed,Single,0,126200.0,697.0,0,LN-2023-11452,Auto,19200.0,48,14.0,524.67,0.08,2.0,0,Good,Rent,South,Current,No,Good (670-739),High (>$95k),0
CUST-2453,Female,65,Bachelor,Employed,Divorced,1,42500.0,632.0,0,LN-2023-11453,Auto,13500.0,24,14.87,653.74,0.185,4.0,0,Fair,Rent,East,Fully Paid,No,Fair (580-669),Lower-Middle ($40k-$65k),0
CUST-2454,Female,41,Master,Employed,Married,1,103100.0,685.0,1,LN-2023-11454,Business,86800.0,12,15.13,7839.75,0.75,8.0,0,Good,Rent,Central,Fully Paid,No,Good (670-739),High (>$95k),0
CUST-2455,Male,49,Master,Employed,Divorced,2,138600.0,761.0,4,LN-2023-11455,Personal,6800.0,36,15.52,237.46,0.08,16.0,0,Excellent,Rent,South,Fully Paid,No,Very Good (740-799),High (>$95k),0
CUST-2456,Female,40,Bachelor,Self-Employed,Single,0,60800.0,850.0,4,LN-2023-11456,Home,103300.0,48,6.65,2456.91,0.653,8.0,0,Excellent,Mortgage,West,Current,No,Excellent (800+),Lower-Middle ($40k-$65k),0
CUST-2457,Female,58,High School,Employed,Single,0,82600.0,682.0,3,LN-2023-11457,Education,20400.0,36,13.57,692.97,0.192,21.0,0,Good,Rent,South,Fully Paid,No,Good (670-739),Upper-Middle ($65k-$95k),0
CUST-2458,Female,40,Bachelor,Employed,Married,1,75200.0,698.0,2,LN-2023-11458,Auto,41800.0,60,13.63,964.61,0.203,13.0,0,Good,Rent,East,Fully Paid,No,Good (670-739),Upper-Middle ($65k-$95k),0
CUST-2459,Male,45,High School,Employed,Single,4,72000.0,599.0,2,LN-2023-11459,Education,32300.0,48,16.43,922.52,0.213,14.0,0,Fair,Rent,South,Fully Paid,No,Fair (580-669),Upper-Middle ($65k-$95k),0
CUST-2460,Female,22,Master,Employed,Single,0,53400.0,627.0,1,LN-2023-11460,Home,57200.0,12,11.46,5067.71,0.75,1.0,0,Fair,Rent,North,Fully Paid,No,Fair (580-669),Lower-Middle ($40k-$65k),0
CUST-2461,Male,52,High School,Employed,Single,4,54100.0,658.0,1,LN-2023-11461,Education,21900.0,60,14.13,511.05,0.137,23.0,0,Fair,Rent,Central,Fully Paid,No,Fair (580-669),Lower-Middle ($40k-$65k),0
CUST-2462,Female,46,Bachelor,Employed,Single,2,33400.0,770.0,2,LN-2023-11462,Education,6900.0,24,12.38,326.03,0.191,19.0,0,Excellent,Mortgage,South,Current,No,Very Good (740-799),Low (<$40k),0
CUST-2463,Male,26,Bachelor,Employed,Married,2,135800.0,739.0,2,LN-2023-11463,Education,20600.0,48,13.57,558.49,0.08,2.0,0,Good,Rent,South,Fully Paid,No,Good (670-739),High (>$95k),0
CUST-2464,Female,61,Bachelor,Employed,Married,0,25400.0,833.0,0,LN-2023-11464,Education,29800.0,24,11.45,1395.15,0.659,6.0,0,Excellent,Rent,East,Current,No,Excellent (800+),Low (<$40k),0
CUST-2465,Female,23,High School,Self-Employed,Married,0,48100.0,543.0,0,LN-2023-11465,Personal,9700.0,60,19.34,253.44,0.08,2.0,0,Poor,Rent,North,Current,No,Poor (<580),Lower-Middle ($40k-$65k),0
CUST-2466,Male,53,Bachelor,Self-Employed,Married,0,47500.0,557.0,4,LN-2023-11466,Home,113900.0,36,14.11,3898.92,0.75,6.0,0,Poor,Own,East,Fully Paid,No,Poor (<580),Lower-Middle ($40k-$65k),0
CUST-2467,Female,21,High School,Employed,Married,0,66500.0,763.0,1,LN-2023-11467,Personal,4500.0,36,13.89,153.56,0.08,0.0,0,Excellent,Rent,East,Fully Paid,No,Very Good (740-799),Upper-Middle ($65k-$95k),0
CUST-2468,Male,25,High School,Employed,Married,4,116700.0,793.0,0,LN-2023-11468,Personal,4000.0,36,13.7,136.13,0.08,0.0,0,Excellent,Own,North,Current,No,Very Good (740-799),High (>$95k),0
CUST-2469,Female,33,Bachelor,Unemployed,Married,0,29500.0,672.0,1,LN-2023-11469,Home,47300.0,12,12.52,4214.06,0.75,0.0,0,Good,Rent,Central,Current,No,Good (670-739),Low (<$40k),0
CUST-2470,Female,39,Bachelor,Employed,Married,1,220000.0,300.0,1,LN-2023-11470,Business,39600.0,36,23.85,1550.5,0.098,14.0,0,Poor,Own,East,Current,No,Poor (<580),High (>$95k),0
CUST-2471,Female,32,Bachelor,Employed,Married,0,33800.0,606.0,0,LN-2023-11471,Auto,27800.0,24,14.78,1345.02,0.478,6.0,0,Fair,Mortgage,North,Defaulted,Yes,Fair (580-669),Low (<$40k),1
CUST-2472,Female,45,Bachelor,Self-Employed,Divorced,2,40300.0,698.0,0,LN-2023-11472,Education,9700.0,48,14.25,266.28,0.08,16.0,0,Good,Mortgage,West,Current,No,Good (670-739),Lower-Middle ($40k-$65k),0
CUST-2473,Female,55,Bachelor,Employed,Single,0,42100.0,593.0,2,LN-2023-11473,Business,89800.0,60,18.3,2295.01,0.75,12.0,0,Fair,Rent,South,Defaulted,Yes,Fair (580-669),Lower-Middle ($40k-$65k),1
CUST-2474,Male,32,Bachelor,Employed,Single,0,66400.0,685.0,0,LN-2023-11474,Personal,32000.0,48,15.38,896.76,0.162,10.0,0,Good,Own,West,Current,No,Good (670-739),Upper-Middle ($65k-$95k),0
CUST-2475,Male,50,Master,Employed,Married,0,49000.0,831.0,2,LN-2023-11475,Personal,18100.0,36,11.59,597.64,0.279,6.0,0,Excellent,Mortgage,East,Fully Paid,No,Excellent (800+),Lower-Middle ($40k-$65k),0
CUST-2476,Female,25,High School,Employed,Single,2,35000.0,791.0,0,LN-2023-11476,Personal,19500.0,12,12.2,1734.38,0.595,1.0,0,Excellent,Mortgage,North,Current,No,Very Good (740-799),Low (<$40k),0
CUST-2477,Female,54,Bachelor,Self-Employed,Single,0,95600.0,738.0,0,LN-2023-11477,Auto,45200.0,12,12.16,4019.35,0.505,1.0,0,Good,Mortgage,North,Fully Paid,No,Good (670-739),High (>$95k),0
CUST-2478,Female,42,Master,Employed,Divorced,0,44600.0,664.0,3,LN-2023-11478,Personal,25300.0,36,15.42,882.25,0.442,17.0,0,Fair,Rent,East,Defaulted,Yes,Fair (580-669),Lower-Middle ($40k-$65k),1
CUST-2479,Female,59,Master,Employed,Single,0,46700.0,627.0,2,LN-2023-11479,Education,11700.0,36,15.63,409.2,0.187,15.0,0,Fair,Own,West,Current,No,Fair (580-669),Lower-Middle ($40k-$65k),0
CUST-2480,Male,33,High School,Unemployed,Single,3,18000.0,734.0,2,LN-2023-11480,Personal,26000.0,48,13.45,703.34,0.75,0.0,0,Good,Rent,North,Current,No,Good (670-739),Low (<$40k),0
CUST-2481,Female,67,Bachelor,Unemployed,Single,1,21550.0,672.0,0,LN-2023-11481,Personal,9700.0,36,17.15,346.56,0.217,0.0,0,Good,Rent,North,Current,No,Good (670-739),Low (<$40k),0
CUST-2482,Male,23,Bachelor,Employed,Married,2,99000.0,675.0,0,LN-2023-11482,Home,81600.0,60,11.21,1782.74,0.216,1.0,0,Good,Mortgage,North,Fully Paid,No,Good (670-739),High (>$95k),0
CUST-2483,Female,40,High School,Employed,Married,1,32700.0,538.0,2,LN-2023-11483,Auto,30200.0,36,15.9,1060.25,0.565,11.0,0,Poor,Rent,North,Current,No,Poor (<580),Low (<$40k),0
CUST-2484,Male,51,Master,Employed,Single,0,56300.0,609.0,0,LN-2023-11484,Education,30400.0,36,15.02,1054.12,0.225,23.0,0,Fair,Own,East,Fully Paid,No,Fair (580-669),Lower-Middle ($40k-$65k),0
CUST-2485,Male,25,Bachelor,Self-Employed,Married,1,93900.0,733.0,2,LN-2023-11485,Business,30500.0,24,13.87,1462.52,0.233,2.0,0,Good,Rent,North,Current,No,Good (670-739),Upper-Middle ($65k-$95k),0
CUST-2486,Male,44,Bachelor,Employed,Married,0,90200.0,576.0,1,LN-2023-11486,Education,8600.0,36,17.19,307.43,0.08,11.0,0,Poor,Mortgage,South,Fully Paid,No,Poor (<580),Upper-Middle ($65k-$95k),0
CUST-2487,Male,60,High School,Employed,Single,0,93400.0,692.0,2,LN-2023-11487,Personal,28100.0,48,16.05,797.08,0.16,24.0,1,Good,Mortgage,East,Current,No,Good (670-739),Upper-Middle ($65k-$95k),0
CUST-2488,Female,53,Bachelor,Employed,Married,1,77600.0,705.0,2,LN-2023-11488,Auto,41400.0,36,12.86,1392.14,0.254,21.0,0,Good,Mortgage,South,Fully Paid,No,Good (670-739),Upper-Middle ($65k-$95k),0
CUST-2489,Male,28,Bachelor,Employed,Single,1,66700.0,710.0,1,LN-2023-11489,Home,89500.0,36,9.84,2881.19,0.564,1.0,0,Good,Rent,Central,Fully Paid,No,Good (670-739),Upper-Middle ($65k-$95k),0
CUST-2490,Male,44,Master,Employed,Divorced,0,100800.0,717.0,1,LN-2023-11490,Personal,22200.0,12,14.99,2003.63,0.251,2.0,0,Good,Rent,East,Fully Paid,No,Good (670-739),High (>$95k),0
CUST-2491,Male,40,High School,Employed,Married,0,43500.0,723.0,2,LN-2023-11491,Auto,37300.0,36,11.85,1236.22,0.413,1.0,0,Good,Own,North,Current,No,Good (670-739),Lower-Middle ($40k-$65k),0
CUST-2492,Male,36,High School,Employed,Married,2,43400.0,616.0,2,LN-2023-11492,Home,85500.0,12,10.91,7553.04,0.75,5.0,0,Fair,Mortgage,South,Defaulted,Yes,Fair (580-669),Lower-Middle ($40k-$65k),1
CUST-2493,Male,32,Bachelor,Employed,Married,2,28300.0,545.0,0,LN-2023-11493,Home,66900.0,36,13.82,2280.64,0.75,5.0,1,Poor,Mortgage,South,Defaulted,Yes,Poor (<580),Low (<$40k),1
CUST-2494,Male,33,High School,Employed,Married,0,73400.0,595.0,1,LN-2023-11494,Personal,17000.0,36,18.13,615.7,0.128,6.0,0,Fair,Rent,South,Fully Paid,No,Fair (580-669),Upper-Middle ($65k-$95k),0
CUST-2495,Female,65,Bachelor,Employed,Married,0,69100.0,732.0,1,LN-2023-11495,Business,86600.0,36,14.2,2968.2,0.543,36.0,0,Good,Own,South,Defaulted,Yes,Good (670-739),Upper-Middle ($65k-$95k),1
CUST-2496,Female,62,Master,Self-Employed,Married,3,127000.0,567.0,1,LN-2023-11496,Auto,41800.0,36,15.72,1463.79,0.152,12.0,0,Poor,Mortgage,South,Current,No,Poor (<580),High (>$95k),0
CUST-2497,Female,59,Bachelor,Self-Employed,Married,2,20400.0,581.0,0,LN-2023-11497,Personal,16500.0,36,18.75,602.74,0.355,25.0,0,Fair,Rent,North,Defaulted,Yes,Fair (580-669),Low (<$40k),1
CUST-2498,Male,45,Master,Employed,Married,4,76200.0,581.0,3,LN-2023-11498,Business,35800.0,36,18.42,1301.81,0.295,11.0,0,Fair,Rent,South,Fully Paid,No,Fair (580-669),Upper-Middle ($65k-$95k),0
CUST-2499,Male,66,High School,Employed,Single,0,33400.0,513.0,1,LN-2023-11499,Business,82300.0,36,20.69,3087.57,0.75,8.0,1,Poor,Mortgage,West,Defaulted,Yes,Poor (<580),Low (<$40k),1
CUST-2500,Female,52,High School,Employed,Divorced,1,96500.0,572.0,3,LN-2023-11500,Education,27700.0,36,14.68,955.89,0.211,16.0,2,Poor,Mortgage,West,Defaulted,Yes,Poor (<580),High (>$95k),1
CUST-2501,Male,44,High School,Employed,Single,0,64700.0,755.0,2,LN-2023-11501,Auto,25400.0,48,11.1,657.71,0.286,19.0,0,Excellent,Rent,North,Current,No,Very Good (740-799),Lower-Middle ($40k-$65k),0
CUST-2502,Male,67,Bachelor,Employed,Single,1,69900.0,609.0,0,LN-2023-11502,Home,54500.0,36,13.54,1850.53,0.318,5.0,0,Fair,Rent,North,Current,No,Fair (580-669),Upper-Middle ($65k-$95k),0
CUST-2503,Male,64,Master,Employed,Married,0,64100.0,521.0,0,LN-2023-11503,Home,108900.0,36,15.14,3782.52,0.708,19.0,1,Poor,Rent,Central,Current,No,Poor (<580),Lower-Middle ($40k-$65k),0
CUST-2504,Male,29,High School,Self-Employed,Single,0,67500.0,626.0,3,LN-2023-11504,Home,71900.0,60,12.6,1621.26,0.346,0.0,0,Fair,Rent,North,Defaulted,Yes,Fair (580-669),Upper-Middle ($65k-$95k),1
CUST-2505,Male,60,Bachelor,Employed,Married,0,41400.0,713.0,1,LN-2023-11505,Business,62400.0,24,14.49,3010.47,0.75,11.0,0,Good,Mortgage,South,Fully Paid,No,Good (670-739),Lower-Middle ($40k-$65k),0
CUST-2506,Male,43,Bachelor,Employed,Married,2,60100.0,514.0,0,LN-2023-11506,Education,25400.0,48,17.65,741.49,0.148,12.0,0,Poor,Rent,South,Current,No,Poor (<580),Lower-Middle ($40k-$65k),0
CUST-2507,Female,33,Master,Employed,Single,1,60000.0,751.0,3,LN-2023-11507,Personal,23300.0,36,14.4,800.87,0.273,9.0,0,Excellent,Rent,Central,Fully Paid,No,Very Good (740-799),Lower-Middle ($40k-$65k),0
CUST-2508,Female,52,High School,Self-Employed,Married,1,156600.0,547.0,1,LN-2023-11508,Auto,30400.0,48,14.97,845.59,0.08,19.0,0,Poor,Rent,North,Fully Paid,No,Poor (<580),High (>$95k),0
CUST-2509,Female,35,High School,Employed,Married,2,95100.0,636.0,1,LN-2023-11509,Auto,34000.0,36,14.46,1169.65,0.17,6.0,0,Fair,Rent,West,Current,No,Fair (580-669),High (>$95k),0
CUST-2510,Female,56,High School,Self-Employed,Divorced,2,91100.0,635.0,1,LN-2023-11510,Education,8800.0,24,14.47,424.47,0.08,27.0,0,Fair,Rent,East,Defaulted,Yes,Fair (580-669),Upper-Middle ($65k-$95k),1
CUST-2511,Female,25,Bachelor,Employed,Divorced,1,32100.0,622.0,3,LN-2023-11511,Personal,22300.0,24,17.7,1110.08,0.577,1.0,0,Fair,Rent,West,Fully Paid,No,Fair (580-669),Low (<$40k),0
CUST-2512,Female,42,Bachelor,Self-Employed,Married,4,106700.0,664.0,0,LN-2023-11512,Auto,17400.0,60,13.93,404.24,0.08,14.0,0,Fair,Rent,West,Fully Paid,No,Fair (580-669),High (>$95k),0
CUST-2513,Female,36,Master,Self-Employed,Married,1,97400.0,736.0,1,LN-2023-11513,Home,78300.0,48,11.48,2042.0,0.268,6.0,0,Good,Rent,West,Fully Paid,No,Good (670-739),High (>$95k),0
CUST-2514,Male,61,Bachelor,Unemployed,Single,0,38200.0,666.0,1,LN-2023-11514,Personal,17900.0,12,16.15,1625.35,0.567,0.0,0,Fair,Rent,North,Current,No,Fair (580-669),Low (<$40k),0
CUST-2515,Male,30,Bachelor,Employed,Single,4,72700.0,618.0,3,LN-2023-11515,Auto,36100.0,48,13.94,985.4,0.249,7.0,0,Fair,Own,South,Current,No,Fair (580-669),Upper-Middle ($65k-$95k),0
CUST-2516,Male,44,Bachelor,Employed,Married,0,62500.0,708.0,2,LN-2023-11516,Home,108100.0,12,8.98,9452.5,0.75,16.0,0,Good,Mortgage,North,Fully Paid,No,Good (670-739),Lower-Middle ($40k-$65k),0
CUST-2517,Female,38,High School,Employed,Single,1,54500.0,687.0,1,LN-2023-11517,Auto,36800.0,24,12.53,1741.43,0.443,13.0,0,Good,Mortgage,North,Fully Paid,No,Good (670-739),Lower-Middle ($40k-$65k),0
CUST-2518,Female,38,Bachelor,Unemployed,Divorced,0,18000.0,613.0,2,LN-2023-11518,Personal,5800.0,36,17.58,208.46,0.317,0.0,0,Fair,Rent,East,Current,No,Fair (580-669),Low (<$40k),0
CUST-2519,Male,27,PhD,Employed,Married,1,65700.0,673.0,1,LN-2023-11519,Business,47100.0,36,16.24,1661.48,0.335,1.0,0,Good,Own,West,Fully Paid,No,Good (670-739),Upper-Middle ($65k-$95k),0
CUST-2520,Female,24,Master,Employed,Divorced,1,92100.0,606.0,1,LN-2023-11520,Education,15500.0,48,15.04,431.69,0.082,2.0,0,Fair,Own,North,Fully Paid,No,Fair (580-669),Upper-Middle ($65k-$95k),0
CUST-2521,Male,46,Master,Employed,Divorced,0,130000.0,596.0,5,LN-2023-11521,Personal,14600.0,36,17.39,523.37,0.14,16.0,2,Fair,Rent,West,Fully Paid,No,Fair (580-669),High (>$95k),0
CUST-2522,Female,25,Master,Employed,Married,1,60800.0,738.0,1,LN-2023-11522,Auto,34600.0,60,12.11,771.58,0.196,3.0,0,Good,Mortgage,South,Fully Paid,No,Good (670-739),Lower-Middle ($40k-$65k),0
CUST-2523,Male,36,High School,Employed,Single,2,48200.0,707.0,5,LN-2023-11523,Personal,8600.0,48,15.51,241.57,0.245,7.0,1,Good,Rent,South,Current,No,Good (670-739),Lower-Middle ($40k-$65k),0
CUST-2524,Male,55,High School,Employed,Married,0,23900.0,735.0,2,LN-2023-11524,Auto,29100.0,36,12.84,978.25,0.706,0.0,1,Good,Mortgage,Central,Current,No,Good (670-739),Low (<$40k),0
CUST-2525,Male,46,High School,Employed,Single,0,94700.0,723.0,0,LN-2023-11525,Personal,28700.0,48,14.48,791.2,0.1,6.0,0,Good,Own,North,Current,No,Good (670-739),Upper-Middle ($65k-$95k),0
CUST-2526,Male,38,Bachelor,Employed,Single,0,103800.0,594.0,2,LN-2023-11526,Home,107100.0,60,12.71,2420.98,0.308,5.0,0,Fair,Own,North,Current,No,Fair (580-669),High (>$95k),0
CUST-2527,Male,49,High School,Unemployed,Married,2,23000.0,755.0,0,LN-2023-11527,Business,70800.0,60,15.41,1699.6,0.75,0.0,0,Excellent,Rent,South,Current,No,Very Good (740-799),Low (<$40k),0
CUST-2528,Male,43,Bachelor,Self-Employed,Single,2,86800.0,644.0,1,LN-2023-11528,Personal,27600.0,12,17.88,2528.79,0.375,16.0,0,Fair,Own,Central,Current,No,Fair (580-669),Upper-Middle ($65k-$95k),0
CUST-2529,Female,34,Bachelor,Self-Employed,Single,2,145400.0,748.0,2,LN-2023-11529,Auto,25200.0,60,11.47,553.83,0.08,10.0,0,Excellent,Rent,North,Fully Paid,No,Very Good (740-799),High (>$95k),0
CUST-2530,Female,35,Master,Employed,Married,0,54200.0,659.0,3,LN-2023-11530,Personal,25000.0,12,17.1,2281.31,0.683,1.0,0,Fair,Own,East,Defaulted,Yes,Fair (580-669),Lower-Middle ($40k-$65k),1
CUST-2531,Male,53,Master,Self-Employed,Married,0,59300.0,696.0,0,LN-2023-11531,Auto,12200.0,36,14.53,420.11,0.085,26.0,0,Good,Mortgage,West,Fully Paid,No,Good (670-739),Lower-Middle ($40k-$65k),0
CUST-2532,Female,45,Master,Employed,Married,0,125500.0,699.0,3,LN-2023-11532,Personal,4600.0,36,16.34,162.5,0.08,4.0,0,Good,Own,Central,Defaulted,Yes,Good (670-739),High (>$95k),1
CUST-2533,Female,41,High School,Employed,Single,0,76800.0,739.0,3,LN-2023-11533,Home,73200.0,60,9.51,1537.69,0.304,7.0,0,Good,Rent,East,Fully Paid,No,Good (670-739),Upper-Middle ($65k-$95k),0
CUST-2534,Male,37,High School,Employed,Divorced,1,28700.0,531.0,0,LN-2023-11534,Home,61700.0,36,14.69,2129.5,0.75,3.0,0,Poor,Own,South,Defaulted,Yes,Poor (<580),Low (<$40k),1
CUST-2535,Male,43,Bachelor,Employed,Single,4,49500.0,536.0,3,LN-2023-11535,Personal,18000.0,36,17.78,648.76,0.293,16.0,1,Poor,Mortgage,West,Current,No,Poor (<580),Lower-Middle ($40k-$65k),0
CUST-2536,Male,63,Bachelor,Employed,Married,0,134400.0,727.0,0,LN-2023-11536,Business,32800.0,48,13.93,895.16,0.08,27.0,0,Good,Rent,North,Fully Paid,No,Good (670-739),High (>$95k),0
CUST-2537,Male,37,Bachelor,Unemployed,Single,3,26500.0,700.0,0,LN-2023-11537,Business,88300.0,12,15.19,7977.73,0.75,0.0,0,Good,Rent,East,Defaulted,Yes,Good (670-739),Low (<$40k),1
CUST-2538,Female,34,Bachelor,Employed,Married,0,89600.0,604.0,4,LN-2023-11538,Education,34900.0,36,15.67,1221.3,0.223,4.0,0,Fair,Rent,East,Fully Paid,No,Fair (580-669),Upper-Middle ($65k-$95k),0
CUST-2539,Male,49,Bachelor,Employed,Married,3,37300.0,700.0,1,LN-2023-11539,Personal,31500.0,36,14.91,1090.57,0.423,16.0,0,Good,Mortgage,West,Fully Paid,No,Good (670-739),Low (<$40k),0
CUST-2540,Male,40,Bachelor,Employed,Married,0,84500.0,550.0,2,LN-2023-11540,Personal,26400.0,36,16.77,938.21,0.201,3.0,1,Poor,Rent,North,Fully Paid,No,Poor (<580),Upper-Middle ($65k-$95k),0
CUST-2541,Female,50,Bachelor,Employed,Married,3,33200.0,850.0,1,LN-2023-11541,Auto,46100.0,12,9.74,4047.35,0.75,10.0,0,Excellent,Rent,Central,Current,No,Excellent (800+),Low (<$40k),0
CUST-2542,Male,39,Bachelor,Employed,Single,0,25800.0,781.0,0,LN-2023-11542,Business,45800.0,12,13.93,4110.74,0.75,6.0,0,Excellent,Rent,West,Fully Paid,No,Very Good (740-799),Low (<$40k),0
CUST-2543,Female,59,Bachelor,Employed,Divorced,3,87200.0,722.0,2,LN-2023-11543,Auto,28900.0,24,12.95,1373.28,0.229,8.0,0,Good,Rent,South,Current,No,Good (670-739),Upper-Middle ($65k-$95k),0
CUST-2544,Male,33,Bachelor,Self-Employed,Single,0,137900.0,676.0,0,LN-2023-11544,Home,65400.0,60,11.28,1431.1,0.125,9.0,0,Good,Mortgage,East,Current,No,Good (670-739),High (>$95k),0
CUST-2545,Female,38,Bachelor,Employed,Single,0,56100.0,617.0,0,LN-2023-11545,Education,27600.0,36,15.13,958.52,0.205,10.0,0,Fair,Mortgage,South,Current,No,Fair (580-669),Lower-Middle ($40k-$65k),0
CUST-2546,Male,43,High School,Employed,Married,1,38400.0,558.0,4,LN-2023-11546,Personal,25900.0,36,18.7,945.47,0.435,5.0,1,Poor,Rent,Central,Fully Paid,No,Poor (<580),Low (<$40k),0
CUST-2547,Female,66,Bachelor,Self-Employed,Divorced,0,156100.0,660.0,4,LN-2023-11547,Education,23000.0,36,14.57,792.47,0.124,9.0,0,Fair,Rent,East,Fully Paid,No,Fair (580-669),High (>$95k),0
CUST-2548,Female,53,Master,Self-Employed,Single,1,82000.0,596.0,1,LN-2023-11548,Business,40700.0,48,17.42,1183.26,0.189,0.0,0,Fair,Rent,South,Current,No,Fair (580-669),Upper-Middle ($65k-$95k),0
CUST-2549,Male,59,Master,Self-Employed,Divorced,4,86900.0,601.0,0,LN-2023-11549,Business,55500.0,24,15.75,2710.83,0.374,11.0,0,Fair,Rent,West,Current,No,Fair (580-669),Upper-Middle ($65k-$95k),0
CUST-2550,Female,60,Bachelor,Employed,Married,1,134700.0,549.0,1,LN-2023-11550,Personal,4800.0,12,19.7,443.96,0.08,18.0,0,Poor,Rent,West,Fully Paid,No,Poor (<580),High (>$95k),0
CUST-2551,Female,38,High School,Employed,Married,2,41900.0,691.0,3,LN-2023-11551,Auto,37400.0,36,12.77,1256.01,0.477,4.0,0,Good,Mortgage,West,Current,No,Good (670-739),Lower-Middle ($40k-$65k),0
CUST-2552,Female,29,Bachelor,Employed,Single,0,46800.0,637.0,0,LN-2023-11552,Auto,27200.0,48,13.43,735.53,0.189,5.0,0,Fair,Rent,North,Fully Paid,No,Fair (580-669),Lower-Middle ($40k-$65k),0
CUST-2553,Female,53,Bachelor,Self-Employed,Married,1,104400.0,715.0,0,LN-2023-11553,Personal,29000.0,60,14.8,686.87,0.08,11.0,2,Fair,Rent,South,Current,No,Good (670-739),High (>$95k),0
CUST-2554,Female,52,Bachelor,Self-Employed,Single,1,52500.0,708.0,3,LN-2023-11554,Auto,45100.0,12,12.8,4023.98,0.75,8.0,0,Good,Own,South,Fully Paid,No,Good (670-739),Lower-Middle ($40k-$65k),0
CUST-2555,Male,37,Bachelor,Employed,Divorced,3,58900.0,689.0,1,LN-2023-11555,Auto,14800.0,48,12.72,394.99,0.119,13.0,0,Good,Rent,North,Fully Paid,No,Good (670-739),Lower-Middle ($40k-$65k),0
CUST-2556,Male,39,Bachelor,Employed,Married,0,34700.0,850.0,0,LN-2023-11556,Home,129700.0,12,7.22,11235.68,0.75,4.0,0,Excellent,Rent,East,Current,No,Excellent (800+),Low (<$40k),0
CUST-2557,Female,47,Bachelor,Self-Employed,Married,1,78600.0,740.0,0,LN-2023-11557,Home,127400.0,36,9.79,4098.29,0.626,9.0,0,Excellent,Mortgage,South,Fully Paid,No,Very Good (740-799),Upper-Middle ($65k-$95k),0
CUST-2558,Male,26,Bachelor,Employed,Single,0,64800.0,562.0,3,LN-2023-11558,Personal,21200.0,12,18.69,1950.58,0.505,2.0,0,Poor,Mortgage,North,Fully Paid,No,Poor (<580),Lower-Middle ($40k-$65k),0
CUST-2559,Female,55,High School,Employed,Married,0,75900.0,708.0,1,LN-2023-11559,Business,77800.0,60,14.46,1828.88,0.324,7.0,0,Good,Rent,East,Fully Paid,No,Good (670-739),Upper-Middle ($65k-$95k),0
CUST-2560,Female,57,Master,Employed,Single,0,114500.0,665.0,0,LN-2023-11560,Education,6600.0,48,14.41,181.72,0.08,7.0,0,Fair,Mortgage,South,Defaulted,Yes,Fair (580-669),High (>$95k),1
CUST-2561,Male,54,High School,Employed,Single,0,62900.0,555.0,3,LN-2023-11561,Auto,46900.0,36,15.12,1628.56,0.409,9.0,3,Poor,Mortgage,North,Current,No,Poor (<580),Lower-Middle ($40k-$65k),0
CUST-2562,Male,40,High School,Unemployed,Married,0,20500.0,549.0,3,LN-2023-11562,Personal,16200.0,36,20.13,603.12,0.653,0.0,0,Poor,Mortgage,Central,Defaulted,Yes,Poor (<580),Low (<$40k),1
CUST-2563,Female,45,PhD,Employed,Single,0,89800.0,708.0,0,LN-2023-11563,Auto,44600.0,36,13.47,1512.87,0.202,18.0,0,Good,Own,East,Fully Paid,No,Good (670-739),Upper-Middle ($65k-$95k),0
CUST-2564,Male,24,PhD,Employed,Single,2,122100.0,729.0,1,LN-2023-11564,Personal,14200.0,12,14.57,1278.79,0.138,2.0,0,Good,Own,North,Fully Paid,No,Good (670-739),High (>$95k),0
CUST-2565,Female,30,High School,Employed,Single,0,29800.0,581.0,0,LN-2023-11565,Auto,40000.0,24,15.75,1953.75,0.75,5.0,2,Fair,Mortgage,Central,Defaulted,Yes,Fair (580-669),Low (<$40k),1
CUST-2566,Male,30,Bachelor,Employed,Single,3,21800.0,752.0,1,LN-2023-11566,Auto,25900.0,48,10.94,668.64,0.454,4.0,0,Excellent,Own,South,Current,No,Very Good (740-799),Low (<$40k),0
CUST-2567,Female,44,High School,Employed,Single,0,82800.0,694.0,0,LN-2023-11567,Education,18300.0,24,13.93,878.03,0.127,10.0,0,Good,Mortgage,North,Fully Paid,No,Good (670-739),Upper-Middle ($65k-$95k),0
CUST-2568,Male,41,Bachelor,Employed,Married,0,85100.0,771.0,1,LN-2023-11568,Personal,30500.0,48,14.43,840.05,0.14,5.0,0,Excellent,Mortgage,North,Fully Paid,No,Very Good (740-799),Upper-Middle ($65k-$95k),0
CUST-2569,Female,31,Master,Employed,Married,1,73500.0,762.0,2,LN-2023-11569,Personal,23300.0,24,14.22,1121.12,0.263,1.0,0,Excellent,Own,West,Fully Paid,No,Very Good (740-799),Upper-Middle ($65k-$95k),0
CUST-2570,Male,47,PhD,Employed,Married,1,150500.0,656.0,1,LN-2023-11570,Business,78800.0,12,16.8,7179.46,0.586,7.0,0,Fair,Own,Central,Current,No,Fair (580-669),High (>$95k),0
CUST-2571,Female,36,Bachelor,Self-Employed,Married,1,52000.0,809.0,1,LN-2023-11571,Business,58000.0,60,12.8,1313.75,0.352,6.0,0,Excellent,Own,North,Fully Paid,No,Excellent (800+),Lower-Middle ($40k-$65k),0
CUST-2572,Male,46,Bachelor,Employed,Divorced,1,45800.0,574.0,0,LN-2023-11572,Home,123100.0,60,13.6,2838.86,0.744,1.0,0,Poor,Mortgage,South,Defaulted,Yes,Poor (<580),Lower-Middle ($40k-$65k),1
CUST-2573,Female,50,Bachelor,Employed,Married,0,43000.0,850.0,4,LN-2023-11573,Personal,24500.0,36,11.64,809.54,0.438,2.0,0,Excellent,Mortgage,North,Current,No,Excellent (800+),Lower-Middle ($40k-$65k),0
CUST-2574,Female,36,Bachelor,Unemployed,Single,1,28400.0,595.0,0,LN-2023-11574,Home,51100.0,36,13.6,1736.57,0.734,0.0,0,Fair,Rent,East,Defaulted,Yes,Fair (580-669),Low (<$40k),1
CUST-2575,Male,27,Master,Employed,Married,1,38200.0,665.0,2,LN-2023-11575,Home,110200.0,36,11.08,3611.98,0.75,1.0,0,Fair,Mortgage,Central,Defaulted,Yes,Fair (580-669),Low (<$40k),1
CUST-2576,Male,36,Master,Self-Employed,Married,0,63400.0,621.0,0,LN-2023-11576,Education,6600.0,36,15.43,230.18,0.08,5.0,0,Fair,Mortgage,North,Fully Paid,No,Fair (580-669),Lower-Middle ($40k-$65k),0
CUST-2577,Male,55,Bachelor,Employed,Divorced,2,71600.0,637.0,2,LN-2023-11577,Auto,41500.0,48,14.5,1144.49,0.286,12.0,0,Fair,Rent,South,Fully Paid,No,Fair (580-669),Upper-Middle ($65k-$95k),0
CUST-2578,Female,36,Bachelor,Self-Employed,Married,2,42100.0,850.0,0,LN-2023-11578,Personal,12600.0,48,13.04,338.28,0.096,2.0,0,Excellent,Rent,North,Current,No,Excellent (800+),Lower-Middle ($40k-$65k),0
CUST-2579,Female,60,Bachelor,Self-Employed,Single,0,53700.0,630.0,0,LN-2023-11579,Auto,32700.0,48,14.85,907.58,0.203,8.0,0,Fair,Rent,North,Current,No,Fair (580-669),Lower-Middle ($40k-$65k),0
CUST-2580,Female,32,High School,Employed,Married,2,18100.0,742.0,2,LN-2023-11580,Personal,24700.0,36,13.25,835.22,0.75,3.0,0,Excellent,Mortgage,North,Fully Paid,No,Very Good (740-799),Low (<$40k),0
CUST-2581,Male,55,Master,Self-Employed,Divorced,3,117600.0,649.0,1,LN-2023-11581,Personal,21500.0,48,16.06,609.98,0.085,2.0,0,Fair,Mortgage,East,Current,No,Fair (580-669),High (>$95k),0
CUST-2582,Male,41,Bachelor,Unemployed,Single,1,18000.0,749.0,1,LN-2023-11582,Home,102200.0,24,9.34,4684.94,0.75,0.0,0,Excellent,Rent,North,Current,No,Very Good (740-799),Low (<$40k),0
CUST-2583,Female,63,Bachelor,Employed,Single,0,38300.0,623.0,0,LN-2023-11583,Personal,28900.0,12,16.58,2630.06,0.75,12.0,0,Fair,Own,West,Fully Paid,No,Fair (580-669),Low (<$40k),0
CUST-2584,Male,56,Bachelor,Employed,Married,3,35100.0,691.0,0,LN-2023-11584,Education,18700.0,36,14.27,641.58,0.219,2.0,0,Good,Mortgage,North,Current,No,Good (670-739),Low (<$40k),0
CUST-2585,Female,37,Master,Employed,Married,0,64500.0,723.0,2,LN-2023-11585,Home,91500.0,12,8.85,7995.45,0.75,10.0,0,Good,Mortgage,South,Fully Paid,No,Good (670-739),Lower-Middle ($40k-$65k),0
CUST-2586,Male,52,High School,Self-Employed,Divorced,0,27700.0,608.0,0,LN-2023-11586,Auto,16600.0,36,15.92,582.95,0.253,10.0,2,Fair,Mortgage,South,Current,No,Fair (580-669),Low (<$40k),0
CUST-2587,Female,61,Master,Employed,Divorced,0,186500.0,850.0,0,LN-2023-11587,Auto,27800.0,48,10.3,709.09,0.08,11.0,0,Excellent,Own,South,Fully Paid,No,Excellent (800+),High (>$95k),0
CUST-2588,Male,26,Master,Employed,Married,2,26600.0,727.0,0,LN-2023-11588,Business,30500.0,36,14.74,1053.41,0.475,1.0,0,Good,Mortgage,North,Current,No,Good (670-739),Low (<$40k),0
CUST-2589,Male,44,PhD,Employed,Married,3,75800.0,650.0,0,LN-2023-11589,Business,64400.0,12,16.54,5859.54,0.75,5.0,0,Fair,Own,East,Defaulted,Yes,Fair (580-669),Upper-Middle ($65k-$95k),1
CUST-2590,Female,47,Bachelor,Employed,Married,1,66000.0,610.0,0,LN-2023-11590,Education,17000.0,60,15.43,408.28,0.08,5.0,0,Fair,Rent,Central,Fully Paid,No,Fair (580-669),Upper-Middle ($65k-$95k),0
CUST-2591,Female,40,High School,Employed,Married,3,34600.0,677.0,1,LN-2023-11591,Home,118000.0,12,11.52,10457.68,0.75,16.0,0,Good,Rent,South,Defaulted,Yes,Good (670-739),Low (<$40k),1
CUST-2592,Female,45,Bachelor,Employed,Single,0,69200.0,566.0,0,LN-2023-11592,Personal,13000.0,60,19.14,338.23,0.08,17.0,0,Poor,Mortgage,North,Defaulted,Yes,Poor (<580),Upper-Middle ($65k-$95k),1
CUST-2593,Male,22,Bachelor,Self-Employed,Married,0,50400.0,821.0,3,LN-2023-11593,Auto,20900.0,12,10.08,1838.22,0.579,0.0,1,Good,Own,South,Fully Paid,No,Excellent (800+),Lower-Middle ($40k-$65k),0
CUST-2594,Male,29,High School,Employed,Married,1,97700.0,706.0,0,LN-2023-11594,Home,86800.0,48,11.19,2251.41,0.277,4.0,0,Good,Rent,South,Fully Paid,No,Good (670-739),High (>$95k),0
CUST-2595,Female,48,Bachelor,Employed,Single,3,38000.0,662.0,3,LN-2023-11595,Personal,8100.0,60,15.63,195.39,0.304,6.0,0,Fair,Rent,South,Fully Paid,No,Fair (580-669),Low (<$40k),0
CUST-2596,Female,58,Bachelor,Employed,Married,1,21800.0,758.0,3,LN-2023-11596,Personal,8900.0,60,14.5,209.4,0.499,3.0,0,Excellent,Mortgage,South,Current,No,Very Good (740-799),Low (<$40k),0
CUST-2597,Male,23,Master,Employed,Single,0,43400.0,608.0,0,LN-2023-11597,Home,111600.0,60,12.73,2523.84,0.698,1.0,0,Fair,Mortgage,North,Defaulted,Yes,Fair (580-669),Lower-Middle ($40k-$65k),1
CUST-2598,Male,40,High School,Employed,Divorced,0,48800.0,571.0,0,LN-2023-11598,Auto,28900.0,60,16.04,703.41,0.145,2.0,0,Poor,Mortgage,Central,Fully Paid,No,Poor (<580),Lower-Middle ($40k-$65k),0
CUST-2599,Male,26,Bachelor,Employed,Married,0,62500.0,658.0,0,LN-2023-11599,Auto,17800.0,36,13.22,601.64,0.121,2.0,0,Fair,Mortgage,East,Fully Paid,No,Fair (580-669),Lower-Middle ($40k-$65k),0
CUST-2600,Female,59,Master,Employed,Single,0,109200.0,680.0,1,LN-2023-11600,Education,7100.0,36,14.15,243.18,0.08,21.0,0,Good,Rent,East,Fully Paid,No,Good (670-739),High (>$95k),0
CUST-2601,Male,53,Master,Employed,Married,0,97600.0,715.0,2,LN-2023-11601,Home,84700.0,36,10.54,2754.55,0.387,15.0,0,Good,Mortgage,South,Current,No,Good (670-739),High (>$95k),0
CUST-2602,Male,21,Master,Employed,Married,3,75900.0,544.0,2,LN-2023-11602,Home,108100.0,60,15.43,2596.16,0.631,0.0,1,Poor,Mortgage,East,Defaulted,Yes,Poor (<580),Upper-Middle ($65k-$95k),1
CUST-2603,Male,57,Bachelor,Employed,Married,1,50400.0,631.0,1,LN-2023-11603,Home,74900.0,48,12.6,1994.54,0.503,24.0,0,Fair,Mortgage,South,Current,No,Fair (580-669),Lower-Middle ($40k-$65k),0
CUST-2604,Male,26,Master,Unemployed,Married,1,22900.0,407.0,0,LN-2023-11604,Business,37400.0,48,21.99,1178.12,0.617,0.0,0,Poor,Mortgage,West,Defaulted,Yes,Poor (<580),Low (<$40k),1
CUST-2605,Male,65,Bachelor,Employed,Married,0,146800.0,569.0,3,LN-2023-11605,Personal,14500.0,36,17.97,523.99,0.089,29.0,0,Poor,Rent,North,Fully Paid,No,Poor (<580),High (>$95k),0
CUST-2606,Male,54,Bachelor,Self-Employed,Married,0,98700.0,730.0,1,LN-2023-11606,Home,126500.0,36,10.46,4109.17,0.53,10.0,0,Good,Mortgage,North,Fully Paid,No,Good (670-739),High (>$95k),0
CUST-2607,Male,67,High School,Self-Employed,Divorced,1,132300.0,751.0,5,LN-2023-11607,Home,81000.0,60,10.11,1725.4,0.217,0.0,0,Excellent,Rent,East,Current,No,Very Good (740-799),High (>$95k),0
CUST-2608,Female,35,High School,Employed,Single,3,71700.0,572.0,1,LN-2023-11608,Personal,10500.0,24,17.97,524.05,0.115,9.0,0,Poor,Rent,West,Current,No,Poor (<580),Upper-Middle ($65k-$95k),0
CUST-2609,Male,65,High School,Self-Employed,Divorced,1,54900.0,642.0,0,LN-2023-11609,Home,93400.0,24,11.87,4390.99,0.75,38.0,0,Fair,Mortgage,West,Fully Paid,No,Fair (580-669),Lower-Middle ($40k-$65k),0
CUST-2610,Female,46,High School,Employed,Single,2,31000.0,672.0,3,LN-2023-11610,Auto,40800.0,60,12.95,927.28,0.57,9.0,0,Good,Mortgage,South,Fully Paid,No,Good (670-739),Low (<$40k),0
CUST-2611,Female,34,Bachelor,Employed,Married,2,68800.0,761.0,1,LN-2023-11611,Home,46900.0,36,9.5,1502.35,0.307,11.0,0,Excellent,Own,North,Fully Paid,No,Very Good (740-799),Upper-Middle ($65k-$95k),0
CUST-2612,Female,27,High School,Employed,Married,0,47800.0,799.0,2,LN-2023-11612,Personal,19200.0,36,12.76,644.71,0.273,1.0,0,Excellent,Mortgage,North,Fully Paid,No,Very Good (740-799),Lower-Middle ($40k-$65k),0
CUST-2613,Female,66,High School,Self-Employed,Married,0,54100.0,683.0,1,LN-2023-11613,Auto,41800.0,48,13.48,1131.37,0.303,11.0,0,Good,Rent,South,Defaulted,Yes,Good (670-739),Lower-Middle ($40k-$65k),1
CUST-2614,Male,51,Master,Employed,Married,1,70800.0,647.0,3,LN-2023-11614,Personal,9300.0,48,16.01,263.61,0.104,4.0,0,Fair,Rent,West,Fully Paid,No,Fair (580-669),Upper-Middle ($65k-$95k),0
CUST-2615,Male,44,High School,Self-Employed,Single,1,22400.0,547.0,3,LN-2023-11615,Home,123300.0,24,14.18,5930.48,0.75,9.0,0,Poor,Rent,South,Current,No,Poor (<580),Low (<$40k),0
CUST-2616,Female,51,Master,Employed,Single,0,137300.0,679.0,1,LN-2023-11616,Home,94100.0,24,10.7,4372.7,0.404,21.0,0,Good,Own,East,Current,No,Good (670-739),High (>$95k),0
CUST-2617,Female,49,High School,Self-Employed,Married,0,55200.0,846.0,0,LN-2023-11617,Education,23600.0,48,10.99,609.84,0.133,8.0,0,Excellent,Mortgage,North,Current,No,Excellent (800+),Lower-Middle ($40k-$65k),0
CUST-2618,Female,62,Master,Employed,Married,1,41200.0,779.0,2,LN-2023-11618,Personal,30900.0,48,13.68,839.44,0.406,32.0,0,Excellent,Mortgage,North,Fully Paid,No,Very Good (740-799),Lower-Middle ($40k-$65k),0
CUST-2619,Female,52,Master,Employed,Married,3,96700.0,684.0,4,LN-2023-11619,Home,56000.0,24,11.26,2616.8,0.421,15.0,0,Good,Rent,West,Current,No,Good (670-739),High (>$95k),0
CUST-2620,Female,37,Bachelor,Employed,Married,0,42800.0,695.0,2,LN-2023-11620,Home,107900.0,48,11.43,2811.32,0.75,6.0,0,Good,Mortgage,South,Current,No,Good (670-739),Lower-Middle ($40k-$65k),0
CUST-2621,Male,34,Bachelor,Employed,Married,0,81000.0,611.0,4,LN-2023-11621,Auto,41100.0,36,16.1,1446.98,0.37,9.0,1,Fair,Rent,Central,Defaulted,Yes,Fair (580-669),Upper-Middle ($65k-$95k),1
CUST-2622,Male,60,High School,Employed,Single,1,73000.0,639.0,1,LN-2023-11622,Education,22600.0,36,14.8,781.22,0.173,3.0,0,Fair,Mortgage,North,Fully Paid,No,Fair (580-669),Upper-Middle ($65k-$95k),0
CUST-2623,Female,56,PhD,Unemployed,Married,2,51400.0,682.0,3,LN-2023-11623,Auto,10200.0,60,12.25,228.18,0.24,0.0,0,Good,Mortgage,South,Current,No,Good (670-739),Lower-Middle ($40k-$65k),0
CUST-2624,Female,44,Master,Employed,Single,1,72400.0,682.0,0,LN-2023-11624,Auto,29900.0,36,14.12,1023.65,0.17,15.0,0,Good,Rent,North,Fully Paid,No,Good (670-739),Upper-Middle ($65k-$95k),0
CUST-2625,Male,65,Master,Self-Employed,Married,3,74300.0,755.0,1,LN-2023-11625,Personal,7500.0,24,13.24,357.41,0.08,9.0,0,Excellent,Rent,South,Fully Paid,No,Very Good (740-799),Upper-Middle ($65k-$95k),0
CUST-2626,Female,47,Bachelor,Employed,Married,2,47400.0,751.0,1,LN-2023-11626,Business,59400.0,24,13.73,2844.39,0.75,6.0,0,Excellent,Own,East,Fully Paid,No,Very Good (740-799),Lower-Middle ($40k-$65k),0
CUST-2627,Male,45,Bachelor,Self-Employed,Single,1,52200.0,714.0,2,LN-2023-11627,Home,107800.0,36,11.43,3551.23,0.75,12.0,0,Good,Mortgage,Central,Defaulted,Yes,Good (670-739),Lower-Middle ($40k-$65k),1
CUST-2628,Female,52,Master,Employed,Single,0,77200.0,585.0,1,LN-2023-11628,Personal,18400.0,60,17.7,464.24,0.092,24.0,0,Fair,Mortgage,North,Fully Paid,No,Fair (580-669),Upper-Middle ($65k-$95k),0
CUST-2629,Male,38,Bachelor,Employed,Married,1,57200.0,588.0,3,LN-2023-11629,Auto,34000.0,24,14.96,1647.9,0.517,9.0,1,Fair,Rent,North,Current,No,Fair (580-669),Lower-Middle ($40k-$65k),0
CUST-2630,Male,66,Bachelor,Self-Employed,Divorced,2,49900.0,594.0,3,LN-2023-11630,Auto,13900.0,36,15.43,484.78,0.247,25.0,0,Fair,Mortgage,Central,Current,No,Fair (580-669),Lower-Middle ($40k-$65k),0
CUST-2631,Female,38,High School,Employed,Married,2,29300.0,690.0,2,LN-2023-11631,Personal,5800.0,48,15.63,163.28,0.153,11.0,0,Good,Rent,West,Fully Paid,No,Good (670-739),Low (<$40k),0
CUST-2632,Male,57,Master,Employed,Married,3,74100.0,497.0,0,LN-2023-11632,Business,79600.0,24,19.18,4019.49,0.651,8.0,0,Poor,Rent,South,Current,No,Poor (<580),Upper-Middle ($65k-$95k),0
CUST-2633,Female,46,High School,Employed,Single,1,40400.0,669.0,0,LN-2023-11633,Auto,11900.0,48,14.2,326.38,0.097,18.0,0,Fair,Mortgage,South,Fully Paid,No,Fair (580-669),Lower-Middle ($40k-$65k),0
CUST-2634,Female,29,High School,Employed,Single,1,29400.0,789.0,1,LN-2023-11634,Home,69200.0,24,9.8,3186.84,0.75,3.0,0,Excellent,Rent,West,Fully Paid,No,Very Good (740-799),Low (<$40k),0
CUST-2635,Female,55,Bachelor,Employed,Married,0,91400.0,726.0,2,LN-2023-11635,Home,124700.0,24,11.3,5829.38,0.75,5.0,0,Good,Mortgage,West,Current,No,Good (670-739),Upper-Middle ($65k-$95k),0
CUST-2636,Male,28,Master,Self-Employed,Married,0,198700.0,640.0,0,LN-2023-11636,Personal,16300.0,60,17.11,406.06,0.08,2.0,0,Fair,Rent,East,Current,No,Fair (580-669),High (>$95k),0
CUST-2637,Male,40,Bachelor,Employed,Single,0,97000.0,610.0,2,LN-2023-11637,Business,67200.0,36,16.69,2385.51,0.349,4.0,0,Fair,Rent,Central,Fully Paid,No,Fair (580-669),High (>$95k),0
CUST-2638,Male,62,High School,Employed,Married,0,35500.0,738.0,1,LN-2023-11638,Auto,18400.0,48,11.19,477.26,0.197,8.0,0,Good,Own,South,Current,No,Good (670-739),Low (<$40k),0
CUST-2639,Female,42,High School,Employed,Married,0,48000.0,696.0,2,LN-2023-11639,Auto,20300.0,48,11.37,528.32,0.191,5.0,0,Good,Rent,North,Fully Paid,No,Good (670-739),Lower-Middle ($40k-$65k),0
CUST-2640,Female,39,Master,Employed,Married,0,155700.0,649.0,1,LN-2023-11640,Auto,29300.0,36,14.75,1012.11,0.093,3.0,0,Fair,Rent,South,Fully Paid,No,Fair (580-669),High (>$95k),0
CUST-2641,Female,50,PhD,Employed,Divorced,1,54700.0,619.0,2,LN-2023-11641,Education,27700.0,36,15.32,964.58,0.311,17.0,0,Fair,Mortgage,North,Fully Paid,No,Fair (580-669),Lower-Middle ($40k-$65k),0
CUST-2642,Female,48,Master,Self-Employed,Married,1,127300.0,676.0,0,LN-2023-11642,Auto,46500.0,48,13.13,1250.48,0.118,14.0,1,Good,Own,East,Current,No,Good (670-739),High (>$95k),0
CUST-2643,Male,55,Bachelor,Self-Employed,Single,1,37700.0,644.0,0,LN-2023-11643,Personal,19700.0,36,15.28,685.61,0.218,19.0,0,Fair,Mortgage,South,Fully Paid,No,Fair (580-669),Low (<$40k),0
CUST-2644,Female,63,Master,Employed,Single,1,166100.0,736.0,3,LN-2023-11644,Auto,13600.0,36,11.28,447.05,0.08,12.0,0,Good,Own,North,Current,No,Good (670-739),High (>$95k),0
CUST-2645,Male,31,Bachelor,Self-Employed,Married,0,59600.0,775.0,1,LN-2023-11645,Auto,23900.0,48,10.01,606.28,0.176,7.0,0,Excellent,Mortgage,Central,Current,No,Very Good (740-799),Lower-Middle ($40k-$65k),0
CUST-2646,Female,51,Bachelor,Employed,Single,3,171400.0,553.0,5,LN-2023-11646,Business,37100.0,60,19.44,971.4,0.131,3.0,0,Poor,Rent,North,Current,No,Poor (<580),High (>$95k),0
CUST-2647,Male,59,Bachelor,Self-Employed,Divorced,0,157300.0,565.0,0,LN-2023-11647,Auto,19700.0,24,16.31,967.49,0.08,19.0,1,Poor,Mortgage,West,Defaulted,Yes,Poor (<580),High (>$95k),1
CUST-2648,Female,56,Bachelor,Employed,Married,3,59900.0,784.0,1,LN-2023-11648,Home,88000.0,12,8.14,7660.68,0.75,8.0,0,Excellent,Rent,West,Current,No,Very Good (740-799),Lower-Middle ($40k-$65k),0
CUST-2649,Female,50,Master,Employed,Married,0,56300.0,684.0,1,LN-2023-11649,Personal,12200.0,24,16.9,602.61,0.172,13.0,0,Good,Rent,North,Fully Paid,No,Good (670-739),Lower-Middle ($40k-$65k),0
CUST-2650,Female,43,Bachelor,Employed,Divorced,1,68600.0,573.0,5,LN-2023-11650,Home,69600.0,36,13.19,2351.47,0.546,6.0,1,Poor,Rent,South,Defaulted,Yes,Poor (<580),Upper-Middle ($65k-$95k),1
CUST-2651,Male,39,Bachelor,Employed,Single,0,58000.0,753.0,5,LN-2023-11651,Auto,46800.0,60,11.98,1040.57,0.419,12.0,0,Excellent,Rent,East,Fully Paid,No,Very Good (740-799),Lower-Middle ($40k-$65k),0
CUST-2652,Male,32,Bachelor,Employed,Married,0,52500.0,699.0,0,LN-2023-11652,Personal,19900.0,60,15.67,480.45,0.11,9.0,0,Good,Rent,West,Current,No,Good (670-739),Lower-Middle ($40k-$65k),0
CUST-2653,Male,35,High School,Employed,Single,1,23300.0,850.0,0,LN-2023-11653,Auto,19900.0,24,9.53,913.97,0.471,9.0,0,Excellent,Rent,East,Fully Paid,No,Excellent (800+),Low (<$40k),0
CUST-2654,Male,51,Bachelor,Employed,Single,2,49900.0,649.0,2,LN-2023-11654,Education,15400.0,60,14.31,360.81,0.155,5.0,0,Fair,Rent,North,Fully Paid,No,Fair (580-669),Lower-Middle ($40k-$65k),0
CUST-2655,Male,63,High School,Employed,Single,0,29800.0,764.0,3,LN-2023-11655,Personal,26500.0,48,14.02,724.42,0.534,10.0,0,Excellent,Rent,South,Defaulted,Yes,Very Good (740-799),Low (<$40k),1
CUST-2656,Female,57,High School,Employed,Divorced,1,62900.0,546.0,2,LN-2023-11656,Auto,43700.0,48,16.09,1240.49,0.338,28.0,0,Poor,Rent,South,Fully Paid,No,Poor (<580),Lower-Middle ($40k-$65k),0
CUST-2657,Female,57,Bachelor,Employed,Married,0,98200.0,788.0,3,LN-2023-11657,Personal,22700.0,48,13.64,616.22,0.115,14.0,0,Excellent,Own,North,Fully Paid,No,Very Good (740-799),High (>$95k),0
CUST-2658,Male,35,Bachelor,Employed,Married,0,87700.0,750.0,0,LN-2023-11658,Personal,15500.0,48,14.5,427.46,0.08,12.0,0,Excellent,Mortgage,South,Current,No,Very Good (740-799),Upper-Middle ($65k-$95k),0
CUST-2659,Male,49,Master,Employed,Single,3,90800.0,806.0,2,LN-2023-11659,Personal,25200.0,60,12.7,569.51,0.118,9.0,0,Excellent,Rent,Central,Fully Paid,No,Excellent (800+),Upper-Middle ($65k-$95k),0
CUST-2660,Male,63,Bachelor,Employed,Married,2,42800.0,764.0,2,LN-2023-11660,Auto,45600.0,48,12.26,1206.65,0.463,34.0,0,Excellent,Mortgage,East,Fully Paid,No,Very Good (740-799),Lower-Middle ($40k-$65k),0
CUST-2661,Female,46,Master,Unemployed,Single,1,29900.0,661.0,0,LN-2023-11661,Business,31600.0,24,15.47,1539.24,0.618,0.0,0,Fair,Mortgage,South,Defaulted,Yes,Fair (580-669),Low (<$40k),1
CUST-2662,Male,64,Master,Unemployed,Married,0,38900.0,570.0,2,LN-2023-11662,Education,35300.0,48,16.53,1010.02,0.395,0.0,2,Poor,Rent,West,Defaulted,Yes,Poor (<580),Low (<$40k),1
CUST-2663,Female,22,Master,Employed,Married,0,59800.0,618.0,4,LN-2023-11663,Personal,27600.0,48,16.97,795.97,0.276,1.0,0,Fair,Mortgage,Central,Fully Paid,No,Fair (580-669),Lower-Middle ($40k-$65k),0
CUST-2664,Male,40,Bachelor,Employed,Married,3,66300.0,520.0,3,LN-2023-11664,Personal,13600.0,24,18.75,683.91,0.259,11.0,0,Poor,Own,Central,Fully Paid,No,Poor (<580),Upper-Middle ($65k-$95k),0
CUST-2665,Female,35,Bachelor,Employed,Single,0,58900.0,591.0,0,LN-2023-11665,Auto,21100.0,24,15.1,1024.07,0.209,0.0,0,Fair,Mortgage,North,Current,No,Fair (580-669),Lower-Middle ($40k-$65k),0
CUST-2666,Female,24,PhD,Unemployed,Single,2,68600.0,706.0,1,LN-2023-11666,Personal,19400.0,48,14.81,538.05,0.12,0.0,0,Good,Own,South,Fully Paid,No,Good (670-739),Upper-Middle ($65k-$95k),0
CUST-2667,Male,42,Bachelor,Employed,Married,0,92200.0,665.0,1,LN-2023-11667,Education,15300.0,36,14.63,527.61,0.099,7.0,0,Fair,Rent,South,Fully Paid,No,Fair (580-669),Upper-Middle ($65k-$95k),0
CUST-2668,Female,58,High School,Employed,Married,4,64600.0,650.0,0,LN-2023-11668,Personal,7200.0,36,16.43,254.66,0.08,29.0,0,Fair,Own,East,Current,No,Fair (580-669),Lower-Middle ($40k-$65k),0
CUST-2669,Male,43,Bachelor,Employed,Married,0,29000.0,602.0,4,LN-2023-11669,Personal,30600.0,36,18.51,1114.11,0.75,17.0,0,Fair,Mortgage,North,Defaulted,Yes,Fair (580-669),Low (<$40k),1
CUST-2670,Female,46,High School,Employed,Single,0,53100.0,519.0,0,LN-2023-11670,Home,86800.0,24,14.22,4176.55,0.75,4.0,2,Poor,Mortgage,Central,Defaulted,Yes,Poor (<580),Lower-Middle ($40k-$65k),1
CUST-2671,Male,31,PhD,Employed,Married,1,86600.0,685.0,2,LN-2023-11671,Education,22100.0,60,12.19,493.73,0.118,4.0,0,Good,Mortgage,West,Current,No,Good (670-739),Upper-Middle ($65k-$95k),0
CUST-2672,Female,48,Bachelor,Employed,Single,3,58400.0,702.0,1,LN-2023-11672,Personal,6700.0,48,15.63,188.61,0.08,19.0,0,Good,Rent,North,Current,No,Good (670-739),Lower-Middle ($40k-$65k),0
CUST-2673,Female,22,Bachelor,Employed,Married,4,31100.0,585.0,1,LN-2023-11673,Personal,17600.0,24,19.14,888.39,0.429,1.0,0,Fair,Mortgage,South,Fully Paid,No,Fair (580-669),Low (<$40k),0
CUST-2674,Female,28,Bachelor,Employed,Married,2,38500.0,624.0,0,LN-2023-11674,Auto,38200.0,12,14.91,3446.25,0.75,5.0,0,Fair,Rent,North,Fully Paid,No,Fair (580-669),Low (<$40k),0
CUST-2675,Female,49,Bachelor,Employed,Single,2,61000.0,801.0,0,LN-2023-11675,Home,66100.0,36,8.02,2071.94,0.408,20.0,0,Excellent,Rent,East,Current,No,Excellent (800+),Lower-Middle ($40k-$65k),0
CUST-2676,Male,31,High School,Employed,Married,1,81100.0,768.0,1,LN-2023-11676,Business,45800.0,36,12.99,1542.96,0.252,8.0,0,Excellent,Rent,Central,Current,No,Very Good (740-799),Upper-Middle ($65k-$95k),0
CUST-2677,Male,57,Bachelor,Employed,Single,2,48200.0,543.0,2,LN-2023-11677,Personal,8200.0,12,20.27,760.66,0.302,4.0,0,Poor,Mortgage,East,Fully Paid,No,Poor (<580),Lower-Middle ($40k-$65k),0
CUST-2678,Male,38,Bachelor,Self-Employed,Married,2,60400.0,662.0,2,LN-2023-11678,Personal,13300.0,60,15.97,323.22,0.14,2.0,0,Fair,Own,East,Fully Paid,No,Fair (580-669),Lower-Middle ($40k-$65k),0
CUST-2679,Male,34,Bachelor,Employed,Married,1,140100.0,793.0,0,LN-2023-11679,Auto,42700.0,48,10.14,1085.86,0.093,1.0,0,Excellent,Rent,North,Fully Paid,No,Very Good (740-799),High (>$95k),0
CUST-2680,Female,30,Master,Employed,Married,1,68100.0,651.0,0,LN-2023-11680,Personal,9900.0,48,17.31,287.26,0.08,7.0,1,Fair,Rent,Central,Fully Paid,No,Fair (580-669),Upper-Middle ($65k-$95k),0
CUST-2681,Male,55,High School,Employed,Married,1,46300.0,647.0,2,LN-2023-11681,Home,47500.0,48,11.96,1249.92,0.398,14.0,0,Fair,Own,South,Defaulted,Yes,Fair (580-669),Lower-Middle ($40k-$65k),1
CUST-2682,Female,29,High School,Employed,Single,1,46600.0,762.0,2,LN-2023-11682,Personal,18600.0,48,12.62,495.49,0.188,0.0,0,Excellent,Rent,Central,Fully Paid,No,Very Good (740-799),Lower-Middle ($40k-$65k),0
CUST-2683,Female,55,High School,Employed,Single,3,26800.0,753.0,0,LN-2023-11683,Education,25700.0,36,13.69,874.5,0.392,9.0,0,Excellent,Rent,South,Fully Paid,No,Very Good (740-799),Low (<$40k),0
CUST-2684,Female,31,Bachelor,Employed,Single,0,81300.0,749.0,0,LN-2023-11684,Home,73000.0,60,10.23,1559.31,0.23,3.0,0,Excellent,Mortgage,East,Current,No,Very Good (740-799),Upper-Middle ($65k-$95k),0
CUST-2685,Male,64,Master,Employed,Married,0,58000.0,647.0,0,LN-2023-11685,Education,27800.0,48,13.51,752.86,0.156,30.0,0,Fair,Rent,East,Current,No,Fair (580-669),Lower-Middle ($40k-$65k),0
CUST-2686,Female,32,Master,Employed,Single,1,76800.0,726.0,0,LN-2023-11686,Business,22700.0,36,15.61,793.7,0.124,7.0,0,Good,Mortgage,South,Fully Paid,No,Good (670-739),Upper-Middle ($65k-$95k),0
CUST-2687,Female,23,Bachelor,Employed,Single,0,76800.0,797.0,0,LN-2023-11687,Business,43800.0,48,12.33,1160.53,0.181,1.0,0,Excellent,Rent,West,Fully Paid,No,Very Good (740-799),Upper-Middle ($65k-$95k),0
CUST-2688,Male,59,Bachelor,Employed,Married,1,150700.0,665.0,1,LN-2023-11688,Home,57300.0,24,10.89,2667.7,0.225,1.0,0,Fair,Mortgage,Central,Current,No,Fair (580-669),High (>$95k),0
CUST-2689,Female,34,Bachelor,Employed,Single,3,34700.0,635.0,3,LN-2023-11689,Business,36100.0,60,16.01,878.07,0.486,10.0,0,Fair,Rent,South,Current,No,Fair (580-669),Low (<$40k),0
CUST-2690,Female,48,High School,Employed,Divorced,1,72500.0,774.0,0,LN-2023-11690,Auto,24500.0,12,12.63,2184.02,0.361,5.0,0,Excellent,Mortgage,North,Current,No,Very Good (740-799),Upper-Middle ($65k-$95k),0
CUST-2691,Male,31,High School,Employed,Married,2,72600.0,843.0,2,LN-2023-11691,Personal,17300.0,36,13.69,588.67,0.176,6.0,0,Excellent,Mortgage,East,Fully Paid,No,Excellent (800+),Upper-Middle ($65k-$95k),0
CUST-2692,Male,59,PhD,Employed,Divorced,0,69600.0,849.0,1,LN-2023-11692,Education,9200.0,12,9.74,807.71,0.186,2.0,0,Excellent,Own,East,Current,No,Excellent (800+),Upper-Middle ($65k-$95k),0
CUST-2693,Male,45,Bachelor,Employed,Married,3,82300.0,638.0,3,LN-2023-11693,Home,53600.0,48,13.46,1450.22,0.276,2.0,1,Fair,Rent,North,Defaulted,Yes,Fair (580-669),Upper-Middle ($65k-$95k),1
CUST-2694,Male,41,PhD,Employed,Married,1,194400.0,646.0,2,LN-2023-11694,Personal,22500.0,60,14.99,535.16,0.08,0.0,0,Fair,Mortgage,West,Fully Paid,No,Fair (580-669),High (>$95k),0
CUST-2695,Male,30,Bachelor,Employed,Married,0,44600.0,582.0,3,LN-2023-11695,Education,19700.0,36,16.64,698.83,0.302,5.0,1,Fair,Mortgage,South,Current,No,Fair (580-669),Lower-Middle ($40k-$65k),0
CUST-2696,Male,63,Bachelor,Self-Employed,Single,1,80600.0,680.0,2,LN-2023-11696,Auto,16700.0,48,14.29,458.79,0.139,23.0,0,Good,Own,Central,Current,No,Good (670-739),Upper-Middle ($65k-$95k),0
CUST-2697,Male,35,High School,Self-Employed,Married,3,67700.0,578.0,2,LN-2023-11697,Education,14000.0,36,17.14,500.11,0.168,1.0,0,Poor,Mortgage,West,Fully Paid,No,Poor (<580),Upper-Middle ($65k-$95k),0
CUST-2698,Male,39,Bachelor,Employed,Divorced,0,80000.0,625.0,1,LN-2023-11698,Education,30500.0,24,15.1,1480.29,0.238,5.0,0,Fair,Own,North,Current,No,Fair (580-669),Upper-Middle ($65k-$95k),0
CUST-2699,Female,42,Bachelor,Employed,Single,1,88900.0,729.0,0,LN-2023-11699,Home,49400.0,24,10.66,2294.64,0.31,15.0,0,Good,Rent,Central,Fully Paid,No,Good (670-739),Upper-Middle ($65k-$95k),0
CUST-2700,Female,41,Bachelor,Employed,Single,3,67800.0,703.0,3,LN-2023-11700,Personal,17800.0,24,14.83,861.63,0.292,2.0,0,Good,Rent,North,Fully Paid,No,Good (670-739),Upper-Middle ($65k-$95k),0
CUST-2701,Female,64,High School,Employed,Married,0,61900.0,516.0,2,LN-2023-11701,Auto,23700.0,36,16.97,844.62,0.267,8.0,0,Poor,Rent,West,Defaulted,Yes,Poor (<580),Lower-Middle ($40k-$65k),1
CUST-2702,Male,52,Bachelor,Self-Employed,Divorced,1,48000.0,803.0,0,LN-2023-11702,Auto,40800.0,48,10.52,1045.01,0.261,11.0,2,Fair,Rent,East,Fully Paid,No,Excellent (800+),Lower-Middle ($40k-$65k),0
CUST-2703,Male,43,High School,Self-Employed,Single,1,60800.0,577.0,3,LN-2023-11703,Personal,25900.0,24,17.95,1292.41,0.398,16.0,0,Poor,Rent,East,Fully Paid,No,Poor (<580),Lower-Middle ($40k-$65k),0
CUST-2704,Male,33,Bachelor,Self-Employed,Married,0,58300.0,588.0,1,LN-2023-11704,Personal,23000.0,12,18.66,2115.87,0.459,3.0,0,Fair,Mortgage,Central,Fully Paid,No,Fair (580-669),Lower-Middle ($40k-$65k),0
CUST-2705,Male,25,Bachelor,Employed,Single,1,36100.0,564.0,1,LN-2023-11705,Personal,14200.0,24,18.54,712.63,0.28,4.0,0,Poor,Mortgage,East,Fully Paid,No,Poor (<580),Low (<$40k),0
CUST-2706,Male,24,High School,Employed,Single,0,39000.0,613.0,2,LN-2023-11706,Auto,34000.0,24,16.0,1664.75,0.603,1.0,0,Fair,Rent,Central,Fully Paid,No,Fair (580-669),Low (<$40k),0
CUST-2707,Female,48,High School,Self-Employed,Single,2,63700.0,593.0,1,LN-2023-11707,Personal,21600.0,24,17.93,1077.63,0.24,9.0,0,Fair,Rent,West,Fully Paid,No,Fair (580-669),Lower-Middle ($40k-$65k),0
CUST-2708,Male,34,High School,Employed,Married,0,59700.0,595.0,1,LN-2023-11708,Personal,12600.0,24,19.24,636.62,0.162,1.0,0,Fair,Own,West,Current,No,Fair (580-669),Lower-Middle ($40k-$65k),0
CUST-2709,Female,28,Bachelor,Self-Employed,Married,0,40900.0,460.0,0,LN-2023-11709,Auto,43400.0,36,19.04,1591.75,0.467,4.0,1,Poor,Rent,East,Defaulted,Yes,Poor (<580),Lower-Middle ($40k-$65k),1
CUST-2710,Female,29,High School,Employed,Married,1,32200.0,681.0,4,LN-2023-11710,Personal,31600.0,48,15.76,891.67,0.601,2.0,0,Good,Rent,North,Fully Paid,No,Good (670-739),Low (<$40k),0
CUST-2711,Male,55,Master,Employed,Married,0,107800.0,689.0,4,LN-2023-11711,Personal,12100.0,12,15.76,1096.47,0.229,18.0,0,Good,Rent,North,Fully Paid,No,Good (670-739),High (>$95k),0
CUST-2712,Male,57,High School,Employed,Single,0,61700.0,850.0,0,LN-2023-11712,Business,76100.0,60,11.31,1666.39,0.324,7.0,0,Excellent,Rent,East,Current,No,Excellent (800+),Lower-Middle ($40k-$65k),0
CUST-2713,Female,41,High School,Employed,Divorced,2,73200.0,711.0,1,LN-2023-11713,Auto,29000.0,36,12.77,973.92,0.198,7.0,0,Good,Rent,South,Fully Paid,No,Good (670-739),Upper-Middle ($65k-$95k),0
CUST-2714,Male,38,Master,Employed,Divorced,3,144000.0,627.0,0,LN-2023-11714,Home,84400.0,36,11.82,2796.04,0.233,13.0,1,Fair,Rent,North,Fully Paid,No,Fair (580-669),High (>$95k),0
CUST-2715,Male,53,Bachelor,Employed,Single,2,80100.0,567.0,3,LN-2023-11715,Education,19100.0,48,17.26,553.7,0.195,20.0,2,Poor,Rent,Central,Fully Paid,No,Poor (<580),Upper-Middle ($65k-$95k),0
CUST-2716,Female,28,High School,Employed,Single,1,40700.0,661.0,3,LN-2023-11716,Personal,11500.0,24,16.02,563.19,0.379,1.0,2,Fair,Rent,Central,Current,No,Fair (580-669),Lower-Middle ($40k-$65k),0
CUST-2717,Male,37,Master,Employed,Married,3,82000.0,708.0,1,LN-2023-11717,Auto,44900.0,60,12.97,1020.92,0.166,8.0,0,Good,Mortgage,South,Current,No,Good (670-739),Upper-Middle ($65k-$95k),0
CUST-2718,Female,63,Bachelor,Employed,Single,3,132700.0,627.0,3,LN-2023-11718,Home,108000.0,12,10.91,9540.69,0.75,23.0,1,Fair,Rent,Central,Defaulted,Yes,Fair (580-669),High (>$95k),1
CUST-2719,Female,51,Master,Employed,Married,0,220000.0,675.0,2,LN-2023-11719,Auto,26700.0,36,13.26,902.98,0.08,2.0,0,Good,Rent,North,Fully Paid,No,Good (670-739),High (>$95k),0
CUST-2720,Male,54,Bachelor,Self-Employed,Married,0,89000.0,831.0,1,LN-2023-11720,Home,108900.0,24,7.76,4913.34,0.694,13.0,0,Excellent,Mortgage,North,Current,No,Excellent (800+),Upper-Middle ($65k-$95k),0
CUST-2721,Male,26,Bachelor,Employed,Single,0,80000.0,637.0,1,LN-2023-11721,Personal,23800.0,36,17.43,853.64,0.145,1.0,0,Fair,Rent,Central,Fully Paid,No,Fair (580-669),Upper-Middle ($65k-$95k),0
CUST-2722,Male,42,PhD,Employed,Married,1,128600.0,509.0,0,LN-2023-11722,Auto,20200.0,36,17.47,724.92,0.08,9.0,0,Poor,Mortgage,West,Current,No,Poor (<580),High (>$95k),0
CUST-2723,Male,34,High School,Unemployed,Married,3,18000.0,744.0,0,LN-2023-11723,Auto,16700.0,60,12.64,376.91,0.251,0.0,0,Excellent,Mortgage,West,Fully Paid,No,Very Good (740-799),Low (<$40k),0
CUST-2724,Male,23,Bachelor,Self-Employed,Single,1,122100.0,696.0,1,LN-2023-11724,Home,116100.0,36,11.3,3817.48,0.388,2.0,0,Good,Own,West,Fully Paid,No,Good (670-739),High (>$95k),0
CUST-2725,Female,32,Bachelor,Employed,Married,1,99000.0,524.0,0,LN-2023-11725,Auto,40800.0,48,17.63,1190.63,0.144,2.0,0,Poor,Rent,North,Current,No,Poor (<580),High (>$95k),0
CUST-2726,Male,56,High School,Self-Employed,Married,0,66200.0,706.0,0,LN-2023-11726,Home,129700.0,60,11.06,2823.87,0.512,4.0,0,Good,Mortgage,West,Fully Paid,No,Good (670-739),Upper-Middle ($65k-$95k),0
CUST-2727,Male,32,High School,Employed,Married,0,42600.0,585.0,0,LN-2023-11727,Education,6700.0,36,14.97,232.16,0.08,3.0,0,Fair,Mortgage,South,Fully Paid,No,Fair (580-669),Lower-Middle ($40k-$65k),0
CUST-2728,Female,65,High School,Employed,Married,1,24800.0,707.0,2,LN-2023-11728,Auto,30500.0,36,12.68,1022.97,0.685,36.0,0,Good,Mortgage,West,Defaulted,Yes,Good (670-739),Low (<$40k),1
CUST-2729,Female,22,Bachelor,Employed,Married,3,87400.0,832.0,5,LN-2023-11729,Personal,23300.0,60,12.47,523.85,0.141,1.0,0,Excellent,Rent,South,Fully Paid,No,Excellent (800+),Upper-Middle ($65k-$95k),0
CUST-2730,Female,22,Bachelor,Employed,Single,0,69200.0,654.0,3,LN-2023-11730,Education,25800.0,48,12.13,681.06,0.244,0.0,0,Fair,Rent,West,Current,No,Fair (580-669),Upper-Middle ($65k-$95k),0
CUST-2731,Male,35,Bachelor,Self-Employed,Married,2,51900.0,762.0,2,LN-2023-11731,Education,30200.0,60,11.32,661.45,0.215,5.0,0,Excellent,Mortgage,Central,Fully Paid,No,Very Good (740-799),Lower-Middle ($40k-$65k),0
CUST-2732,Female,43,High School,Self-Employed,Single,0,34000.0,565.0,2,LN-2023-11732,Business,29600.0,36,19.6,1094.02,0.506,5.0,0,Poor,Rent,South,Current,No,Poor (<580),Low (<$40k),0
CUST-2733,Male,49,Bachelor,Unemployed,Married,1,29600.0,540.0,1,LN-2023-11733,Auto,10100.0,48,16.23,287.43,0.196,0.0,0,Poor,Mortgage,East,Current,No,Poor (<580),Low (<$40k),0
CUST-2734,Male,37,Master,Self-Employed,Married,1,43500.0,841.0,1,LN-2023-11734,Auto,13500.0,24,9.72,621.21,0.206,9.0,0,Excellent,Rent,East,Fully Paid,No,Excellent (800+),Lower-Middle ($40k-$65k),0
CUST-2735,Male,52,Bachelor,Employed,Single,2,71900.0,696.0,1,LN-2023-11735,Education,18900.0,60,11.96,420.04,0.115,12.0,0,Good,Mortgage,West,Fully Paid,No,Good (670-739),Upper-Middle ($65k-$95k),0
CUST-2736,Female,27,Bachelor,Employed,Single,0,91900.0,724.0,0,LN-2023-11736,Personal,12500.0,60,13.93,290.4,0.08,5.0,0,Good,Rent,Central,Fully Paid,No,Good (670-739),Upper-Middle ($65k-$95k),0
CUST-2737,Male,50,Master,Unemployed,Single,0,34900.0,767.0,2,LN-2023-11737,Business,81200.0,24,14.07,3901.33,0.75,0.0,0,Excellent,Rent,North,Fully Paid,No,Very Good (740-799),Low (<$40k),0
CUST-2738,Male,48,Master,Self-Employed,Divorced,0,75100.0,625.0,0,LN-2023-11738,Personal,5400.0,12,16.72,491.79,0.08,5.0,1,Fair,Mortgage,Central,Defaulted,Yes,Fair (580-669),Upper-Middle ($65k-$95k),1
CUST-2739,Male,34,Bachelor,Self-Employed,Married,3,41200.0,740.0,2,LN-2023-11739,Personal,15800.0,24,13.74,756.66,0.372,7.0,0,Excellent,Rent,West,Current,No,Very Good (740-799),Lower-Middle ($40k-$65k),0
CUST-2740,Male,64,Master,Unemployed,Married,0,35500.0,727.0,0,LN-2023-11740,Personal,30800.0,36,15.71,1078.43,0.365,0.0,0,Good,Own,North,Fully Paid,No,Good (670-739),Low (<$40k),0
CUST-2741,Female,50,Bachelor,Employed,Divorced,0,107900.0,559.0,0,LN-2023-11741,Auto,29100.0,24,15.51,1418.02,0.158,18.0,0,Poor,Rent,South,Current,No,Poor (<580),High (>$95k),0
CUST-2742,Female,37,Master,Self-Employed,Married,1,69200.0,798.0,4,LN-2023-11742,Personal,6800.0,36,12.33,226.93,0.154,12.0,0,Excellent,Mortgage,South,Fully Paid,No,Very Good (740-799),Upper-Middle ($65k-$95k),0
CUST-2743,Female,52,High School,Self-Employed,Married,1,57900.0,781.0,0,LN-2023-11743,Personal,11400.0,36,13.65,387.69,0.08,11.0,0,Excellent,Rent,North,Current,No,Very Good (740-799),Lower-Middle ($40k-$65k),0
CUST-2744,Male,66,Bachelor,Unemployed,Married,2,44800.0,560.0,1,LN-2023-11744,Auto,33800.0,60,15.41,811.39,0.247,0.0,0,Poor,Rent,East,Fully Paid,No,Poor (<580),Lower-Middle ($40k-$65k),0
CUST-2745,Male,26,High School,Employed,Single,3,57200.0,687.0,0,LN-2023-11745,Home,46000.0,36,10.61,1497.5,0.314,3.0,0,Good,Mortgage,North,Fully Paid,No,Good (670-739),Lower-Middle ($40k-$65k),0
CUST-2746,Male,44,Master,Employed,Married,1,65100.0,650.0,0,LN-2023-11746,Education,38900.0,36,14.46,1338.22,0.247,6.0,0,Fair,Mortgage,East,Current,No,Fair (580-669),Upper-Middle ($65k-$95k),0
CUST-2747,Male,26,Bachelor,Employed,Married,3,100400.0,790.0,2,LN-2023-11747,Personal,19400.0,36,12.97,653.38,0.122,2.0,0,Excellent,Own,West,Current,No,Very Good (740-799),High (>$95k),0
CUST-2748,Male,47,High School,Employed,Married,2,35200.0,550.0,2,LN-2023-11748,Personal,23400.0,12,17.53,2140.08,0.75,20.0,1,Poor,Own,South,Defaulted,Yes,Poor (<580),Low (<$40k),1
CUST-2749,Female,38,High School,Employed,Single,0,27400.0,850.0,0,LN-2023-11749,Personal,17500.0,36,12.49,585.35,0.256,14.0,0,Excellent,Rent,East,Current,No,Excellent (800+),Low (<$40k),0
CUST-2750,Male,44,Master,Employed,Married,3,112200.0,655.0,3,LN-2023-11750,Home,126400.0,48,12.5,3359.71,0.422,14.0,0,Fair,Rent,North,Current,No,Fair (580-669),High (>$95k),0
CUST-2751,Female,57,Master,Employed,Married,1,64800.0,732.0,2,LN-2023-11751,Home,95100.0,60,10.02,2021.53,0.416,12.0,0,Good,Own,West,Current,No,Good (670-739),Lower-Middle ($40k-$65k),0
CUST-2752,Male,44,Bachelor,Employed,Single,0,54500.0,787.0,1,LN-2023-11752,Home,101300.0,12,9.42,8878.58,0.75,16.0,0,Excellent,Rent,Central,Fully Paid,No,Very Good (740-799),Lower-Middle ($40k-$65k),0
CUST-2753,Male,58,Bachelor,Employed,Divorced,2,47400.0,653.0,0,LN-2023-11753,Home,118200.0,48,11.68,3094.12,0.75,1.0,1,Fair,Own,West,Defaulted,Yes,Fair (580-669),Lower-Middle ($40k-$65k),1
CUST-2754,Male,54,Bachelor,Employed,Single,0,50800.0,660.0,2,LN-2023-11754,Education,35300.0,24,12.94,1677.23,0.518,3.0,0,Fair,Rent,North,Fully Paid,No,Fair (580-669),Lower-Middle ($40k-$65k),0
CUST-2755,Female,60,Bachelor,Employed,Single,0,118200.0,627.0,2,LN-2023-11755,Personal,3800.0,48,17.63,110.89,0.08,22.0,1,Fair,Own,South,Fully Paid,No,Fair (580-669),High (>$95k),0
CUST-2756,Female,67,Master,Employed,Married,2,164500.0,594.0,0,LN-2023-11756,Home,69100.0,36,13.16,2333.58,0.17,11.0,1,Fair,Rent,North,Defaulted,Yes,Fair (580-669),High (>$95k),1
CUST-2757,Female,35,High School,Employed,Married,2,110100.0,693.0,1,LN-2023-11757,Personal,10100.0,12,15.66,914.76,0.118,12.0,0,Good,Rent,East,Fully Paid,No,Good (670-739),High (>$95k),0
CUST-2758,Male,31,Bachelor,Employed,Married,2,102700.0,658.0,0,LN-2023-11758,Personal,3200.0,36,16.25,112.9,0.08,4.0,0,Fair,Mortgage,West,Current,No,Fair (580-669),High (>$95k),0
CUST-2759,Male,42,Bachelor,Employed,Single,0,77500.0,626.0,1,LN-2023-11759,Personal,28400.0,60,16.9,704.29,0.128,8.0,0,Fair,Mortgage,Central,Current,No,Fair (580-669),Upper-Middle ($65k-$95k),0
CUST-2760,Female,44,Bachelor,Employed,Married,3,33000.0,631.0,1,LN-2023-11760,Home,72000.0,24,12.52,3406.8,0.75,13.0,1,Fair,Rent,East,Defaulted,Yes,Fair (580-669),Low (<$40k),1
CUST-2761,Male,21,Bachelor,Self-Employed,Single,0,66400.0,718.0,4,LN-2023-11761,Home,74500.0,12,10.62,6571.24,0.75,0.0,0,Good,Mortgage,East,Current,No,Good (670-739),Upper-Middle ($65k-$95k),0
CUST-2762,Female,38,Bachelor,Employed,Divorced,0,165900.0,602.0,2,LN-2023-11762,Education,9400.0,60,16.44,230.79,0.08,7.0,0,Fair,Own,North,Defaulted,Yes,Fair (580-669),High (>$95k),1
CUST-2763,Male,64,High School,Employed,Married,0,40400.0,649.0,2,LN-2023-11763,Education,39700.0,48,14.83,1101.46,0.427,8.0,0,Fair,Mortgage,North,Current,No,Fair (580-669),Lower-Middle ($40k-$65k),0
CUST-2764,Male,32,Bachelor,Self-Employed,Married,0,142900.0,746.0,0,LN-2023-11764,Auto,41400.0,48,12.71,1104.71,0.093,8.0,0,Excellent,Own,North,Current,No,Very Good (740-799),High (>$95k),0
CUST-2765,Male,63,High School,Employed,Married,0,50300.0,691.0,0,LN-2023-11765,Personal,19600.0,12,16.65,1784.36,0.426,12.0,0,Good,Rent,North,Fully Paid,No,Good (670-739),Lower-Middle ($40k-$65k),0
CUST-2766,Male,48,High School,Unemployed,Married,1,18000.0,580.0,0,LN-2023-11766,Education,32200.0,60,14.91,764.52,0.51,0.0,0,Fair,Rent,South,Defaulted,Yes,Fair (580-669),Low (<$40k),1
CUST-2767,Female,60,High School,Self-Employed,Married,3,75300.0,667.0,1,LN-2023-11767,Education,32400.0,36,15.02,1123.47,0.214,6.0,0,Fair,Mortgage,Central,Current,No,Fair (580-669),Upper-Middle ($65k-$95k),0
CUST-2768,Male,27,Master,Employed,Divorced,4,137600.0,707.0,1,LN-2023-11768,Education,28300.0,60,13.7,654.1,0.08,3.0,0,Good,Mortgage,East,Current,No,Good (670-739),High (>$95k),0
CUST-2769,Male,43,Bachelor,Employed,Married,2,61500.0,754.0,0,LN-2023-11769,Personal,8000.0,12,14.55,720.37,0.141,2.0,0,Excellent,Rent,South,Current,No,Very Good (740-799),Lower-Middle ($40k-$65k),0
CUST-2770,Male,41,Bachelor,Employed,Married,1,109500.0,605.0,0,LN-2023-11770,Auto,37400.0,60,15.68,903.15,0.099,17.0,0,Fair,Rent,East,Current,No,Fair (580-669),High (>$95k),0
CUST-2771,Male,54,Bachelor,Employed,Married,2,29700.0,622.0,3,LN-2023-11771,Education,25400.0,36,14.93,879.63,0.678,18.0,0,Fair,Own,North,Defaulted,Yes,Fair (580-669),Low (<$40k),1
CUST-2772,Female,31,Bachelor,Employed,Divorced,2,33700.0,610.0,2,LN-2023-11772,Auto,37500.0,36,15.3,1305.47,0.564,9.0,1,Fair,Rent,North,Fully Paid,No,Fair (580-669),Low (<$40k),0
CUST-2773,Female,42,Bachelor,Employed,Single,1,68900.0,615.0,0,LN-2023-11773,Auto,30700.0,12,14.03,2756.9,0.48,6.0,0,Fair,Rent,South,Current,No,Fair (580-669),Upper-Middle ($65k-$95k),0
CUST-2774,Female,62,Bachelor,Self-Employed,Divorced,2,89600.0,704.0,2,LN-2023-11774,Education,38500.0,48,12.32,1019.91,0.202,34.0,0,Good,Rent,South,Current,No,Good (670-739),Upper-Middle ($65k-$95k),0
CUST-2775,Female,55,Bachelor,Employed,Divorced,1,115800.0,720.0,2,LN-2023-11775,Home,98300.0,36,10.83,3210.31,0.36,4.0,0,Good,Mortgage,North,Fully Paid,No,Good (670-739),High (>$95k),0
CUST-2776,Male,49,Bachelor,Employed,Married,0,83800.0,759.0,1,LN-2023-11776,Education,25500.0,48,12.05,672.14,0.115,1.0,0,Excellent,Own,West,Fully Paid,No,Very Good (740-799),Upper-Middle ($65k-$95k),0
CUST-2777,Female,62,Bachelor,Employed,Married,1,36700.0,662.0,0,LN-2023-11777,Education,34700.0,48,14.23,952.24,0.311,1.0,0,Fair,Rent,Central,Fully Paid,No,Fair (580-669),Low (<$40k),0
CUST-2778,Male,48,Master,Employed,Married,1,85700.0,550.0,2,LN-2023-11778,Business,46500.0,36,17.94,1679.69,0.276,11.0,0,Poor,Mortgage,North,Defaulted,Yes,Poor (<580),Upper-Middle ($65k-$95k),1
CUST-2779,Male,38,Master,Employed,Married,2,102000.0,726.0,1,LN-2023-11779,Business,42100.0,24,14.9,2039.29,0.266,1.0,0,Good,Own,West,Fully Paid,No,Good (670-739),High (>$95k),0
CUST-2780,Female,34,High School,Employed,Single,0,21100.0,683.0,3,LN-2023-11780,Home,87800.0,60,10.98,1908.11,0.75,6.0,0,Good,Mortgage,South,Defaulted,Yes,Good (670-739),Low (<$40k),1
CUST-2781,Male,38,High School,Employed,Married,1,48100.0,675.0,0,LN-2023-11781,Personal,19900.0,60,15.92,483.08,0.121,5.0,0,Good,Mortgage,East,Current,No,Good (670-739),Lower-Middle ($40k-$65k),0
CUST-2782,Female,48,Bachelor,Unemployed,Married,3,18900.0,560.0,1,LN-2023-11782,Personal,9400.0,24,18.14,469.92,0.365,0.0,2,Poor,Rent,North,Fully Paid,No,Poor (<580),Low (<$40k),0
CUST-2783,Male,44,Bachelor,Employed,Single,4,46800.0,653.0,0,LN-2023-11783,Business,67800.0,36,15.67,2372.62,0.608,7.0,0,Fair,Mortgage,North,Fully Paid,No,Fair (580-669),Lower-Middle ($40k-$65k),0
CUST-2784,Female,28,High School,Employed,Single,0,61500.0,568.0,2,LN-2023-11784,Home,113200.0,24,13.66,5416.89,0.75,4.0,0,Poor,Own,North,Fully Paid,No,Poor (<580),Lower-Middle ($40k-$65k),0
CUST-2785,Female,62,Master,Employed,Single,0,46400.0,710.0,5,LN-2023-11785,Home,94100.0,60,11.51,2069.98,0.75,6.0,0,Good,Rent,North,Defaulted,Yes,Good (670-739),Lower-Middle ($40k-$65k),1
CUST-2786,Female,65,High School,Employed,Married,1,59200.0,633.0,1,LN-2023-11786,Home,89500.0,12,12.04,7953.64,0.75,29.0,2,Fair,Rent,Central,Defaulted,Yes,Fair (580-669),Lower-Middle ($40k-$65k),1
CUST-2787,Female,28,Master,Employed,Single,0,100100.0,625.0,0,LN-2023-11787,Personal,11500.0,60,16.96,285.56,0.08,4.0,0,Fair,Own,South,Fully Paid,No,Fair (580-669),High (>$95k),0
CUST-2788,Female,24,Bachelor,Self-Employed,Single,0,117700.0,539.0,1,LN-2023-11788,Auto,44600.0,36,16.26,1573.73,0.176,3.0,0,Poor,Rent,North,Fully Paid,No,Poor (<580),High (>$95k),0
CUST-2789,Male,47,Master,Self-Employed,Married,0,54000.0,757.0,3,LN-2023-11789,Education,31700.0,12,11.7,2812.06,0.741,8.0,0,Excellent,Own,North,Current,No,Very Good (740-799),Lower-Middle ($40k-$65k),0
CUST-2790,Male,56,High School,Employed,Single,2,24900.0,648.0,2,LN-2023-11790,Personal,16900.0,60,17.4,423.65,0.41,30.0,0,Fair,Own,West,Current,No,Fair (580-669),Low (<$40k),0
CUST-2791,Male,25,High School,Employed,Divorced,2,55700.0,677.0,0,LN-2023-11791,Auto,35000.0,48,12.45,929.44,0.2,2.0,0,Good,Rent,West,Current,No,Good (670-739),Lower-Middle ($40k-$65k),0
CUST-2792,Female,53,Bachelor,Employed,Married,1,55300.0,607.0,4,LN-2023-11792,Auto,22800.0,48,14.89,633.27,0.364,27.0,0,Fair,Rent,Central,Fully Paid,No,Fair (580-669),Lower-Middle ($40k-$65k),0
CUST-2793,Male,54,High School,Employed,Married,1,181300.0,529.0,2,LN-2023-11793,Home,50100.0,24,14.07,2407.1,0.182,1.0,0,Poor,Rent,East,Current,No,Poor (<580),High (>$95k),0
CUST-2794,Female,50,Bachelor,Employed,Married,1,77300.0,624.0,0,LN-2023-11794,Home,62300.0,36,12.97,2098.23,0.326,18.0,0,Fair,Rent,South,Current,No,Fair (580-669),Upper-Middle ($65k-$95k),0
CUST-2795,Male,28,Bachelor,Employed,Married,0,64500.0,638.0,1,LN-2023-11795,Education,8700.0,60,14.86,206.33,0.08,5.0,0,Fair,Mortgage,North,Current,No,Fair (580-669),Lower-Middle ($40k-$65k),0
CUST-2796,Male,59,High School,Employed,Single,1,45400.0,694.0,1,LN-2023-11796,Home,88200.0,36,11.86,2923.61,0.75,2.0,0,Good,Mortgage,North,Fully Paid,No,Good (670-739),Lower-Middle ($40k-$65k),0
CUST-2797,Female,67,High School,Employed,Married,0,28400.0,639.0,2,LN-2023-11797,Home,97900.0,12,12.76,8733.14,0.75,23.0,0,Fair,Rent,Central,Fully Paid,No,Fair (580-669),Low (<$40k),0
CUST-2798,Male,46,Master,Self-Employed,Single,1,115400.0,608.0,1,LN-2023-11798,Auto,24500.0,36,14.98,849.06,0.115,17.0,0,Fair,Rent,West,Defaulted,Yes,Fair (580-669),High (>$95k),1
CUST-2799,Male,57,High School,Self-Employed,Single,0,54500.0,542.0,3,LN-2023-11799,Business,57100.0,36,19.2,2098.84,0.55,17.0,0,Poor,Mortgage,West,Defaulted,Yes,Poor (<580),Lower-Middle ($40k-$65k),1
CUST-2800,Male,54,High School,Employed,Single,1,47400.0,674.0,2,LN-2023-11800,Home,52300.0,24,12.06,2463.41,0.675,2.0,0,Good,Mortgage,South,Fully Paid,No,Good (670-739),Lower-Middle ($40k-$65k),0
CUST-2801,Female,27,Bachelor,Employed,Married,1,65600.0,602.0,2,LN-2023-11801,Auto,39300.0,12,14.42,3536.4,0.741,4.0,0,Fair,Own,South,Fully Paid,No,Fair (580-669),Upper-Middle ($65k-$95k),0
CUST-2802,Female,60,PhD,Self-Employed,Married,0,117900.0,782.0,0,LN-2023-11802,Home,47800.0,12,9.64,4194.38,0.427,2.0,0,Excellent,Own,West,Fully Paid,No,Very Good (740-799),High (>$95k),0
CUST-2803,Male,48,Bachelor,Employed,Married,0,28700.0,682.0,4,LN-2023-11803,Personal,21400.0,36,16.0,752.36,0.729,19.0,0,Good,Mortgage,West,Fully Paid,No,Good (670-739),Low (<$40k),0
CUST-2804,Male,59,High School,Self-Employed,Married,0,82300.0,717.0,1,LN-2023-11804,Personal,15600.0,36,15.37,543.61,0.108,1.0,0,Good,Rent,East,Defaulted,Yes,Good (670-739),Upper-Middle ($65k-$95k),1
CUST-2805,Male,59,Bachelor,Employed,Married,1,43000.0,648.0,3,LN-2023-11805,Personal,8300.0,36,16.26,292.87,0.226,4.0,0,Fair,Rent,East,Current,No,Fair (580-669),Lower-Middle ($40k-$65k),0
CUST-2806,Female,48,Master,Employed,Single,0,73100.0,687.0,0,LN-2023-11806,Personal,18200.0,12,15.09,1643.47,0.27,6.0,0,Good,Rent,South,Current,No,Good (670-739),Upper-Middle ($65k-$95k),0
CUST-2807,Female,34,Master,Employed,Married,0,138800.0,594.0,5,LN-2023-11807,Auto,39700.0,48,14.51,1095.04,0.19,7.0,0,Fair,Rent,West,Current,No,Fair (580-669),High (>$95k),0
CUST-2808,Male,58,Bachelor,Self-Employed,Single,1,161000.0,569.0,2,LN-2023-11808,Personal,15000.0,48,15.9,424.34,0.08,31.0,1,Poor,Mortgage,South,Current,No,Poor (<580),High (>$95k),0
CUST-2809,Male,24,Bachelor,Employed,Married,2,29200.0,671.0,4,LN-2023-11809,Education,18500.0,48,13.54,501.28,0.507,0.0,0,Good,Rent,West,Fully Paid,No,Good (670-739),Low (<$40k),0
CUST-2810,Male,62,Bachelor,Employed,Single,0,63700.0,718.0,0,LN-2023-11810,Business,30000.0,36,16.51,1062.28,0.2,5.0,0,Good,Rent,North,Fully Paid,No,Good (670-739),Lower-Middle ($40k-$65k),0
CUST-2811,Female,38,High School,Employed,Divorced,1,55500.0,504.0,1,LN-2023-11811,Home,95500.0,48,15.79,2696.24,0.634,5.0,0,Poor,Rent,East,Current,No,Poor (<580),Lower-Middle ($40k-$65k),0
CUST-2812,Female,64,Bachelor,Self-Employed,Married,3,36700.0,627.0,0,LN-2023-11812,Home,115400.0,36,12.73,3873.29,0.75,31.0,0,Fair,Rent,South,Current,No,Fair (580-669),Low (<$40k),0
CUST-2813,Male,45,Bachelor,Unemployed,Single,3,31600.0,826.0,0,LN-2023-11813,Home,92700.0,36,8.8,2939.21,0.75,0.0,0,Excellent,Own,West,Current,No,Excellent (800+),Low (<$40k),0
CUST-2814,Male,27,PhD,Unemployed,Single,0,34200.0,710.0,1,LN-2023-11814,Auto,16300.0,24,12.5,771.11,0.309,0.0,0,Good,Rent,East,Fully Paid,No,Good (670-739),Low (<$40k),0
CUST-2815,Male,58,Bachelor,Unemployed,Single,2,24000.0,800.0,4,LN-2023-11815,Auto,35100.0,12,10.43,3092.87,0.75,0.0,0,Excellent,Mortgage,East,Fully Paid,No,Excellent (800+),Low (<$40k),0
CUST-2816,Female,48,High School,Employed,Single,1,32500.0,616.0,2,LN-2023-11816,Home,47600.0,24,12.54,2252.72,0.75,11.0,0,Fair,Rent,North,Current,No,Fair (580-669),Low (<$40k),0
CUST-2817,Male,25,Bachelor,Employed,Married,4,75700.0,631.0,1,LN-2023-11817,Home,116200.0,48,11.9,3054.29,0.505,1.0,0,Fair,Mortgage,East,Defaulted,Yes,Fair (580-669),Upper-Middle ($65k-$95k),1
CUST-2818,Female,23,Bachelor,Employed,Married,1,91700.0,752.0,4,LN-2023-11818,Auto,45000.0,60,11.3,985.16,0.184,1.0,0,Excellent,Mortgage,West,Fully Paid,No,Very Good (740-799),Upper-Middle ($65k-$95k),0
CUST-2819,Female,64,Master,Employed,Married,2,82400.0,722.0,2,LN-2023-11819,Auto,32700.0,24,12.4,1545.42,0.298,10.0,0,Good,Rent,Central,Current,No,Good (670-739),Upper-Middle ($65k-$95k),0
CUST-2820,Male,51,High School,Self-Employed,Single,2,44800.0,661.0,3,LN-2023-11820,Auto,43500.0,36,13.8,1482.5,0.486,10.0,1,Fair,Mortgage,West,Current,No,Fair (580-669),Lower-Middle ($40k-$65k),0
CUST-2821,Male,67,Bachelor,Self-Employed,Divorced,1,59400.0,668.0,3,LN-2023-11821,Business,25900.0,36,19.16,951.49,0.357,13.0,1,Poor,Rent,South,Defaulted,Yes,Fair (580-669),Lower-Middle ($40k-$65k),1
CUST-2822,Male,62,Bachelor,Employed,Single,2,69400.0,768.0,2,LN-2023-11822,Education,13800.0,36,12.62,462.45,0.15,28.0,0,Excellent,Own,South,Fully Paid,No,Very Good (740-799),Upper-Middle ($65k-$95k),0
CUST-2823,Female,40,Bachelor,Employed,Married,0,64300.0,850.0,0,LN-2023-11823,Home,72000.0,12,6.56,6215.33,0.75,15.0,0,Excellent,Rent,South,Fully Paid,No,Excellent (800+),Lower-Middle ($40k-$65k),0
CUST-2824,Female,39,Master,Self-Employed,Single,0,134500.0,536.0,5,LN-2023-11824,Auto,39400.0,24,16.3,1934.8,0.275,12.0,0,Poor,Own,East,Fully Paid,No,Poor (<580),High (>$95k),0
CUST-2825,Female,31,Bachelor,Employed,Single,1,50600.0,789.0,1,LN-2023-11825,Home,86200.0,24,8.17,3905.28,0.75,4.0,0,Excellent,Mortgage,North,Fully Paid,No,Very Good (740-799),Lower-Middle ($40k-$65k),0
CUST-2826,Female,60,Master,Employed,Married,3,45000.0,630.0,2,LN-2023-11826,Education,17800.0,60,13.11,406.01,0.239,17.0,0,Fair,Rent,Central,Current,No,Fair (580-669),Lower-Middle ($40k-$65k),0
CUST-2827,Male,23,Bachelor,Employed,Married,1,73900.0,641.0,3,LN-2023-11827,Education,11400.0,12,14.76,1027.65,0.299,0.0,0,Fair,Rent,South,Fully Paid,No,Fair (580-669),Upper-Middle ($65k-$95k),0
CUST-2828,Female,43,Master,Employed,Married,1,62800.0,692.0,0,LN-2023-11828,Personal,26500.0,36,15.98,931.4,0.178,14.0,0,Good,Rent,West,Fully Paid,No,Good (670-739),Lower-Middle ($40k-$65k),0
CUST-2829,Female,27,Bachelor,Employed,Divorced,1,89500.0,567.0,2,LN-2023-11829,Personal,3600.0,60,18.38,92.16,0.08,3.0,0,Poor,Own,East,Current,No,Poor (<580),Upper-Middle ($65k-$95k),0
CUST-2830,Male,43,Master,Employed,Single,0,78100.0,666.0,1,LN-2023-11830,Home,73700.0,36,11.95,2446.13,0.413,17.0,0,Fair,Rent,West,Fully Paid,No,Fair (580-669),Upper-Middle ($65k-$95k),0
CUST-2831,Female,27,Bachelor,Employed,Married,0,84400.0,533.0,0,LN-2023-11831,Personal,10000.0,36,18.84,365.75,0.08,1.0,1,Poor,Own,West,Current,No,Poor (<580),Upper-Middle ($65k-$95k),0
CUST-2832,Female,66,Bachelor,Unemployed,Married,2,18000.0,710.0,0,LN-2023-11832,Auto,14900.0,36,11.96,494.61,0.33,0.0,0,Good,Own,South,Fully Paid,No,Good (670-739),Low (<$40k),0
CUST-2833,Female,54,High School,Employed,Single,4,52400.0,850.0,3,LN-2023-11833,Auto,16500.0,36,9.34,527.31,0.241,22.0,0,Excellent,Rent,East,Current,No,Excellent (800+),Lower-Middle ($40k-$65k),0
CUST-2834,Female,62,Bachelor,Employed,Divorced,0,45900.0,615.0,0,LN-2023-11834,Home,87000.0,36,13.73,2962.06,0.75,24.0,0,Fair,Rent,West,Defaulted,Yes,Fair (580-669),Lower-Middle ($40k-$65k),1
CUST-2835,Female,39,Bachelor,Unemployed,Single,0,18000.0,655.0,3,LN-2023-11835,Home,81200.0,48,12.15,2144.29,0.75,0.0,0,Fair,Rent,West,Defaulted,Yes,Fair (580-669),Low (<$40k),1
CUST-2836,Female,29,Bachelor,Employed,Single,0,42700.0,659.0,2,LN-2023-11836,Auto,29700.0,36,12.74,997.0,0.437,2.0,2,Fair,Own,South,Current,No,Fair (580-669),Lower-Middle ($40k-$65k),0
CUST-2837,Male,38,PhD,Employed,Married,0,72600.0,753.0,2,LN-2023-11837,Personal,24100.0,36,14.33,827.55,0.191,10.0,0,Excellent,Own,West,Fully Paid,No,Very Good (740-799),Upper-Middle ($65k-$95k),0
CUST-2838,Male,61,High School,Self-Employed,Single,0,98900.0,704.0,3,LN-2023-11838,Auto,43900.0,60,13.7,1014.66,0.203,32.0,0,Good,Mortgage,South,Fully Paid,No,Good (670-739),High (>$95k),0
CUST-2839,Female,65,Master,Employed,Married,1,60200.0,748.0,1,LN-2023-11839,Home,55100.0,48,10.38,1407.56,0.312,35.0,0,Excellent,Mortgage,North,Fully Paid,No,Very Good (740-799),Lower-Middle ($40k-$65k),0
CUST-2840,Male,62,PhD,Self-Employed,Single,0,60200.0,626.0,1,LN-2023-11840,Auto,13100.0,36,15.43,456.88,0.128,25.0,2,Fair,Rent,North,Fully Paid,No,Fair (580-669),Lower-Middle ($40k-$65k),0
CUST-2841,Male,45,High School,Employed,Married,0,52100.0,706.0,0,LN-2023-11841,Auto,22200.0,36,11.73,734.5,0.169,1.0,0,Good,Own,East,Defaulted,Yes,Good (670-739),Lower-Middle ($40k-$65k),1
CUST-2842,Male,34,Bachelor,Employed,Single,2,63700.0,383.0,1,LN-2023-11842,Auto,30800.0,48,19.96,936.6,0.221,10.0,1,Poor,Own,South,Defaulted,Yes,Poor (<580),Lower-Middle ($40k-$65k),1
CUST-2843,Male,64,Bachelor,Employed,Married,3,50400.0,726.0,1,LN-2023-11843,Personal,5900.0,48,14.58,162.95,0.091,24.0,0,Good,Rent,North,Current,No,Good (670-739),Lower-Middle ($40k-$65k),0
CUST-2844,Female,45,High School,Employed,Single,0,48800.0,566.0,1,LN-2023-11844,Education,30300.0,24,16.76,1494.61,0.435,6.0,0,Poor,Own,South,Fully Paid,No,Poor (<580),Lower-Middle ($40k-$65k),0
CUST-2845,Female,39,Bachelor,Self-Employed,Married,2,112200.0,642.0,2,LN-2023-11845,Auto,31100.0,36,13.58,1056.59,0.155,3.0,3,Fair,Own,South,Defaulted,Yes,Fair (580-669),High (>$95k),1
CUST-2846,Male,59,Master,Employed,Married,0,105300.0,733.0,1,LN-2023-11846,Auto,38400.0,24,11.57,1799.92,0.234,4.0,0,Good,Mortgage,East,Fully Paid,No,Good (670-739),High (>$95k),0
CUST-2847,Male,35,High School,Unemployed,Single,3,22400.0,539.0,2,LN-2023-11847,Personal,13400.0,36,18.94,490.78,0.379,0.0,2,Poor,Rent,North,Defaulted,Yes,Poor (<580),Low (<$40k),1
CUST-2848,Male,36,Bachelor,Self-Employed,Married,1,42400.0,762.0,1,LN-2023-11848,Personal,14600.0,60,13.39,335.12,0.171,1.0,0,Excellent,Own,Central,Current,No,Very Good (740-799),Lower-Middle ($40k-$65k),0
CUST-2849,Female,47,Bachelor,Employed,Divorced,2,220000.0,659.0,3,LN-2023-11849,Education,33500.0,36,14.48,1152.78,0.093,17.0,1,Fair,Own,South,Fully Paid,No,Fair (580-669),High (>$95k),0
CUST-2850,Female,60,Master,Self-Employed,Single,0,143700.0,793.0,1,LN-2023-11850,Home,67700.0,24,7.43,3044.32,0.275,8.0,0,Excellent,Rent,East,Fully Paid,No,Very Good (740-799),High (>$95k),0
CUST-2851,Male,30,High School,Employed,Married,1,62000.0,593.0,3,LN-2023-11851,Auto,24500.0,24,16.08,1200.53,0.38,0.0,0,Fair,Mortgage,South,Fully Paid,No,Fair (580-669),Lower-Middle ($40k-$65k),0
CUST-2852,Female,24,Bachelor,Employed,Single,1,37200.0,515.0,1,LN-2023-11852,Auto,10500.0,36,15.02,364.09,0.153,1.0,0,Poor,Rent,West,Fully Paid,No,Poor (<580),Low (<$40k),0
CUST-2853,Female,39,Bachelor,Self-Employed,Single,0,110700.0,667.0,1,LN-2023-11853,Auto,31100.0,24,14.26,1497.02,0.188,8.0,0,Fair,Rent,South,Fully Paid,No,Fair (580-669),High (>$95k),0
CUST-2854,Female,48,Bachelor,Employed,Single,0,50200.0,719.0,1,LN-2023-11854,Personal,27700.0,36,14.58,954.54,0.284,4.0,0,Good,Own,South,Defaulted,Yes,Good (670-739),Lower-Middle ($40k-$65k),1
CUST-2855,Female,41,PhD,Employed,Divorced,1,85000.0,727.0,1,LN-2023-11855,Home,47400.0,48,9.29,1186.09,0.183,1.0,0,Good,Rent,Central,Fully Paid,No,Good (670-739),Upper-Middle ($65k-$95k),0
CUST-2856,Male,67,Master,Employed,Married,2,36500.0,573.0,3,LN-2023-11856,Personal,20800.0,60,18.31,531.7,0.44,7.0,0,Poor,Mortgage,Central,Fully Paid,No,Poor (<580),Low (<$40k),0
CUST-2857,Female,34,High School,Employed,Married,0,28100.0,531.0,0,LN-2023-11857,Home,116900.0,12,15.24,10564.44,0.75,8.0,0,Poor,Rent,North,Fully Paid,No,Poor (<580),Low (<$40k),0
CUST-2858,Male,53,Bachelor,Employed,Single,1,76600.0,643.0,0,LN-2023-11858,Business,54600.0,48,17.26,1582.84,0.248,6.0,0,Fair,Rent,West,Fully Paid,No,Fair (580-669),Upper-Middle ($65k-$95k),0
CUST-2859,Female,30,Bachelor,Employed,Married,0,98900.0,713.0,3,LN-2023-11859,Home,71600.0,12,11.4,6341.49,0.75,4.0,0,Good,Rent,West,Defaulted,Yes,Good (670-739),High (>$95k),1
CUST-2860,Female,39,Bachelor,Employed,Married,0,62500.0,709.0,1,LN-2023-11860,Education,39900.0,36,12.6,1336.71,0.216,2.0,0,Good,Rent,North,Fully Paid,No,Good (670-739),Lower-Middle ($40k-$65k),0
CUST-2861,Female,50,Bachelor,Employed,Married,1,84300.0,803.0,1,LN-2023-11861,Personal,4900.0,60,13.28,112.19,0.08,5.0,0,Excellent,Own,Central,Fully Paid,No,Excellent (800+),Upper-Middle ($65k-$95k),0
CUST-2862,Female,42,Bachelor,Employed,Married,0,61100.0,638.0,1,LN-2023-11862,Education,13200.0,12,13.52,1182.21,0.258,7.0,1,Fair,Rent,North,Current,No,Fair (580-669),Lower-Middle ($40k-$65k),0
CUST-2863,Male,23,Bachelor,Employed,Single,1,52400.0,513.0,1,LN-2023-11863,Home,120200.0,12,15.07,10853.02,0.75,0.0,0,Poor,Mortgage,Central,Defaulted,Yes,Poor (<580),Lower-Middle ($40k-$65k),1
CUST-2864,Female,57,PhD,Employed,Single,0,105700.0,771.0,1,LN-2023-11864,Home,70300.0,36,9.57,2254.22,0.282,5.0,0,Excellent,Rent,East,Fully Paid,No,Very Good (740-799),High (>$95k),0
CUST-2865,Female,61,High School,Self-Employed,Divorced,1,81700.0,686.0,3,LN-2023-11865,Auto,41200.0,60,12.95,936.37,0.23,12.0,0,Good,Mortgage,East,Fully Paid,No,Good (670-739),Upper-Middle ($65k-$95k),0
CUST-2866,Female,38,Master,Employed,Single,1,78000.0,693.0,1,LN-2023-11866,Home,73300.0,12,9.77,6436.4,0.75,5.0,0,Good,Rent,West,Current,No,Good (670-739),Upper-Middle ($65k-$95k),0
CUST-2867,Male,31,Bachelor,Employed,Married,3,108400.0,735.0,2,LN-2023-11867,Home,114000.0,24,9.71,5245.28,0.612,7.0,0,Good,Rent,West,Fully Paid,No,Good (670-739),High (>$95k),0
CUST-2868,Male,22,Bachelor,Employed,Married,0,57100.0,777.0,3,LN-2023-11868,Personal,22900.0,36,15.04,794.28,0.281,0.0,0,Excellent,Mortgage,West,Current,No,Very Good (740-799),Lower-Middle ($40k-$65k),0
CUST-2869,Male,32,Master,Employed,Married,2,50100.0,668.0,3,LN-2023-11869,Personal,16600.0,24,16.38,815.8,0.365,8.0,0,Fair,Mortgage,Central,Defaulted,Yes,Fair (580-669),Lower-Middle ($40k-$65k),1
CUST-2870,Female,26,Bachelor,Employed,Single,0,62600.0,770.0,0,LN-2023-11870,Education,23800.0,12,11.52,2109.26,0.404,4.0,0,Excellent,Rent,East,Current,No,Very Good (740-799),Lower-Middle ($40k-$65k),0
CUST-2871,Female,63,Bachelor,Unemployed,Married,1,23100.0,716.0,1,LN-2023-11871,Business,32400.0,12,14.74,2920.4,0.75,0.0,0,Good,Mortgage,South,Fully Paid,No,Good (670-739),Low (<$40k),0
CUST-2872,Male,60,Bachelor,Unemployed,Married,1,21200.0,614.0,1,LN-2023-11872,Personal,6400.0,36,17.56,229.97,0.275,0.0,0,Fair,Mortgage,Central,Current,No,Fair (580-669),Low (<$40k),0
CUST-2873,Male,64,Bachelor,Self-Employed,Divorced,0,128600.0,650.0,3,LN-2023-11873,Auto,37200.0,36,12.92,1251.98,0.186,28.0,0,Fair,Rent,West,Current,No,Fair (580-669),High (>$95k),0
CUST-2874,Female,49,Master,Unemployed,Single,1,39100.0,722.0,2,LN-2023-11874,Personal,27600.0,48,13.87,752.41,0.369,0.0,0,Good,Own,North,Defaulted,Yes,Good (670-739),Low (<$40k),1
CUST-2875,Female,50,Master,Employed,Married,0,40900.0,609.0,1,LN-2023-11875,Personal,23900.0,24,16.89,1180.41,0.402,8.0,0,Fair,Mortgage,East,Current,No,Fair (580-669),Lower-Middle ($40k-$65k),0
CUST-2876,Female,22,High School,Employed,Married,0,97900.0,745.0,5,LN-2023-11876,Home,122600.0,36,9.55,3930.11,0.559,1.0,0,Excellent,Mortgage,Central,Fully Paid,No,Very Good (740-799),High (>$95k),0
CUST-2877,Female,29,High School,Self-Employed,Single,0,18000.0,683.0,1,LN-2023-11877,Auto,43800.0,36,14.53,1508.28,0.75,1.0,0,Good,Rent,West,Defaulted,Yes,Good (670-739),Low (<$40k),1
CUST-2878,Male,67,Bachelor,Employed,Divorced,2,165500.0,702.0,3,LN-2023-11878,Personal,25600.0,24,15.41,1246.25,0.148,5.0,0,Good,Mortgage,East,Fully Paid,No,Good (670-739),High (>$95k),0
CUST-2879,Male,22,High School,Self-Employed,Married,2,49600.0,792.0,2,LN-2023-11879,Education,36500.0,36,11.01,1195.14,0.371,0.0,0,Excellent,Rent,North,Fully Paid,No,Very Good (740-799),Lower-Middle ($40k-$65k),0
CUST-2880,Female,49,Bachelor,Self-Employed,Married,0,66400.0,700.0,3,LN-2023-11880,Personal,7800.0,48,15.44,218.82,0.162,23.0,0,Good,Rent,Central,Current,No,Good (670-739),Upper-Middle ($65k-$95k),0
CUST-2881,Female,53,High School,Unemployed,Single,0,18000.0,676.0,5,LN-2023-11881,Auto,37800.0,60,12.01,841.03,0.75,0.0,1,Good,Rent,East,Defaulted,Yes,Good (670-739),Low (<$40k),1
CUST-2882,Female,30,Bachelor,Employed,Single,0,74800.0,662.0,1,LN-2023-11882,Auto,38600.0,36,13.1,1302.45,0.246,2.0,0,Fair,Mortgage,North,Current,No,Fair (580-669),Upper-Middle ($65k-$95k),0
CUST-2883,Female,54,High School,Self-Employed,Single,0,56500.0,658.0,0,LN-2023-11883,Home,58100.0,60,11.3,1271.94,0.27,26.0,0,Fair,Mortgage,Central,Fully Paid,No,Fair (580-669),Lower-Middle ($40k-$65k),0
CUST-2884,Female,64,Bachelor,Employed,Married,2,59200.0,696.0,1,LN-2023-11884,Auto,44600.0,48,12.27,1180.41,0.277,10.0,0,Good,Rent,East,Fully Paid,No,Good (670-739),Lower-Middle ($40k-$65k),0
CUST-2885,Male,28,Bachelor,Employed,Divorced,1,113300.0,785.0,3,LN-2023-11885,Personal,3300.0,60,14.39,77.45,0.08,6.0,0,Excellent,Mortgage,North,Fully Paid,No,Very Good (740-799),High (>$95k),0
CUST-2886,Male,57,Bachelor,Employed,Married,0,81100.0,617.0,3,LN-2023-11886,Personal,15600.0,48,17.69,455.73,0.131,28.0,0,Fair,Rent,North,Fully Paid,No,Fair (580-669),Upper-Middle ($65k-$95k),0
CUST-2887,Male,53,PhD,Self-Employed,Married,0,69300.0,611.0,1,LN-2023-11887,Personal,3600.0,24,16.51,177.15,0.08,25.0,0,Fair,Own,Central,Fully Paid,No,Fair (580-669),Upper-Middle ($65k-$95k),0
CUST-2888,Male,67,Master,Self-Employed,Single,2,124900.0,779.0,0,LN-2023-11888,Home,89500.0,24,8.28,4059.28,0.39,20.0,0,Excellent,Mortgage,South,Defaulted,Yes,Very Good (740-799),High (>$95k),1
CUST-2889,Female,26,Bachelor,Employed,Single,0,79600.0,621.0,1,LN-2023-11889,Personal,15000.0,48,16.26,427.1,0.093,4.0,0,Fair,Mortgage,South,Current,No,Fair (580-669),Upper-Middle ($65k-$95k),0
CUST-2890,Female,64,High School,Employed,Single,0,38400.0,688.0,1,LN-2023-11890,Home,98000.0,36,11.03,3209.79,0.75,35.0,0,Good,Rent,East,Current,No,Good (670-739),Low (<$40k),0
CUST-2891,Male,60,Master,Employed,Married,1,111200.0,619.0,0,LN-2023-11891,Personal,25200.0,24,17.32,1249.82,0.135,11.0,0,Fair,Own,West,Fully Paid,No,Fair (580-669),High (>$95k),0
CUST-2892,Male,65,Master,Unemployed,Single,1,25400.0,527.0,2,LN-2023-11892,Personal,25300.0,36,19.5,933.81,0.599,0.0,1,Poor,Own,South,Defaulted,Yes,Poor (<580),Low (<$40k),1
CUST-2893,Female,39,Master,Employed,Married,1,70400.0,686.0,1,LN-2023-11893,Business,70600.0,60,14.8,1672.17,0.312,7.0,0,Good,Mortgage,South,Current,No,Good (670-739),Upper-Middle ($65k-$95k),0
CUST-2894,Male,52,High School,Employed,Single,3,43900.0,764.0,2,LN-2023-11894,Education,9500.0,36,11.87,314.95,0.216,19.0,0,Excellent,Rent,West,Fully Paid,No,Very Good (740-799),Lower-Middle ($40k-$65k),0
CUST-2895,Female,47,PhD,Employed,Married,0,31100.0,664.0,0,LN-2023-11895,Personal,15100.0,36,16.15,531.99,0.205,7.0,0,Fair,Mortgage,East,Fully Paid,No,Fair (580-669),Low (<$40k),0
CUST-2896,Female,21,Bachelor,Employed,Single,2,49600.0,544.0,3,LN-2023-11896,Auto,41000.0,36,17.17,1465.23,0.464,0.0,1,Poor,Rent,West,Current,No,Poor (<580),Lower-Middle ($40k-$65k),0
CUST-2897,Female,63,Bachelor,Employed,Single,0,86700.0,679.0,2,LN-2023-11897,Auto,34900.0,24,13.9,1674.0,0.305,3.0,0,Good,Mortgage,Central,Fully Paid,No,Good (670-739),Upper-Middle ($65k-$95k),0
CUST-2898,Male,53,Master,Employed,Married,1,77100.0,605.0,1,LN-2023-11898,Personal,22700.0,12,16.49,2064.86,0.345,14.0,0,Fair,Own,Central,Defaulted,Yes,Fair (580-669),Upper-Middle ($65k-$95k),1
CUST-2899,Male,60,High School,Unemployed,Married,2,18000.0,447.0,2,LN-2023-11899,Home,64300.0,60,15.15,1534.76,0.75,0.0,0,Poor,Mortgage,South,Defaulted,Yes,Poor (<580),Low (<$40k),1
CUST-2900,Female,52,Master,Self-Employed,Single,1,138200.0,663.0,0,LN-2023-11900,Business,42800.0,60,15.94,1039.45,0.09,3.0,0,Fair,Rent,North,Current,No,Fair (580-669),High (>$95k),0
CUST-2901,Female,25,Bachelor,Employed,Single,2,55000.0,714.0,5,LN-2023-11901,Auto,46300.0,60,12.15,1033.43,0.344,1.0,0,Good,Rent,South,Fully Paid,No,Good (670-739),Lower-Middle ($40k-$65k),0
CUST-2902,Male,37,PhD,Unemployed,Married,2,18700.0,770.0,2,LN-2023-11902,Education,34800.0,36,11.19,1142.44,0.75,0.0,0,Excellent,Own,West,Defaulted,Yes,Very Good (740-799),Low (<$40k),1
CUST-2903,Female,28,Bachelor,Employed,Married,0,169700.0,819.0,2,LN-2023-11903,Auto,16300.0,24,9.75,750.28,0.089,6.0,0,Excellent,Rent,North,Fully Paid,No,Excellent (800+),High (>$95k),0
CUST-2904,Male,62,PhD,Employed,Married,2,57800.0,725.0,0,LN-2023-11904,Auto,30700.0,60,12.76,694.75,0.144,30.0,0,Good,Own,North,Fully Paid,No,Good (670-739),Lower-Middle ($40k-$65k),0
CUST-2905,Female,54,High School,Employed,Divorced,3,72900.0,749.0,0,LN-2023-11905,Home,86700.0,60,8.77,1790.09,0.295,5.0,0,Excellent,Rent,West,Defaulted,Yes,Very Good (740-799),Upper-Middle ($65k-$95k),1
CUST-2906,Male,29,Bachelor,Employed,Married,1,44500.0,560.0,1,LN-2023-11906,Auto,26900.0,48,17.27,779.96,0.252,6.0,0,Poor,Rent,Central,Fully Paid,No,Poor (<580),Lower-Middle ($40k-$65k),0
CUST-2907,Female,43,Bachelor,Self-Employed,Married,0,76900.0,807.0,0,LN-2023-11907,Auto,27900.0,36,10.04,900.78,0.141,15.0,0,Excellent,Mortgage,North,Fully Paid,No,Excellent (800+),Upper-Middle ($65k-$95k),0
CUST-2908,Male,55,Bachelor,Employed,Single,0,41900.0,777.0,2,LN-2023-11908,Personal,21600.0,36,14.15,739.81,0.293,15.0,0,Excellent,Rent,North,Defaulted,Yes,Very Good (740-799),Lower-Middle ($40k-$65k),1
CUST-2909,Male,27,High School,Employed,Single,0,28100.0,638.0,1,LN-2023-11909,Auto,46800.0,48,13.8,1274.19,0.598,1.0,0,Fair,Mortgage,Central,Fully Paid,No,Fair (580-669),Low (<$40k),0
CUST-2910,Male,35,Bachelor,Self-Employed,Married,0,91400.0,727.0,1,LN-2023-11910,Auto,43300.0,36,11.24,1422.51,0.21,3.0,0,Good,Mortgage,South,Fully Paid,No,Good (670-739),Upper-Middle ($65k-$95k),0
CUST-2911,Male,40,High School,Employed,Divorced,1,58900.0,719.0,0,LN-2023-11911,Personal,28400.0,36,14.88,982.83,0.2,8.0,0,Good,Mortgage,East,Fully Paid,No,Good (670-739),Lower-Middle ($40k-$65k),0
CUST-2912,Female,45,Bachelor,Self-Employed,Single,0,121000.0,794.0,5,LN-2023-11912,Home,104800.0,48,7.95,2556.02,0.383,0.0,0,Excellent,Rent,West,Current,No,Very Good (740-799),High (>$95k),0
CUST-2913,Female,23,Bachelor,Self-Employed,Married,0,71200.0,657.0,4,LN-2023-11913,Education,6600.0,48,14.45,181.85,0.139,1.0,1,Fair,Mortgage,South,Current,No,Fair (580-669),Upper-Middle ($65k-$95k),0
CUST-2914,Male,66,PhD,Employed,Married,1,220000.0,606.0,0,LN-2023-11914,Business,50800.0,24,17.25,2517.77,0.137,37.0,0,Fair,Own,East,Fully Paid,No,Fair (580-669),High (>$95k),0
CUST-2915,Male,44,High School,Self-Employed,Divorced,1,63700.0,628.0,1,LN-2023-11915,Education,23400.0,36,14.5,805.45,0.197,3.0,0,Fair,Rent,Central,Defaulted,Yes,Fair (580-669),Lower-Middle ($40k-$65k),1
CUST-2916,Female,54,High School,Employed,Married,1,63400.0,746.0,1,LN-2023-11916,Personal,27400.0,48,14.49,755.5,0.174,16.0,0,Excellent,Rent,West,Current,No,Very Good (740-799),Lower-Middle ($40k-$65k),0
CUST-2917,Female,66,High School,Employed,Married,2,26600.0,506.0,1,LN-2023-11917,Home,123400.0,24,15.9,6036.15,0.75,37.0,0,Poor,Rent,South,Defaulted,Yes,Poor (<580),Low (<$40k),1
CUST-2918,Female,42,Bachelor,Employed,Married,0,47700.0,415.0,3,LN-2023-11918,Personal,16100.0,60,21.59,440.92,0.211,16.0,0,Poor,Rent,West,Defaulted,Yes,Poor (<580),Lower-Middle ($40k-$65k),1
CUST-2919,Male,31,High School,Employed,Single,0,62000.0,746.0,2,LN-2023-11919,Auto,21400.0,48,11.38,557.05,0.183,8.0,0,Excellent,Rent,North,Current,No,Very Good (740-799),Lower-Middle ($40k-$65k),0
CUST-2920,Male,28,Bachelor,Unemployed,Single,0,21200.0,693.0,4,LN-2023-11920,Education,17500.0,60,13.83,405.65,0.75,0.0,0,Good,Mortgage,North,Defaulted,Yes,Good (670-739),Low (<$40k),1
CUST-2921,Female,59,Master,Employed,Single,1,84700.0,671.0,3,LN-2023-11921,Education,25700.0,24,14.35,1238.18,0.252,27.0,0,Good,Rent,West,Fully Paid,No,Good (670-739),Upper-Middle ($65k-$95k),0
CUST-2922,Male,63,Bachelor,Employed,Married,0,43500.0,559.0,2,LN-2023-11922,Education,15300.0,12,16.3,1390.36,0.446,11.0,0,Poor,Own,South,Defaulted,Yes,Poor (<580),Lower-Middle ($40k-$65k),1
CUST-2923,Female,55,Bachelor,Unemployed,Single,2,23200.0,524.0,2,LN-2023-11923,Personal,29400.0,12,20.23,2726.69,0.75,0.0,0,Poor,Rent,North,Defaulted,Yes,Poor (<580),Low (<$40k),1
CUST-2924,Male,66,High School,Employed,Single,0,51800.0,616.0,3,LN-2023-11924,Personal,15100.0,36,17.04,538.66,0.256,34.0,0,Fair,Own,South,Fully Paid,No,Fair (580-669),Lower-Middle ($40k-$65k),0
CUST-2925,Female,58,Bachelor,Employed,Married,3,37000.0,700.0,2,LN-2023-11925,Business,89300.0,24,16.24,4382.65,0.75,30.0,0,Good,Mortgage,North,Defaulted,Yes,Good (670-739),Low (<$40k),1
CUST-2926,Male,28,High School,Employed,Single,1,65600.0,620.0,0,LN-2023-11926,Education,9700.0,24,14.7,468.94,0.086,3.0,0,Fair,Mortgage,South,Fully Paid,No,Fair (580-669),Upper-Middle ($65k-$95k),0
CUST-2927,Female,57,Master,Self-Employed,Married,1,41700.0,746.0,2,LN-2023-11927,Home,61000.0,24,10.48,2828.37,0.75,11.0,0,Excellent,Mortgage,North,Current,No,Very Good (740-799),Lower-Middle ($40k-$65k),0
CUST-2928,Male,47,Bachelor,Employed,Single,2,68300.0,588.0,1,LN-2023-11928,Home,88500.0,36,13.21,2990.87,0.544,9.0,0,Fair,Own,West,Fully Paid,No,Fair (580-669),Upper-Middle ($65k-$95k),0
CUST-2929,Female,48,Bachelor,Employed,Married,2,139100.0,625.0,5,LN-2023-11929,Auto,43000.0,36,14.74,1485.14,0.217,8.0,0,Fair,Mortgage,West,Fully Paid,No,Fair (580-669),High (>$95k),0
CUST-2930,Male,60,Bachelor,Employed,Single,1,85400.0,729.0,1,LN-2023-11930,Auto,23500.0,36,10.84,767.58,0.131,7.0,0,Good,Mortgage,South,Current,No,Good (670-739),Upper-Middle ($65k-$95k),0
CUST-2931,Female,54,Master,Employed,Divorced,3,105400.0,637.0,0,LN-2023-11931,Personal,27300.0,24,18.3,1366.89,0.156,18.0,0,Fair,Rent,East,Current,No,Fair (580-669),High (>$95k),0
CUST-2932,Female,52,High School,Self-Employed,Divorced,1,37700.0,642.0,0,LN-2023-11932,Home,81200.0,60,12.4,1822.71,0.58,15.0,0,Fair,Rent,Central,Defaulted,Yes,Fair (580-669),Low (<$40k),1
CUST-2933,Female,35,Bachelor,Employed,Married,2,139400.0,615.0,3,LN-2023-11933,Auto,42400.0,36,15.48,1479.8,0.18,6.0,0,Fair,Mortgage,Central,Defaulted,Yes,Fair (580-669),High (>$95k),1
CUST-2934,Female,64,High School,Employed,Married,0,91200.0,599.0,4,LN-2023-11934,Personal,11000.0,24,16.66,542.07,0.154,4.0,0,Fair,Mortgage,North,Fully Paid,No,Fair (580-669),Upper-Middle ($65k-$95k),0
CUST-2935,Female,37,Bachelor,Employed,Married,2,43000.0,700.0,2,LN-2023-11935,Business,53000.0,12,15.32,4791.7,0.75,11.0,0,Good,Own,West,Fully Paid,No,Good (670-739),Lower-Middle ($40k-$65k),0
CUST-2936,Female,53,Master,Self-Employed,Divorced,0,72300.0,711.0,0,LN-2023-11936,Personal,11100.0,24,15.03,538.36,0.089,5.0,0,Good,Own,North,Current,No,Good (670-739),Upper-Middle ($65k-$95k),0
CUST-2937,Male,67,Bachelor,Self-Employed,Single,0,127200.0,689.0,0,LN-2023-11937,Auto,18200.0,24,12.4,860.14,0.081,5.0,0,Good,Rent,North,Fully Paid,No,Good (670-739),High (>$95k),0
CUST-2938,Female,66,Bachelor,Employed,Married,1,141100.0,617.0,1,LN-2023-11938,Auto,26000.0,36,15.63,909.34,0.098,24.0,0,Fair,Rent,North,Fully Paid,No,Fair (580-669),High (>$95k),0
CUST-2939,Male,36,Master,Employed,Married,0,44100.0,652.0,5,LN-2023-11939,Home,73500.0,60,12.06,1637.2,0.743,5.0,0,Fair,Rent,East,Fully Paid,No,Fair (580-669),Lower-Middle ($40k-$65k),0
CUST-2940,Male,49,Bachelor,Employed,Divorced,0,40000.0,805.0,3,LN-2023-11940,Personal,25800.0,24,13.05,1227.19,0.526,1.0,0,Excellent,Rent,South,Current,No,Excellent (800+),Low (<$40k),0
CUST-2941,Male,29,Bachelor,Employed,Single,0,58900.0,549.0,3,LN-2023-11941,Auto,38400.0,48,16.66,1101.29,0.394,3.0,2,Poor,Rent,North,Defaulted,Yes,Poor (<580),Lower-Middle ($40k-$65k),1
CUST-2942,Male,53,Bachelor,Employed,Married,1,23700.0,830.0,2,LN-2023-11942,Personal,13400.0,60,11.94,297.67,0.308,21.0,0,Excellent,Rent,East,Current,No,Excellent (800+),Low (<$40k),0
CUST-2943,Female,49,Bachelor,Employed,Married,3,63400.0,678.0,3,LN-2023-11943,Home,129300.0,36,11.5,4263.8,0.75,15.0,0,Good,Rent,East,Current,No,Good (670-739),Lower-Middle ($40k-$65k),0
CUST-2944,Female,33,High School,Employed,Married,1,83700.0,654.0,1,LN-2023-11944,Personal,31200.0,24,16.48,1534.81,0.248,4.0,0,Fair,Mortgage,West,Fully Paid,No,Fair (580-669),Upper-Middle ($65k-$95k),0
CUST-2945,Female,41,Master,Self-Employed,Single,2,46900.0,751.0,0,LN-2023-11945,Personal,29600.0,36,14.37,1016.99,0.26,3.0,0,Excellent,Own,West,Fully Paid,No,Very Good (740-799),Lower-Middle ($40k-$65k),0
CUST-2946,Male,41,Bachelor,Employed,Divorced,1,66600.0,494.0,3,LN-2023-11946,Business,61100.0,60,20.45,1634.11,0.36,11.0,1,Poor,Rent,East,Defaulted,Yes,Poor (<580),Upper-Middle ($65k-$95k),1
CUST-2947,Male,25,High School,Self-Employed,Single,0,43500.0,787.0,0,LN-2023-11947,Auto,25700.0,12,10.69,2267.69,0.626,3.0,0,Excellent,Mortgage,South,Fully Paid,No,Very Good (740-799),Lower-Middle ($40k-$65k),0
CUST-2948,Male,30,Master,Employed,Married,0,162800.0,827.0,2,LN-2023-11948,Personal,12100.0,36,12.24,403.28,0.08,5.0,0,Excellent,Rent,North,Fully Paid,No,Excellent (800+),High (>$95k),0
CUST-2949,Male,26,Bachelor,Unemployed,Single,1,18000.0,762.0,2,LN-2023-11949,Business,21100.0,48,13.41,570.36,0.73,0.0,0,Excellent,Rent,West,Fully Paid,No,Very Good (740-799),Low (<$40k),0
CUST-2950,Male,33,High School,Employed,Married,0,97300.0,491.0,0,LN-2023-11950,Personal,21300.0,36,19.54,786.6,0.097,9.0,1,Poor,Mortgage,South,Defaulted,Yes,Poor (<580),High (>$95k),1
CUST-2951,Male,21,Bachelor,Employed,Married,0,48000.0,734.0,0,LN-2023-11951,Personal,19000.0,36,15.42,662.56,0.166,0.0,0,Good,Mortgage,North,Fully Paid,No,Good (670-739),Lower-Middle ($40k-$65k),0
CUST-2952,Male,40,Master,Self-Employed,Divorced,1,126600.0,809.0,1,LN-2023-11952,Personal,21300.0,36,12.95,717.17,0.087,12.0,0,Excellent,Rent,West,Current,No,Excellent (800+),High (>$95k),0
CUST-2953,Female,67,Master,Employed,Married,1,87200.0,801.0,2,LN-2023-11953,Auto,31900.0,36,11.39,1050.27,0.214,35.0,0,Excellent,Own,North,Current,No,Excellent (800+),Upper-Middle ($65k-$95k),0
CUST-2954,Female,66,PhD,Employed,Married,0,87200.0,550.0,0,LN-2023-11954,Auto,15200.0,48,16.39,433.81,0.08,30.0,0,Poor,Rent,South,Fully Paid,No,Poor (<580),Upper-Middle ($65k-$95k),0
CUST-2955,Female,28,Master,Employed,Divorced,2,54500.0,756.0,1,LN-2023-11955,Personal,23200.0,36,13.56,787.97,0.198,6.0,0,Excellent,Own,South,Current,No,Very Good (740-799),Lower-Middle ($40k-$65k),0
CUST-2956,Female,30,High School,Self-Employed,Married,2,65300.0,822.0,2,LN-2023-11956,Personal,13500.0,36,11.66,446.2,0.171,3.0,0,Excellent,Mortgage,South,Fully Paid,No,Excellent (800+),Upper-Middle ($65k-$95k),0
CUST-2957,Female,29,Bachelor,Employed,Single,2,51600.0,672.0,0,LN-2023-11957,Home,88900.0,24,10.5,4122.83,0.75,6.0,0,Good,Mortgage,North,Current,No,Good (670-739),Lower-Middle ($40k-$65k),0
CUST-2958,Male,61,Master,Self-Employed,Divorced,4,65600.0,546.0,0,LN-2023-11958,Auto,23900.0,60,15.66,576.89,0.106,21.0,0,Poor,Rent,North,Fully Paid,No,Poor (<580),Upper-Middle ($65k-$95k),0
CUST-2959,Female,23,Bachelor,Employed,Married,0,122000.0,740.0,1,LN-2023-11959,Education,6700.0,24,13.23,319.25,0.08,2.0,0,Excellent,Own,East,Current,No,Very Good (740-799),High (>$95k),0
CUST-2960,Female,31,Bachelor,Employed,Married,1,80400.0,759.0,1,LN-2023-11960,Home,119500.0,24,10.51,5542.49,0.75,0.0,0,Excellent,Rent,South,Fully Paid,No,Very Good (740-799),Upper-Middle ($65k-$95k),0
CUST-2961,Male,32,Bachelor,Employed,Married,2,84000.0,658.0,2,LN-2023-11961,Auto,15700.0,24,13.89,752.99,0.17,6.0,0,Fair,Mortgage,South,Fully Paid,No,Fair (580-669),Upper-Middle ($65k-$95k),0
CUST-2962,Male,30,Bachelor,Employed,Married,1,52700.0,568.0,4,LN-2023-11962,Auto,32100.0,60,16.45,788.31,0.41,7.0,3,Poor,Own,South,Defaulted,Yes,Poor (<580),Lower-Middle ($40k-$65k),1
CUST-2963,Female,45,Master,Employed,Married,2,71600.0,753.0,0,LN-2023-11963,Auto,43600.0,36,11.35,1434.65,0.24,4.0,0,Excellent,Mortgage,East,Current,No,Very Good (740-799),Upper-Middle ($65k-$95k),0
CUST-2964,Male,45,Bachelor,Employed,Single,0,56200.0,604.0,3,LN-2023-11964,Home,63800.0,36,12.57,2136.48,0.626,14.0,0,Fair,Mortgage,North,Defaulted,Yes,Fair (580-669),Lower-Middle ($40k-$65k),1
CUST-2965,Female,31,Bachelor,Employed,Married,1,73200.0,703.0,1,LN-2023-11965,Personal,14900.0,60,15.87,361.31,0.093,7.0,0,Good,Rent,North,Current,No,Good (670-739),Upper-Middle ($65k-$95k),0
CUST-2966,Female,56,PhD,Employed,Married,0,123900.0,802.0,2,LN-2023-11966,Auto,24400.0,60,10.77,527.72,0.088,9.0,0,Excellent,Mortgage,South,Current,No,Excellent (800+),High (>$95k),0
CUST-2967,Male,59,Bachelor,Employed,Single,4,62000.0,529.0,3,LN-2023-11967,Education,9000.0,36,17.68,323.93,0.208,13.0,0,Poor,Mortgage,East,Defaulted,Yes,Poor (<580),Lower-Middle ($40k-$65k),1
CUST-2968,Male,46,High School,Self-Employed,Single,2,39500.0,747.0,1,LN-2023-11968,Personal,15300.0,36,14.4,525.9,0.239,12.0,0,Excellent,Mortgage,West,Fully Paid,No,Very Good (740-799),Low (<$40k),0
CUST-2969,Male,34,Bachelor,Self-Employed,Single,2,101800.0,652.0,0,LN-2023-11969,Home,85800.0,60,11.69,1895.16,0.223,6.0,0,Fair,Mortgage,South,Current,No,Fair (580-669),High (>$95k),0
CUST-2970,Male,59,Master,Self-Employed,Married,2,90900.0,654.0,0,LN-2023-11970,Home,47300.0,24,11.76,2221.28,0.293,1.0,0,Fair,Rent,West,Current,No,Fair (580-669),Upper-Middle ($65k-$95k),0
CUST-2971,Male,60,Master,Employed,Single,0,40700.0,713.0,2,LN-2023-11971,Personal,17200.0,36,15.33,599.03,0.299,3.0,0,Good,Mortgage,South,Fully Paid,No,Good (670-739),Lower-Middle ($40k-$65k),0
CUST-2972,Female,21,Master,Self-Employed,Single,0,34200.0,604.0,0,LN-2023-11972,Personal,5700.0,48,17.68,166.49,0.08,0.0,0,Fair,Mortgage,West,Fully Paid,No,Fair (580-669),Low (<$40k),0
CUST-2973,Male,24,Bachelor,Employed,Married,2,71900.0,570.0,1,LN-2023-11973,Personal,28900.0,48,17.61,843.06,0.174,1.0,0,Poor,Mortgage,East,Fully Paid,No,Poor (<580),Upper-Middle ($65k-$95k),0
CUST-2974,Male,50,Bachelor,Employed,Married,0,43300.0,518.0,1,LN-2023-11974,Home,100300.0,12,14.82,9044.39,0.75,6.0,0,Poor,Rent,East,Current,No,Poor (<580),Lower-Middle ($40k-$65k),0
CUST-2975,Male,32,Master,Self-Employed,Married,0,108700.0,774.0,1,LN-2023-11975,Home,49800.0,12,8.21,4336.86,0.508,7.0,0,Excellent,Mortgage,South,Current,No,Very Good (740-799),High (>$95k),0
CUST-2976,Female,55,Master,Unemployed,Single,1,19200.0,638.0,2,LN-2023-11976,Auto,41400.0,48,14.02,1131.73,0.75,0.0,1,Fair,Mortgage,North,Current,No,Fair (580-669),Low (<$40k),0
CUST-2977,Male,33,High School,Employed,Married,1,52100.0,718.0,2,LN-2023-11977,Personal,13500.0,12,14.36,1214.41,0.359,6.0,0,Good,Rent,North,Fully Paid,No,Good (670-739),Lower-Middle ($40k-$65k),0
CUST-2978,Male,51,High School,Employed,Divorced,1,41400.0,628.0,2,LN-2023-11978,Auto,18600.0,60,12.35,417.04,0.185,20.0,1,Fair,Mortgage,South,Current,No,Fair (580-669),Lower-Middle ($40k-$65k),0
CUST-2979,Female,58,PhD,Employed,Single,1,204200.0,571.0,1,LN-2023-11979,Personal,10400.0,24,19.79,528.25,0.08,2.0,1,Poor,Rent,North,Fully Paid,No,Poor (<580),High (>$95k),0
CUST-2980,Female,63,Master,Employed,Divorced,2,119400.0,725.0,0,LN-2023-11980,Personal,20300.0,36,14.31,696.87,0.08,17.0,0,Good,Rent,North,Fully Paid,No,Good (670-739),High (>$95k),0
CUST-2981,Male,43,Master,Self-Employed,Married,2,164100.0,697.0,1,LN-2023-11981,Home,51900.0,36,10.31,1682.23,0.139,6.0,0,Good,Rent,East,Current,No,Good (670-739),High (>$95k),0
CUST-2982,Female,24,Master,Employed,Married,0,78700.0,649.0,2,LN-2023-11982,Auto,12200.0,36,15.16,423.87,0.139,2.0,0,Fair,Rent,East,Current,No,Fair (580-669),Upper-Middle ($65k-$95k),0
CUST-2983,Male,36,Bachelor,Self-Employed,Married,0,104700.0,695.0,1,LN-2023-11983,Education,27300.0,12,12.69,2434.39,0.299,9.0,0,Good,Mortgage,North,Fully Paid,No,Good (670-739),High (>$95k),0
CUST-2984,Male,27,Bachelor,Employed,Married,1,65500.0,588.0,4,LN-2023-11984,Personal,31500.0,24,16.85,1555.16,0.36,5.0,0,Fair,Mortgage,Central,Fully Paid,No,Fair (580-669),Upper-Middle ($65k-$95k),0
CUST-2985,Male,42,Bachelor,Self-Employed,Single,3,140100.0,760.0,0,LN-2023-11985,Home,86100.0,36,9.44,2755.62,0.236,1.0,0,Excellent,Rent,Central,Current,No,Very Good (740-799),High (>$95k),0
CUST-2986,Male,49,High School,Unemployed,Married,0,18000.0,779.0,5,LN-2023-11986,Home,80100.0,36,8.82,2540.45,0.75,0.0,0,Excellent,Rent,South,Fully Paid,No,Very Good (740-799),Low (<$40k),0
CUST-2987,Female,31,Master,Employed,Married,0,41500.0,734.0,2,LN-2023-11987,Auto,46000.0,36,11.7,1521.28,0.53,6.0,0,Good,Rent,East,Fully Paid,No,Good (670-739),Lower-Middle ($40k-$65k),0
CUST-2988,Male,53,Bachelor,Employed,Married,1,25600.0,638.0,3,LN-2023-11988,Personal,10000.0,12,16.12,907.88,0.727,15.0,0,Fair,Mortgage,West,Fully Paid,No,Fair (580-669),Low (<$40k),0
CUST-2989,Male,49,Bachelor,Self-Employed,Married,0,153200.0,675.0,1,LN-2023-11989,Auto,19100.0,36,13.32,646.5,0.08,20.0,1,Good,Own,West,Fully Paid,No,Good (670-739),High (>$95k),0
CUST-2990,Female,59,Bachelor,Employed,Single,3,78000.0,803.0,1,LN-2023-11990,Auto,44400.0,36,11.78,1470.05,0.246,17.0,0,Excellent,Mortgage,South,Fully Paid,No,Excellent (800+),Upper-Middle ($65k-$95k),0
CUST-2991,Female,32,Bachelor,Employed,Single,3,80300.0,778.0,2,LN-2023-11991,Education,28000.0,12,10.56,2468.94,0.434,5.0,0,Excellent,Own,South,Current,No,Very Good (740-799),Upper-Middle ($65k-$95k),0
CUST-2992,Male,27,High School,Employed,Single,1,96000.0,839.0,2,LN-2023-11992,Business,23800.0,12,12.73,2122.74,0.303,0.0,0,Excellent,Own,West,Fully Paid,No,Excellent (800+),High (>$95k),0
CUST-2993,Female,59,Bachelor,Employed,Married,1,29900.0,603.0,1,LN-2023-11993,Business,67200.0,36,18.41,2443.28,0.75,22.0,0,Fair,Mortgage,South,Current,No,Fair (580-669),Low (<$40k),0
CUST-2994,Male,62,High School,Self-Employed,Divorced,0,48000.0,596.0,1,LN-2023-11994,Auto,41200.0,36,14.75,1423.17,0.423,10.0,0,Fair,Rent,West,Fully Paid,No,Fair (580-669),Lower-Middle ($40k-$65k),0
CUST-2995,Female,46,High School,Employed,Single,2,44100.0,681.0,2,LN-2023-11995,Education,15300.0,24,14.08,735.18,0.265,0.0,0,Good,Own,North,Fully Paid,No,Good (670-739),Lower-Middle ($40k-$65k),0
CUST-2996,Female,60,PhD,Unemployed,Married,2,45400.0,704.0,3,LN-2023-11996,Personal,14100.0,36,15.23,490.37,0.34,0.0,0,Good,Own,West,Current,No,Good (670-739),Lower-Middle ($40k-$65k),0
CUST-2997,Female,29,High School,Employed,Married,0,35900.0,657.0,1,LN-2023-11997,Personal,8700.0,48,15.14,242.75,0.169,0.0,0,Fair,Own,West,Fully Paid,No,Fair (580-669),Low (<$40k),0
CUST-2998,Male,61,Bachelor,Self-Employed,Divorced,0,42100.0,636.0,1,LN-2023-11998,Home,98800.0,60,13.16,2256.1,0.689,33.0,0,Fair,Own,Central,Current,No,Fair (580-669),Lower-Middle ($40k-$65k),0
CUST-2999,Male,54,Bachelor,Employed,Single,3,36500.0,777.0,3,LN-2023-11999,Business,66500.0,36,13.53,2257.66,0.75,10.0,0,Excellent,Rent,South,Current,No,Very Good (740-799),Low (<$40k),0
CUST-3000,Male,65,Bachelor,Employed,Single,1,105500.0,662.0,2,LN-2023-12000,Auto,12600.0,36,13.37,426.79,0.098,33.0,0,Fair,Rent,East,Fully Paid,No,Fair (580-669),High (>$95k),0
CUST-3001,Male,33,High School,Employed,Married,1,35200.0,566.0,1,LN-2023-12001,Home,102600.0,48,12.78,2741.31,0.75,10.0,1,Poor,Mortgage,South,Defaulted,Yes,Poor (<580),Low (<$40k),1
CUST-3002,Male,56,Master,Self-Employed,Married,0,69800.0,576.0,0,LN-2023-12002,Auto,35000.0,60,15.99,850.95,0.146,28.0,0,Poor,Mortgage,North,Fully Paid,No,Poor (<580),Upper-Middle ($65k-$95k),0
CUST-3003,Female,45,Master,Employed,Single,0,103600.0,691.0,2,LN-2023-12003,Personal,4000.0,36,15.7,140.04,0.08,18.0,0,Good,Own,North,Fully Paid,No,Good (670-739),High (>$95k),0
CUST-3004,Male,44,High School,Self-Employed,Single,2,41200.0,850.0,1,LN-2023-12004,Home,92200.0,48,8.02,2251.74,0.695,18.0,0,Excellent,Rent,Central,Fully Paid,No,Excellent (800+),Lower-Middle ($40k-$65k),0
CUST-3005,Male,64,Bachelor,Employed,Married,0,29200.0,587.0,0,LN-2023-12005,Personal,20800.0,36,18.27,754.79,0.31,11.0,0,Fair,Mortgage,East,Fully Paid,No,Fair (580-669),Low (<$40k),0
CUST-3006,Female,37,Master,Employed,Single,1,38200.0,643.0,2,LN-2023-12006,Personal,15500.0,24,16.08,759.52,0.391,2.0,0,Fair,Own,South,Fully Paid,No,Fair (580-669),Low (<$40k),0
CUST-3007,Male,22,Master,Self-Employed,Married,0,87300.0,850.0,1,LN-2023-12007,Personal,29100.0,48,9.71,734.01,0.134,1.0,0,Excellent,Rent,Central,Current,No,Excellent (800+),Upper-Middle ($65k-$95k),0
CUST-3008,Female,33,Bachelor,Employed,Single,0,78600.0,628.0,1,LN-2023-12008,Auto,22500.0,36,14.41,773.48,0.147,5.0,0,Fair,Rent,North,Defaulted,Yes,Fair (580-669),Upper-Middle ($65k-$95k),1
CUST-3009,Male,51,High School,Employed,Divorced,3,44800.0,708.0,1,LN-2023-12009,Auto,12600.0,24,12.6,596.66,0.213,3.0,0,Good,Rent,East,Current,No,Good (670-739),Lower-Middle ($40k-$65k),0
CUST-3010,Male,49,Bachelor,Employed,Divorced,1,76300.0,829.0,2,LN-2023-12010,Personal,22500.0,12,12.68,2006.26,0.286,16.0,0,Excellent,Rent,West,Current,No,Excellent (800+),Upper-Middle ($65k-$95k),0
CUST-3011,Male,48,Bachelor,Employed,Married,3,30400.0,589.0,0,LN-2023-12011,Home,96400.0,60,14.4,2263.1,0.75,13.0,0,Fair,Rent,North,Defaulted,Yes,Fair (580-669),Low (<$40k),1
CUST-3012,Male,47,High School,Employed,Married,3,24500.0,643.0,0,LN-2023-12012,Auto,47600.0,60,14.12,1110.53,0.544,19.0,0,Fair,Rent,North,Defaulted,Yes,Fair (580-669),Low (<$40k),1
CUST-3013,Female,35,Bachelor,Employed,Single,3,173300.0,628.0,1,LN-2023-12013,Business,36200.0,12,17.27,3306.25,0.241,7.0,0,Fair,Rent,North,Current,No,Fair (580-669),High (>$95k),0
CUST-3014,Male,51,Bachelor,Employed,Single,3,109500.0,540.0,0,LN-2023-12014,Education,19400.0,36,17.18,693.4,0.08,15.0,0,Poor,Rent,Central,Current,No,Poor (<580),High (>$95k),0
CUST-3015,Female,60,Bachelor,Self-Employed,Single,0,102200.0,803.0,2,LN-2023-12015,Personal,16400.0,24,12.16,773.23,0.152,15.0,0,Excellent,Rent,West,Current,No,Excellent (800+),High (>$95k),0
CUST-3016,Male,35,Master,Unemployed,Divorced,3,20200.0,620.0,4,LN-2023-12016,Personal,28000.0,36,16.26,987.99,0.75,0.0,0,Fair,Own,North,Fully Paid,No,Fair (580-669),Low (<$40k),0
CUST-3017,Male,53,Master,Employed,Single,0,69900.0,595.0,2,LN-2023-12017,Personal,15000.0,60,18.52,385.16,0.15,13.0,0,Fair,Mortgage,West,Fully Paid,No,Fair (580-669),Upper-Middle ($65k-$95k),0
CUST-3018,Female,40,Bachelor,Employed,Married,0,62800.0,632.0,0,LN-2023-12018,Home,110600.0,24,11.78,5194.97,0.75,16.0,0,Fair,Own,South,Defaulted,Yes,Fair (580-669),Lower-Middle ($40k-$65k),1
CUST-3019,Male,62,Master,Employed,Married,0,140600.0,748.0,0,LN-2023-12019,Auto,16000.0,36,12.1,532.19,0.08,5.0,0,Excellent,Rent,North,Fully Paid,No,Very Good (740-799),High (>$95k),0
CUST-3020,Female,32,High School,Self-Employed,Married,0,67700.0,679.0,0,LN-2023-12020,Personal,14900.0,48,15.15,415.81,0.08,4.0,0,Good,Rent,Central,Fully Paid,No,Good (670-739),Upper-Middle ($65k-$95k),0
CUST-3021,Female,57,Master,Employed,Married,1,98600.0,602.0,0,LN-2023-12021,Business,30800.0,48,17.88,902.82,0.11,20.0,0,Fair,Rent,North,Fully Paid,No,Fair (580-669),High (>$95k),0
CUST-3022,Female,29,High School,Employed,Divorced,0,45500.0,704.0,1,LN-2023-12022,Education,38300.0,36,13.49,1299.54,0.376,3.0,0,Good,Rent,West,Fully Paid,No,Good (670-739),Lower-Middle ($40k-$65k),0
CUST-3023,Female,43,High School,Unemployed,Married,0,24500.0,739.0,0,LN-2023-12023,Home,60100.0,48,9.83,1519.39,0.744,0.0,0,Good,Own,Central,Defaulted,Yes,Good (670-739),Low (<$40k),1
CUST-3024,Male,28,Bachelor,Employed,Married,1,72000.0,667.0,3,LN-2023-12024,Auto,25900.0,60,14.09,603.86,0.221,2.0,0,Fair,Rent,East,Current,No,Fair (580-669),Upper-Middle ($65k-$95k),0
CUST-3025,Male,52,Bachelor,Self-Employed,Single,1,73700.0,650.0,3,LN-2023-12025,Auto,13100.0,36,14.18,448.87,0.153,8.0,0,Fair,Rent,Central,Fully Paid,No,Fair (580-669),Upper-Middle ($65k-$95k),0
CUST-3026,Male,34,Master,Employed,Single,2,55700.0,756.0,2,LN-2023-12026,Auto,45000.0,12,11.16,3980.53,0.75,3.0,0,Excellent,Mortgage,North,Current,No,Very Good (740-799),Lower-Middle ($40k-$65k),0
CUST-3027,Female,47,Bachelor,Employed,Single,0,62500.0,654.0,0,LN-2023-12027,Education,27200.0,36,14.42,935.19,0.188,8.0,0,Fair,Mortgage,Central,Fully Paid,No,Fair (580-669),Lower-Middle ($40k-$65k),0
CUST-3028,Female,45,Bachelor,Self-Employed,Married,0,44500.0,806.0,2,LN-2023-12028,Personal,30900.0,48,13.54,837.28,0.322,18.0,0,Excellent,Rent,North,Fully Paid,No,Excellent (800+),Lower-Middle ($40k-$65k),0
CUST-3029,Male,33,Bachelor,Employed,Single,0,61700.0,605.0,0,LN-2023-12029,Auto,11600.0,24,15.77,566.7,0.11,5.0,0,Fair,Mortgage,East,Fully Paid,No,Fair (580-669),Lower-Middle ($40k-$65k),0
CUST-3030,Female,41,Bachelor,Self-Employed,Married,0,75200.0,603.0,0,LN-2023-12030,Personal,8100.0,12,17.44,740.45,0.118,4.0,1,Fair,Mortgage,Central,Current,No,Fair (580-669),Upper-Middle ($65k-$95k),0
CUST-3031,Male,65,Bachelor,Employed,Married,1,21300.0,593.0,1,LN-2023-12031,Home,77300.0,24,14.5,3729.68,0.75,15.0,0,Fair,Rent,East,Defaulted,Yes,Fair (580-669),Low (<$40k),1
CUST-3032,Female,51,Bachelor,Self-Employed,Married,1,65200.0,649.0,1,LN-2023-12032,Auto,33600.0,12,13.5,3008.95,0.583,3.0,0,Fair,Rent,East,Fully Paid,No,Fair (580-669),Upper-Middle ($65k-$95k),0
CUST-3033,Male,57,Master,Employed,Married,0,45900.0,670.0,1,LN-2023-12033,Personal,12600.0,48,14.97,350.48,0.149,28.0,0,Good,Mortgage,North,Current,No,Good (670-739),Lower-Middle ($40k-$65k),0
CUST-3034,Female,63,Master,Employed,Married,0,97400.0,557.0,0,LN-2023-12034,Personal,23600.0,24,17.56,1173.2,0.145,15.0,0,Poor,Rent,Central,Current,No,Poor (<580),High (>$95k),0
CUST-3035,Female,25,PhD,Employed,Single,0,123600.0,678.0,0,LN-2023-12035,Personal,7800.0,48,15.88,220.58,0.08,4.0,0,Good,Mortgage,North,Fully Paid,No,Good (670-739),High (>$95k),0
CUST-3036,Male,33,Bachelor,Employed,Married,4,51900.0,718.0,3,LN-2023-12036,Home,96100.0,24,10.51,4457.18,0.75,4.0,0,Good,Own,Central,Defaulted,Yes,Good (670-739),Lower-Middle ($40k-$65k),1
CUST-3037,Male,48,Bachelor,Employed,Single,0,80500.0,545.0,1,LN-2023-12037,Auto,25100.0,60,16.4,615.73,0.114,19.0,2,Poor,Rent,Central,Defaulted,Yes,Poor (<580),Upper-Middle ($65k-$95k),1
CUST-3038,Male,63,Bachelor,Employed,Married,2,82000.0,625.0,0,LN-2023-12038,Business,55600.0,36,16.38,1965.18,0.288,9.0,0,Fair,Rent,South,Current,No,Fair (580-669),Upper-Middle ($65k-$95k),0
CUST-3039,Male,45,Bachelor,Employed,Married,2,56700.0,718.0,1,LN-2023-12039,Personal,19500.0,12,16.56,1774.42,0.406,2.0,0,Good,Own,West,Current,No,Good (670-739),Lower-Middle ($40k-$65k),0
CUST-3040,Male,55,Bachelor,Employed,Married,0,125400.0,577.0,0,LN-2023-12040,Personal,4700.0,48,19.16,140.93,0.08,1.0,2,Poor,Mortgage,North,Fully Paid,No,Poor (<580),High (>$95k),0
CUST-3041,Female,67,PhD,Employed,Divorced,4,67000.0,643.0,2,LN-2023-12041,Home,123500.0,36,11.35,4063.73,0.75,24.0,0,Fair,Mortgage,West,Fully Paid,No,Fair (580-669),Upper-Middle ($65k-$95k),0
CUST-3042,Female,59,Bachelor,Employed,Single,2,121900.0,762.0,0,LN-2023-12042,Personal,25800.0,36,13.96,881.28,0.087,10.0,0,Excellent,Mortgage,East,Fully Paid,No,Very Good (740-799),High (>$95k),0
CUST-3043,Male,27,PhD,Employed,Divorced,2,83900.0,822.0,1,LN-2023-12043,Personal,15800.0,60,12.75,357.48,0.08,2.0,0,Excellent,Rent,North,Current,No,Excellent (800+),Upper-Middle ($65k-$95k),0
CUST-3044,Male,58,Master,Unemployed,Single,0,18600.0,707.0,2,LN-2023-12044,Auto,30800.0,36,13.23,1041.19,0.75,0.0,0,Good,Mortgage,Central,Current,No,Good (670-739),Low (<$40k),0
CUST-3045,Female,52,Master,Employed,Single,1,66400.0,655.0,2,LN-2023-12045,Education,7100.0,48,13.32,191.6,0.091,22.0,0,Fair,Rent,West,Fully Paid,No,Fair (580-669),Upper-Middle ($65k-$95k),0
CUST-3046,Female,23,Master,Employed,Single,0,47500.0,627.0,0,LN-2023-12046,Education,22900.0,24,13.81,1097.44,0.277,1.0,0,Fair,Rent,North,Fully Paid,No,Fair (580-669),Lower-Middle ($40k-$65k),0
CUST-3047,Male,65,Bachelor,Employed,Single,0,89500.0,747.0,1,LN-2023-12047,Personal,15400.0,48,13.51,417.05,0.08,12.0,0,Excellent,Mortgage,East,Current,No,Very Good (740-799),Upper-Middle ($65k-$95k),0
CUST-3048,Female,59,Bachelor,Self-Employed,Married,2,35100.0,766.0,4,LN-2023-12048,Personal,13900.0,12,15.0,1254.59,0.7,28.0,0,Excellent,Mortgage,South,Fully Paid,No,Very Good (740-799),Low (<$40k),0
CUST-3049,Female,57,Bachelor,Employed,Single,3,117500.0,571.0,2,LN-2023-12049,Home,114300.0,60,13.28,2617.09,0.288,15.0,0,Poor,Mortgage,West,Fully Paid,No,Poor (<580),High (>$95k),0
CUST-3050,Male,42,High School,Employed,Married,0,32200.0,747.0,4,LN-2023-12050,Home,60500.0,24,10.43,2803.79,0.75,15.0,0,Excellent,Rent,East,Current,No,Very Good (740-799),Low (<$40k),0
CUST-3051,Male,28,Bachelor,Employed,Married,2,91600.0,618.0,3,LN-2023-12051,Auto,16700.0,24,15.12,810.68,0.206,2.0,1,Fair,Mortgage,North,Defaulted,Yes,Fair (580-669),Upper-Middle ($65k-$95k),1
CUST-3052,Male,37,Bachelor,Employed,Single,2,63600.0,596.0,2,LN-2023-12052,Home,89300.0,60,13.06,2034.59,0.457,6.0,0,Fair,Mortgage,South,Defaulted,Yes,Fair (580-669),Lower-Middle ($40k-$65k),1
CUST-3053,Male,47,Bachelor,Self-Employed,Married,0,81700.0,656.0,0,LN-2023-12053,Personal,22900.0,24,16.95,1131.68,0.166,4.0,0,Fair,Mortgage,West,Fully Paid,No,Fair (580-669),Upper-Middle ($65k-$95k),0
CUST-3054,Female,53,PhD,Employed,Married,1,71200.0,754.0,2,LN-2023-12054,Personal,3700.0,24,13.35,176.51,0.08,25.0,0,Excellent,Own,West,Fully Paid,No,Very Good (740-799),Upper-Middle ($65k-$95k),0
CUST-3055,Female,66,Master,Employed,Married,1,91200.0,696.0,2,LN-2023-12055,Business,58200.0,36,14.96,2016.38,0.292,35.0,0,Good,Rent,South,Current,No,Good (670-739),Upper-Middle ($65k-$95k),0
CUST-3056,Female,37,High School,Self-Employed,Divorced,2,60000.0,693.0,1,LN-2023-12056,Home,70400.0,60,9.5,1478.53,0.342,14.0,0,Good,Mortgage,East,Fully Paid,No,Good (670-739),Lower-Middle ($40k-$65k),0
CUST-3057,Male,62,Bachelor,Employed,Married,2,32600.0,699.0,2,LN-2023-12057,Education,31700.0,48,13.49,858.16,0.453,14.0,0,Good,Mortgage,East,Fully Paid,No,Good (670-739),Low (<$40k),0
CUST-3058,Male,32,Bachelor,Self-Employed,Married,0,46900.0,709.0,2,LN-2023-12058,Home,84900.0,12,10.15,7469.98,0.75,8.0,0,Good,Rent,North,Fully Paid,No,Good (670-739),Lower-Middle ($40k-$65k),0
CUST-3059,Female,66,Bachelor,Employed,Divorced,1,49300.0,660.0,1,LN-2023-12059,Auto,41700.0,48,15.31,1167.11,0.343,16.0,1,Fair,Mortgage,East,Defaulted,Yes,Fair (580-669),Lower-Middle ($40k-$65k),1
CUST-3060,Female,47,Master,Self-Employed,Married,2,63700.0,723.0,1,LN-2023-12060,Personal,14500.0,36,14.94,502.22,0.131,10.0,0,Good,Rent,South,Fully Paid,No,Good (670-739),Lower-Middle ($40k-$65k),0
CUST-3061,Male,28,Bachelor,Self-Employed,Married,2,127000.0,613.0,0,LN-2023-12061,Auto,41400.0,60,15.39,993.4,0.094,5.0,0,Fair,Mortgage,South,Fully Paid,No,Fair (580-669),High (>$95k),0
CUST-3062,Male,43,Bachelor,Employed,Married,0,63100.0,725.0,3,LN-2023-12062,Education,30400.0,36,13.31,1028.84,0.336,3.0,0,Good,Mortgage,North,Fully Paid,No,Good (670-739),Lower-Middle ($40k-$65k),0
CUST-3063,Female,62,Master,Self-Employed,Married,1,63100.0,742.0,3,LN-2023-12063,Personal,27000.0,36,14.42,928.31,0.316,8.0,0,Excellent,Mortgage,East,Fully Paid,No,Very Good (740-799),Lower-Middle ($40k-$65k),0
CUST-3064,Male,49,Master,Employed,Married,2,62400.0,729.0,1,LN-2023-12064,Personal,26600.0,36,15.46,928.1,0.207,8.0,0,Good,Mortgage,West,Current,No,Good (670-739),Lower-Middle ($40k-$65k),0
CUST-3065,Male,40,High School,Employed,Married,0,39100.0,733.0,0,LN-2023-12065,Home,86300.0,36,10.2,2792.77,0.75,13.0,0,Good,Rent,East,Fully Paid,No,Good (670-739),Low (<$40k),0
CUST-3066,Female,36,Bachelor,Employed,Married,1,55200.0,709.0,0,LN-2023-12066,Auto,24000.0,48,13.03,644.22,0.14,5.0,0,Good,Rent,East,Current,No,Good (670-739),Lower-Middle ($40k-$65k),0
CUST-3067,Male,37,Bachelor,Employed,Single,2,38800.0,769.0,0,LN-2023-12067,Auto,39100.0,12,13.03,3492.86,0.75,5.0,0,Excellent,Rent,West,Current,No,Very Good (740-799),Low (<$40k),0
CUST-3068,Male,36,Bachelor,Self-Employed,Single,0,50100.0,476.0,0,LN-2023-12068,Auto,23700.0,24,17.96,1182.74,0.283,13.0,0,Poor,Mortgage,North,Defaulted,Yes,Poor (<580),Lower-Middle ($40k-$65k),1
CUST-3069,Male,39,High School,Employed,Single,2,69300.0,742.0,1,LN-2023-12069,Auto,13400.0,24,11.61,628.35,0.134,6.0,0,Excellent,Mortgage,North,Current,No,Very Good (740-799),Upper-Middle ($65k-$95k),0
CUST-3070,Male,28,Bachelor,Unemployed,Married,0,23900.0,837.0,0,LN-2023-12070,Home,118000.0,36,7.39,3664.58,0.75,0.0,1,Good,Mortgage,Central,Defaulted,Yes,Excellent (800+),Low (<$40k),1
CUST-3071,Female,58,Bachelor,Employed,Married,0,58700.0,617.0,0,LN-2023-12071,Auto,25100.0,24,14.67,1213.08,0.248,8.0,0,Fair,Own,Central,Fully Paid,No,Fair (580-669),Lower-Middle ($40k-$65k),0
CUST-3072,Male,58,Bachelor,Employed,Single,0,62900.0,607.0,2,LN-2023-12072,Personal,6800.0,24,17.53,337.94,0.11,20.0,0,Fair,Rent,East,Fully Paid,No,Fair (580-669),Lower-Middle ($40k-$65k),0
CUST-3073,Male,49,Bachelor,Employed,Married,0,61600.0,779.0,4,LN-2023-12073,Personal,21700.0,60,13.7,501.55,0.256,19.0,0,Excellent,Own,North,Current,No,Very Good (740-799),Lower-Middle ($40k-$65k),0
CUST-3074,Female,61,Master,Employed,Single,0,70800.0,591.0,0,LN-2023-12074,Home,120600.0,12,12.19,10725.89,0.75,2.0,0,Fair,Rent,West,Defaulted,Yes,Fair (580-669),Upper-Middle ($65k-$95k),1
CUST-3075,Female,56,High School,Self-Employed,Married,2,71300.0,613.0,1,LN-2023-12075,Auto,42700.0,60,13.23,976.59,0.193,19.0,0,Fair,Rent,North,Fully Paid,No,Fair (580-669),Upper-Middle ($65k-$95k),0
CUST-3076,Female,46,High School,Self-Employed,Single,0,68900.0,684.0,5,LN-2023-12076,Education,24900.0,60,13.07,567.44,0.296,1.0,0,Good,Rent,Central,Current,No,Good (670-739),Upper-Middle ($65k-$95k),0
CUST-3077,Male,51,Master,Self-Employed,Married,3,44100.0,602.0,3,LN-2023-12077,Auto,13300.0,48,15.1,370.82,0.202,14.0,0,Fair,Mortgage,South,Current,No,Fair (580-669),Lower-Middle ($40k-$65k),0
CUST-3078,Male,64,High School,Self-Employed,Married,1,53200.0,744.0,1,LN-2023-12078,Home,104200.0,12,9.98,9159.87,0.75,9.0,0,Excellent,Mortgage,North,Defaulted,Yes,Very Good (740-799),Lower-Middle ($40k-$65k),1
CUST-3079,Female,32,Master,Employed,Single,1,39500.0,602.0,1,LN-2023-12079,Personal,20700.0,24,17.87,1032.13,0.345,3.0,2,Fair,Own,West,Fully Paid,No,Fair (580-669),Low (<$40k),0
CUST-3080,Female,37,Bachelor,Employed,Single,1,83700.0,700.0,0,LN-2023-12080,Home,62900.0,60,11.15,1372.31,0.197,7.0,0,Good,Mortgage,East,Current,No,Good (670-739),Upper-Middle ($65k-$95k),0
CUST-3081,Male,35,Bachelor,Employed,Married,2,88800.0,694.0,0,LN-2023-12081,Personal,29100.0,60,15.18,695.04,0.094,11.0,0,Good,Rent,South,Fully Paid,No,Good (670-739),Upper-Middle ($65k-$95k),0
CUST-3082,Male,29,High School,Employed,Divorced,1,37300.0,811.0,1,LN-2023-12082,Auto,13300.0,60,9.74,280.89,0.161,5.0,0,Excellent,Rent,South,Current,No,Excellent (800+),Low (<$40k),0
CUST-3083,Male,59,High School,Employed,Married,0,46600.0,769.0,1,LN-2023-12083,Personal,13800.0,60,14.25,322.89,0.133,31.0,2,Fair,Own,Central,Fully Paid,No,Very Good (740-799),Lower-Middle ($40k-$65k),0
CUST-3084,Female,62,High School,Employed,Married,3,19000.0,624.0,2,LN-2023-12084,Personal,5700.0,12,17.23,520.49,0.682,23.0,0,Fair,Rent,North,Defaulted,Yes,Fair (580-669),Low (<$40k),1
CUST-3085,Female,32,High School,Employed,Single,1,76100.0,562.0,0,LN-2023-12085,Auto,44700.0,36,15.17,1553.26,0.245,0.0,0,Poor,Mortgage,North,Current,No,Poor (<580),Upper-Middle ($65k-$95k),0
CUST-3086,Male,52,Bachelor,Employed,Single,0,86500.0,741.0,2,LN-2023-12086,Personal,4000.0,48,14.94,111.2,0.08,7.0,0,Excellent,Rent,West,Fully Paid,No,Very Good (740-799),Upper-Middle ($65k-$95k),0
CUST-3087,Male,45,High School,Self-Employed,Divorced,1,94700.0,614.0,1,LN-2023-12087,Auto,26200.0,24,15.46,1276.08,0.186,19.0,0,Fair,Rent,East,Fully Paid,No,Fair (580-669),Upper-Middle ($65k-$95k),0
CUST-3088,Female,59,Bachelor,Employed,Married,1,122700.0,641.0,1,LN-2023-12088,Auto,42700.0,36,14.75,1474.99,0.16,21.0,0,Fair,Rent,Central,Fully Paid,No,Fair (580-669),High (>$95k),0
CUST-3089,Female,38,Bachelor,Employed,Married,0,36200.0,579.0,2,LN-2023-12089,Education,14500.0,24,16.74,715.1,0.39,15.0,0,Poor,Rent,South,Fully Paid,No,Poor (<580),Low (<$40k),0
CUST-3090,Male,35,Bachelor,Employed,Single,2,93800.0,727.0,2,LN-2023-12090,Personal,6000.0,12,14.28,539.51,0.114,2.0,0,Good,Rent,East,Fully Paid,No,Good (670-739),Upper-Middle ($65k-$95k),0
CUST-3091,Female,52,High School,Self-Employed,Married,1,109900.0,615.0,0,LN-2023-12091,Personal,6700.0,12,17.87,613.84,0.08,8.0,0,Fair,Rent,North,Current,No,Fair (580-669),High (>$95k),0
CUST-3092,Female,26,High School,Unemployed,Married,1,18000.0,667.0,1,LN-2023-12092,Education,19800.0,12,14.02,1777.97,0.75,0.0,0,Fair,Own,Central,Fully Paid,No,Fair (580-669),Low (<$40k),0
CUST-3093,Male,64,High School,Employed,Married,1,45500.0,668.0,0,LN-2023-12093,Personal,15400.0,36,17.54,553.2,0.146,13.0,0,Fair,Rent,North,Current,No,Fair (580-669),Lower-Middle ($40k-$65k),0
CUST-3094,Male,63,Master,Employed,Married,3,66100.0,685.0,1,LN-2023-12094,Education,30400.0,36,14.36,1044.32,0.217,12.0,0,Good,Mortgage,North,Current,No,Good (670-739),Upper-Middle ($65k-$95k),0
CUST-3095,Male,55,Bachelor,Unemployed,Married,0,32300.0,726.0,0,LN-2023-12095,Personal,9900.0,24,15.13,480.63,0.179,0.0,0,Good,Mortgage,East,Current,No,Good (670-739),Low (<$40k),0
CUST-3096,Female,54,Master,Employed,Married,1,26500.0,649.0,1,LN-2023-12096,Auto,36700.0,48,15.22,1025.49,0.517,7.0,0,Fair,Rent,West,Defaulted,Yes,Fair (580-669),Low (<$40k),1
CUST-3097,Female,58,Bachelor,Self-Employed,Single,0,163700.0,606.0,0,LN-2023-12097,Personal,32000.0,60,17.11,797.18,0.08,14.0,1,Fair,Rent,North,Defaulted,Yes,Fair (580-669),High (>$95k),1
CUST-3098,Female,25,Bachelor,Self-Employed,Single,2,68700.0,511.0,1,LN-2023-12098,Home,118500.0,24,15.44,5770.47,0.75,2.0,0,Poor,Mortgage,North,Defaulted,Yes,Poor (<580),Upper-Middle ($65k-$95k),1
CUST-3099,Female,38,Bachelor,Employed,Married,0,94900.0,678.0,2,LN-2023-12099,Education,27600.0,12,15.45,2496.99,0.382,5.0,0,Good,Rent,South,Fully Paid,No,Good (670-739),Upper-Middle ($65k-$95k),0
CUST-3100,Male,36,Bachelor,Employed,Married,0,61200.0,656.0,1,LN-2023-12100,Auto,45700.0,24,14.44,2203.7,0.471,1.0,0,Fair,Mortgage,West,Defaulted,Yes,Fair (580-669),Lower-Middle ($40k-$65k),1
CUST-3101,Female,28,Bachelor,Employed,Married,2,78500.0,609.0,1,LN-2023-12101,Auto,47700.0,48,15.01,1327.77,0.222,4.0,1,Fair,Mortgage,West,Fully Paid,No,Fair (580-669),Upper-Middle ($65k-$95k),0
CUST-3102,Female,45,High School,Employed,Married,1,18000.0,675.0,2,LN-2023-12102,Personal,19500.0,36,15.76,683.25,0.75,10.0,1,Good,Mortgage,South,Defaulted,Yes,Good (670-739),Low (<$40k),1
CUST-3103,Male,52,Bachelor,Self-Employed,Single,0,60800.0,742.0,2,LN-2023-12103,Business,39200.0,36,13.6,1332.16,0.356,15.0,0,Excellent,Mortgage,South,Current,No,Very Good (740-799),Lower-Middle ($40k-$65k),0
CUST-3104,Female,46,Bachelor,Self-Employed,Divorced,1,105900.0,764.0,0,LN-2023-12104,Auto,44800.0,24,11.29,2094.07,0.237,10.0,0,Excellent,Rent,Central,Fully Paid,No,Very Good (740-799),High (>$95k),0
CUST-3105,Female,42,Bachelor,Self-Employed,Single,2,82300.0,539.0,1,LN-2023-12105,Personal,27500.0,36,18.37,999.3,0.168,16.0,0,Poor,Mortgage,East,Current,No,Poor (<580),Upper-Middle ($65k-$95k),0
CUST-3106,Male,51,Bachelor,Employed,Single,0,30100.0,639.0,2,LN-2023-12106,Personal,5500.0,60,16.58,135.45,0.141,14.0,0,Fair,Rent,North,Defaulted,Yes,Fair (580-669),Low (<$40k),1
CUST-3107,Female,63,Bachelor,Employed,Married,0,64600.0,751.0,4,LN-2023-12107,Personal,30200.0,36,14.2,1035.1,0.292,33.0,0,Excellent,Rent,North,Current,No,Very Good (740-799),Lower-Middle ($40k-$65k),0
CUST-3108,Female,30,Bachelor,Employed,Married,3,43500.0,805.0,0,LN-2023-12108,Personal,13600.0,36,13.78,463.36,0.128,4.0,0,Excellent,Rent,North,Current,No,Excellent (800+),Lower-Middle ($40k-$65k),0
CUST-3109,Male,32,Bachelor,Employed,Divorced,1,41800.0,600.0,2,LN-2023-12109,Business,42500.0,12,17.11,3878.42,0.75,3.0,0,Fair,Rent,South,Defaulted,Yes,Fair (580-669),Lower-Middle ($40k-$65k),1
CUST-3110,Female,48,Master,Employed,Divorced,0,39300.0,787.0,3,LN-2023-12110,Home,74200.0,12,8.57,6474.11,0.75,8.0,0,Excellent,Mortgage,West,Defaulted,Yes,Very Good (740-799),Low (<$40k),1
CUST-3111,Male,26,Bachelor,Employed,Married,2,83100.0,555.0,1,LN-2023-12111,Personal,12300.0,36,19.21,452.18,0.085,2.0,0,Poor,Mortgage,South,Fully Paid,No,Poor (<580),Upper-Middle ($65k-$95k),0
CUST-3112,Male,40,Bachelor,Employed,Married,1,103700.0,767.0,1,LN-2023-12112,Home,88900.0,36,9.91,2864.8,0.351,9.0,0,Excellent,Rent,Central,Fully Paid,No,Very Good (740-799),High (>$95k),0
CUST-3113,Male,25,Bachelor,Unemployed,Single,0,57100.0,646.0,2,LN-2023-12113,Home,94300.0,36,11.92,3128.51,0.714,0.0,0,Fair,Rent,South,Defaulted,Yes,Fair (580-669),Lower-Middle ($40k-$65k),1
CUST-3114,Female,43,Master,Employed,Married,0,40100.0,802.0,0,LN-2023-12114,Personal,15300.0,24,13.58,731.57,0.219,13.0,0,Excellent,Rent,North,Fully Paid,No,Excellent (800+),Lower-Middle ($40k-$65k),0
CUST-3115,Female,29,Bachelor,Self-Employed,Single,0,102100.0,630.0,1,LN-2023-12115,Personal,15000.0,48,16.76,430.97,0.08,2.0,0,Fair,Rent,North,Current,No,Fair (580-669),High (>$95k),0
CUST-3116,Male,49,Bachelor,Employed,Single,2,91500.0,643.0,0,LN-2023-12116,Personal,24400.0,24,16.5,1200.54,0.157,16.0,0,Fair,Mortgage,East,Current,No,Fair (580-669),Upper-Middle ($65k-$95k),0
CUST-3117,Male,36,Master,Employed,Married,0,59900.0,658.0,0,LN-2023-12117,Auto,10100.0,36,14.91,349.67,0.08,10.0,0,Fair,Mortgage,Central,Current,No,Fair (580-669),Lower-Middle ($40k-$65k),0
CUST-3118,Female,66,Bachelor,Self-Employed,Divorced,0,47800.0,539.0,0,LN-2023-12118,Home,125500.0,60,14.35,2942.99,0.739,26.0,0,Poor,Mortgage,Central,Defaulted,Yes,Poor (<580),Lower-Middle ($40k-$65k),1
CUST-3119,Male,42,High School,Self-Employed,Divorced,3,34600.0,520.0,2,LN-2023-12119,Business,70000.0,36,18.88,2561.68,0.75,9.0,0,Poor,Rent,North,Defaulted,Yes,Poor (<580),Low (<$40k),1
CUST-3120,Female,28,Master,Employed,Divorced,0,61400.0,713.0,4,LN-2023-12120,Home,105100.0,24,10.63,4880.45,0.75,6.0,0,Good,Rent,West,Current,No,Good (670-739),Lower-Middle ($40k-$65k),0
CUST-3121,Female,40,High School,Employed,Married,1,53800.0,754.0,1,LN-2023-12121,Home,80900.0,48,8.34,1987.94,0.476,7.0,0,Excellent,Mortgage,West,Fully Paid,No,Very Good (740-799),Lower-Middle ($40k-$65k),0
CUST-3122,Male,34,Master,Employed,Married,0,143500.0,721.0,0,LN-2023-12122,Business,87600.0,36,14.62,3020.41,0.253,1.0,0,Good,Mortgage,North,Current,No,Good (670-739),High (>$95k),0
CUST-3123,Female,59,Master,Employed,Single,1,128000.0,563.0,2,LN-2023-12123,Home,45000.0,60,14.09,1049.17,0.122,27.0,1,Poor,Mortgage,South,Current,No,Poor (<580),High (>$95k),0
CUST-3124,Male,57,PhD,Self-Employed,Married,0,51600.0,710.0,1,LN-2023-12124,Home,51500.0,48,12.07,1357.96,0.342,7.0,0,Good,Own,North,Current,No,Good (670-739),Lower-Middle ($40k-$65k),0
CUST-3125,Female,54,High School,Employed,Married,0,34400.0,585.0,2,LN-2023-12125,Home,113300.0,36,13.49,3844.32,0.75,20.0,0,Fair,Mortgage,North,Defaulted,Yes,Fair (580-669),Low (<$40k),1
CUST-3126,Female,31,Bachelor,Employed,Married,1,112800.0,704.0,2,LN-2023-12126,Auto,38100.0,36,13.12,1285.94,0.171,2.0,0,Good,Mortgage,South,Fully Paid,No,Good (670-739),High (>$95k),0
CUST-3127,Female,60,Bachelor,Self-Employed,Single,2,52000.0,766.0,3,LN-2023-12127,Home,68100.0,24,9.69,3132.73,0.75,1.0,0,Excellent,Mortgage,East,Current,No,Very Good (740-799),Lower-Middle ($40k-$65k),0
CUST-3128,Male,53,Bachelor,Employed,Married,2,61300.0,701.0,0,LN-2023-12128,Auto,32600.0,36,14.47,1121.65,0.22,4.0,0,Good,Mortgage,North,Current,No,Good (670-739),Lower-Middle ($40k-$65k),0
CUST-3129,Female,51,High School,Employed,Married,1,22800.0,794.0,0,LN-2023-12129,Home,90200.0,36,9.53,2890.64,0.75,10.0,0,Excellent,Mortgage,Central,Defaulted,Yes,Very Good (740-799),Low (<$40k),1
CUST-3130,Male,64,Bachelor,Employed,Married,1,105600.0,657.0,1,LN-2023-12130,Home,89800.0,36,10.83,2932.71,0.36,4.0,0,Fair,Rent,East,Defaulted,Yes,Fair (580-669),High (>$95k),1
CUST-3131,Male,54,Bachelor,Employed,Single,1,26600.0,651.0,1,LN-2023-12131,Education,26200.0,36,15.34,912.6,0.471,6.0,0,Fair,Own,West,Fully Paid,No,Fair (580-669),Low (<$40k),0
CUST-3132,Male,27,High School,Employed,Single,1,23400.0,675.0,3,LN-2023-12132,Home,129500.0,48,10.79,3333.8,0.75,4.0,0,Good,Own,East,Defaulted,Yes,Good (670-739),Low (<$40k),1
CUST-3133,Female,43,Bachelor,Employed,Married,2,100900.0,555.0,3,LN-2023-12133,Personal,31600.0,12,18.13,2899.04,0.413,15.0,0,Poor,Rent,East,Current,No,Poor (<580),High (>$95k),0
CUST-3134,Male,66,Master,Employed,Divorced,1,184700.0,635.0,3,LN-2023-12134,Auto,47300.0,12,13.42,4234.03,0.321,32.0,0,Fair,Mortgage,South,Current,No,Fair (580-669),High (>$95k),0
CUST-3135,Female,27,Master,Self-Employed,Married,1,78500.0,643.0,0,LN-2023-12135,Business,58400.0,24,17.73,2907.95,0.445,5.0,0,Fair,Mortgage,Central,Current,No,Fair (580-669),Upper-Middle ($65k-$95k),0
CUST-3136,Female,45,Master,Self-Employed,Single,0,87600.0,645.0,2,LN-2023-12136,Auto,22100.0,48,14.94,614.39,0.156,9.0,0,Fair,Rent,South,Fully Paid,No,Fair (580-669),Upper-Middle ($65k-$95k),0
CUST-3137,Male,23,Bachelor,Employed,Single,0,94600.0,692.0,1,LN-2023-12137,Home,92600.0,12,11.94,8224.8,0.75,2.0,0,Good,Rent,Central,Fully Paid,No,Good (670-739),Upper-Middle ($65k-$95k),0
CUST-3138,Female,58,PhD,Employed,Single,0,105700.0,544.0,3,LN-2023-12138,Business,63600.0,24,19.36,3217.12,0.446,17.0,0,Poor,Mortgage,North,Current,No,Poor (<580),High (>$95k),0
CUST-3139,Male,40,Master,Employed,Married,3,65800.0,572.0,0,LN-2023-12139,Home,71500.0,24,14.2,3439.68,0.627,8.0,0,Poor,Rent,North,Fully Paid,No,Poor (<580),Upper-Middle ($65k-$95k),0
CUST-3140,Female,54,Bachelor,Employed,Divorced,2,50500.0,766.0,0,LN-2023-12140,Business,64300.0,36,13.52,2182.66,0.519,20.0,0,Excellent,Own,West,Current,No,Very Good (740-799),Lower-Middle ($40k-$65k),0
CUST-3141,Female,64,High School,Self-Employed,Divorced,1,27900.0,499.0,3,LN-2023-12141,Personal,21000.0,36,19.97,780.11,0.471,8.0,1,Poor,Own,East,Fully Paid,No,Poor (<580),Low (<$40k),0
CUST-3142,Female,64,Bachelor,Employed,Single,0,69800.0,722.0,2,LN-2023-12142,Business,83200.0,24,14.35,4008.44,0.75,29.0,0,Good,Mortgage,West,Fully Paid,No,Good (670-739),Upper-Middle ($65k-$95k),0
CUST-3143,Female,50,Bachelor,Employed,Married,0,60300.0,638.0,3,LN-2023-12143,Personal,9900.0,36,16.17,348.89,0.174,11.0,0,Fair,Own,East,Fully Paid,No,Fair (580-669),Lower-Middle ($40k-$65k),0
CUST-3144,Male,37,Bachelor,Employed,Married,3,51600.0,683.0,0,LN-2023-12144,Auto,36500.0,48,12.83,976.13,0.227,2.0,0,Good,Mortgage,East,Fully Paid,No,Good (670-739),Lower-Middle ($40k-$65k),0
CUST-3145,Male,30,Bachelor,Employed,Single,3,40100.0,668.0,3,LN-2023-12145,Auto,27100.0,48,12.3,717.65,0.376,1.0,0,Excellent,Rent,North,Fully Paid,No,Fair (580-669),Lower-Middle ($40k-$65k),0
CUST-3146,Female,55,Master,Employed,Married,0,51900.0,658.0,2,LN-2023-12146,Auto,14900.0,24,13.56,712.3,0.26,5.0,0,Fair,Rent,West,Fully Paid,No,Fair (580-669),Lower-Middle ($40k-$65k),0
CUST-3147,Male,40,Bachelor,Self-Employed,Single,2,95500.0,723.0,2,LN-2023-12147,Education,16800.0,48,13.59,455.64,0.121,15.0,0,Good,Own,East,Fully Paid,No,Good (670-739),High (>$95k),0
CUST-3148,Male,38,High School,Self-Employed,Married,1,84000.0,674.0,1,LN-2023-12148,Home,49900.0,12,12.93,4455.29,0.654,15.0,0,Good,Mortgage,North,Fully Paid,No,Good (670-739),Upper-Middle ($65k-$95k),0
CUST-3149,Male,65,Master,Self-Employed,Single,0,77300.0,660.0,2,LN-2023-12149,Personal,12300.0,48,16.83,353.84,0.1,13.0,0,Fair,Rent,North,Current,No,Fair (580-669),Upper-Middle ($65k-$95k),0
CUST-3150,Female,64,Bachelor,Unemployed,Married,2,18100.0,650.0,1,LN-2023-12150,Home,50900.0,36,11.45,1677.27,0.75,0.0,0,Fair,Mortgage,West,Defaulted,Yes,Fair (580-669),Low (<$40k),1
CUST-3151,Male,47,PhD,Self-Employed,Married,1,72700.0,729.0,0,LN-2023-12151,Auto,45200.0,36,11.75,1495.9,0.247,7.0,0,Good,Rent,North,Current,No,Good (670-739),Upper-Middle ($65k-$95k),0
CUST-3152,Male,56,High School,Employed,Married,2,74800.0,607.0,1,LN-2023-12152,Auto,13900.0,24,15.03,674.16,0.15,7.0,0,Fair,Rent,Central,Fully Paid,No,Fair (580-669),Upper-Middle ($65k-$95k),0
CUST-3153,Female,43,PhD,Employed,Married,0,94100.0,573.0,2,LN-2023-12153,Personal,26700.0,48,19.77,809.22,0.154,16.0,1,Poor,Rent,West,Fully Paid,No,Poor (<580),Upper-Middle ($65k-$95k),0
CUST-3154,Female,52,High School,Self-Employed,Single,0,66600.0,676.0,0,LN-2023-12154,Personal,29300.0,12,16.92,2671.19,0.481,6.0,0,Good,Rent,South,Fully Paid,No,Good (670-739),Upper-Middle ($65k-$95k),0
CUST-3155,Male,30,High School,Employed,Single,0,57700.0,686.0,0,LN-2023-12155,Home,84800.0,60,11.58,1868.38,0.389,7.0,0,Good,Mortgage,Central,Defaulted,Yes,Good (670-739),Lower-Middle ($40k-$65k),1
CUST-3156,Male,31,High School,Employed,Single,0,42700.0,514.0,2,LN-2023-12156,Auto,12000.0,48,16.85,345.33,0.23,6.0,1,Poor,Mortgage,Central,Fully Paid,No,Poor (<580),Lower-Middle ($40k-$65k),0
CUST-3157,Male,58,Bachelor,Employed,Single,1,37200.0,669.0,0,LN-2023-12157,Education,26300.0,48,14.35,723.31,0.233,29.0,0,Fair,Mortgage,West,Current,No,Fair (580-669),Low (<$40k),0
CUST-3158,Male,26,Master,Employed,Single,0,49700.0,565.0,0,LN-2023-12158,Personal,9800.0,48,18.5,290.44,0.08,3.0,0,Poor,Rent,South,Current,No,Poor (<580),Lower-Middle ($40k-$65k),0
CUST-3159,Male,61,Bachelor,Employed,Married,1,104400.0,723.0,3,LN-2023-12159,Business,32400.0,12,14.82,2921.62,0.385,24.0,0,Good,Mortgage,East,Fully Paid,No,Good (670-739),High (>$95k),0
CUST-3160,Female,67,Master,Employed,Married,0,56200.0,516.0,0,LN-2023-12160,Business,59700.0,60,18.64,1536.85,0.328,24.0,0,Poor,Own,South,Defaulted,Yes,Poor (<580),Lower-Middle ($40k-$65k),1
CUST-3161,Female,54,Bachelor,Employed,Married,2,52300.0,833.0,1,LN-2023-12161,Personal,13300.0,48,11.85,349.26,0.13,24.0,0,Excellent,Rent,East,Fully Paid,No,Excellent (800+),Lower-Middle ($40k-$65k),0
CUST-3162,Female,56,Bachelor,Self-Employed,Single,1,43400.0,641.0,1,LN-2023-12162,Home,107100.0,36,12.43,3579.29,0.75,25.0,0,Fair,Rent,South,Defaulted,Yes,Fair (580-669),Lower-Middle ($40k-$65k),1
CUST-3163,Male,57,Master,Employed,Married,1,45000.0,596.0,1,LN-2023-12163,Auto,32500.0,48,14.38,894.32,0.287,18.0,0,Fair,Mortgage,North,Current,No,Fair (580-669),Lower-Middle ($40k-$65k),0
CUST-3164,Female,37,Bachelor,Self-Employed,Married,0,51100.0,645.0,1,LN-2023-12164,Auto,41500.0,48,13.67,1127.19,0.327,9.0,0,Fair,Mortgage,North,Fully Paid,No,Fair (580-669),Lower-Middle ($40k-$65k),0
CUST-3165,Male,60,Bachelor,Employed,Single,0,134400.0,717.0,3,LN-2023-12165,Auto,12200.0,48,12.55,324.58,0.086,31.0,0,Good,Mortgage,West,Fully Paid,No,Good (670-739),High (>$95k),0
CUST-3166,Female,60,Master,Employed,Divorced,0,104700.0,745.0,2,LN-2023-12166,Home,65000.0,24,10.14,3003.62,0.384,31.0,0,Excellent,Own,Central,Fully Paid,No,Very Good (740-799),High (>$95k),0
CUST-3167,Female,32,Master,Employed,Single,0,61400.0,646.0,1,LN-2023-12167,Personal,19400.0,36,17.37,695.24,0.161,6.0,0,Fair,Rent,North,Current,No,Fair (580-669),Lower-Middle ($40k-$65k),0
CUST-3168,Male,41,PhD,Employed,Single,0,151100.0,547.0,1,LN-2023-12168,Personal,28500.0,48,17.89,835.55,0.085,0.0,1,Poor,Mortgage,East,Defaulted,Yes,Poor (<580),High (>$95k),1
CUST-3169,Female,60,Master,Employed,Single,0,72700.0,566.0,1,LN-2023-12169,Personal,26600.0,48,17.47,774.03,0.152,3.0,0,Poor,Mortgage,South,Fully Paid,No,Poor (<580),Upper-Middle ($65k-$95k),0
CUST-3170,Male,39,High School,Self-Employed,Married,1,103900.0,694.0,0,LN-2023-12170,Auto,35800.0,36,13.95,1222.69,0.141,13.0,0,Good,Rent,East,Fully Paid,No,Good (670-739),High (>$95k),0
CUST-3171,Female,23,Master,Self-Employed,Single,4,220000.0,753.0,3,LN-2023-12171,Personal,19600.0,36,15.41,683.38,0.08,0.0,0,Excellent,Rent,North,Current,No,Very Good (740-799),High (>$95k),0
CUST-3172,Male,38,Bachelor,Unemployed,Single,0,34900.0,764.0,0,LN-2023-12172,Education,27500.0,60,11.26,601.49,0.207,0.0,0,Excellent,Own,West,Current,No,Very Good (740-799),Low (<$40k),0
CUST-3173,Male,39,PhD,Employed,Married,2,96800.0,684.0,2,LN-2023-12173,Home,63200.0,36,10.66,2058.93,0.291,3.0,0,Good,Mortgage,East,Fully Paid,No,Good (670-739),High (>$95k),0
CUST-3174,Female,67,Bachelor,Employed,Married,0,86100.0,752.0,2,LN-2023-12174,Home,95600.0,48,10.14,2431.1,0.402,9.0,0,Excellent,Rent,South,Defaulted,Yes,Very Good (740-799),Upper-Middle ($65k-$95k),1
CUST-3175,Male,26,Bachelor,Employed,Married,1,63300.0,832.0,3,LN-2023-12175,Education,22800.0,36,10.53,741.38,0.255,3.0,1,Good,Own,West,Current,No,Excellent (800+),Lower-Middle ($40k-$65k),0
CUST-3176,Female,36,Bachelor,Employed,Married,1,27500.0,771.0,0,LN-2023-12176,Personal,14100.0,24,13.88,676.18,0.295,8.0,0,Excellent,Rent,East,Fully Paid,No,Very Good (740-799),Low (<$40k),0
CUST-3177,Male,28,Bachelor,Employed,Divorced,3,46800.0,748.0,1,LN-2023-12177,Personal,28700.0,36,13.8,978.11,0.279,2.0,0,Excellent,Mortgage,South,Fully Paid,No,Very Good (740-799),Lower-Middle ($40k-$65k),0
CUST-3178,Female,38,High School,Employed,Married,0,32000.0,601.0,0,LN-2023-12178,Business,78100.0,48,17.88,2289.29,0.75,3.0,0,Fair,Mortgage,East,Defaulted,Yes,Fair (580-669),Low (<$40k),1
CUST-3179,Female,63,Master,Employed,Married,0,57400.0,751.0,2,LN-2023-12179,Auto,12900.0,60,11.61,284.42,0.128,28.0,0,Excellent,Rent,Central,Fully Paid,No,Very Good (740-799),Lower-Middle ($40k-$65k),0
CUST-3180,Male,59,Master,Employed,Single,0,174500.0,709.0,1,LN-2023-12180,Personal,31600.0,24,15.01,1532.33,0.122,31.0,0,Good,Rent,North,Current,No,Good (670-739),High (>$95k),0
CUST-3181,Male,32,High School,Employed,Married,0,81400.0,725.0,0,LN-2023-12181,Personal,9700.0,60,14.06,226.0,0.08,1.0,0,Good,Mortgage,Central,Fully Paid,No,Good (670-739),Upper-Middle ($65k-$95k),0
CUST-3182,Male,65,Master,Employed,Single,3,94900.0,777.0,2,LN-2023-12182,Education,13300.0,36,12.26,443.4,0.124,5.0,0,Excellent,Rent,North,Current,No,Very Good (740-799),Upper-Middle ($65k-$95k),0
CUST-3183,Male,30,Bachelor,Employed,Single,2,90600.0,700.0,1,LN-2023-12183,Auto,45900.0,12,12.65,4092.13,0.573,5.0,0,Good,Mortgage,North,Current,No,Good (670-739),Upper-Middle ($65k-$95k),0
CUST-3184,Male,27,Bachelor,Self-Employed,Married,2,30900.0,661.0,0,LN-2023-12184,Personal,15900.0,48,16.23,452.49,0.176,4.0,0,Fair,Mortgage,Central,Fully Paid,No,Fair (580-669),Low (<$40k),0
CUST-3185,Female,66,Bachelor,Employed,Single,1,87200.0,579.0,1,LN-2023-12185,Education,33400.0,36,16.89,1188.97,0.182,31.0,0,Poor,Rent,West,Current,No,Poor (<580),Upper-Middle ($65k-$95k),0
CUST-3186,Female,21,Master,Employed,Married,3,118800.0,644.0,0,LN-2023-12186,Home,69500.0,60,11.4,1525.0,0.154,0.0,0,Fair,Mortgage,South,Current,No,Fair (580-669),High (>$95k),0
CUST-3187,Female,56,Bachelor,Employed,Married,1,22900.0,688.0,4,LN-2023-12187,Business,81100.0,24,15.4,3947.7,0.75,27.0,0,Good,Mortgage,South,Current,No,Good (670-739),Low (<$40k),0
CUST-3188,Female,41,Bachelor,Employed,Married,0,88700.0,693.0,1,LN-2023-12188,Personal,27100.0,48,14.46,746.82,0.125,4.0,0,Good,Rent,South,Current,No,Good (670-739),Upper-Middle ($65k-$95k),0
CUST-3189,Female,57,Bachelor,Self-Employed,Married,2,38100.0,690.0,1,LN-2023-12189,Home,89200.0,24,10.75,4147.07,0.75,3.0,0,Good,Mortgage,North,Defaulted,Yes,Good (670-739),Low (<$40k),1
CUST-3190,Female,44,High School,Self-Employed,Divorced,0,23300.0,751.0,4,LN-2023-12190,Personal,23400.0,24,15.18,1136.59,0.75,12.0,0,Excellent,Rent,North,Fully Paid,No,Very Good (740-799),Low (<$40k),0
CUST-3191,Male,45,Bachelor,Employed,Divorced,0,114200.0,743.0,1,LN-2023-12191,Home,126900.0,12,8.88,11090.53,0.75,17.0,0,Excellent,Rent,North,Fully Paid,No,Very Good (740-799),High (>$95k),0
CUST-3192,Female,27,High School,Employed,Single,0,31200.0,664.0,1,LN-2023-12192,Personal,16100.0,36,16.36,568.89,0.292,3.0,0,Fair,Mortgage,East,Fully Paid,No,Fair (580-669),Low (<$40k),0
CUST-3193,Female,62,High School,Unemployed,Married,1,18000.0,597.0,0,LN-2023-12193,Home,87000.0,36,14.29,2985.72,0.75,0.0,0,Fair,Own,East,Fully Paid,No,Fair (580-669),Low (<$40k),0
CUST-3194,Female,37,Bachelor,Employed,Divorced,1,98100.0,702.0,3,LN-2023-12194,Personal,24000.0,12,15.74,2174.59,0.332,13.0,0,Good,Mortgage,West,Fully Paid,No,Good (670-739),High (>$95k),0
CUST-3195,Male,49,Master,Self-Employed,Single,0,78000.0,850.0,2,LN-2023-12195,Personal,14200.0,24,11.69,666.39,0.15,19.0,0,Excellent,Rent,North,Current,No,Excellent (800+),Upper-Middle ($65k-$95k),0
CUST-3196,Male,50,Bachelor,Employed,Married,2,58000.0,697.0,0,LN-2023-12196,Business,87300.0,36,14.49,3004.53,0.622,18.0,0,Good,Mortgage,East,Fully Paid,No,Good (670-739),Lower-Middle ($40k-$65k),0
CUST-3197,Male,27,High School,Employed,Single,2,44800.0,644.0,1,LN-2023-12197,Personal,4200.0,48,15.28,117.49,0.083,0.0,0,Fair,Mortgage,Central,Current,No,Fair (580-669),Lower-Middle ($40k-$65k),0
CUST-3198,Female,53,Bachelor,Self-Employed,Married,3,84500.0,715.0,3,LN-2023-12198,Home,79300.0,60,11.66,1750.39,0.337,3.0,0,Good,Rent,Central,Fully Paid,No,Good (670-739),Upper-Middle ($65k-$95k),0
CUST-3199,Female,27,Master,Employed,Married,1,70300.0,720.0,1,LN-2023-12199,Auto,37100.0,36,12.17,1235.27,0.286,4.0,0,Good,Mortgage,East,Fully Paid,No,Good (670-739),Upper-Middle ($65k-$95k),0
CUST-3200,Male,44,Master,Employed,Single,2,81900.0,719.0,1,LN-2023-12200,Auto,26300.0,36,11.22,863.77,0.166,4.0,0,Good,Mortgage,North,Current,No,Good (670-739),Upper-Middle ($65k-$95k),0
CUST-3201,Female,31,Master,Employed,Single,2,62100.0,786.0,2,LN-2023-12201,Auto,19900.0,60,10.29,425.66,0.144,0.0,0,Excellent,Rent,North,Fully Paid,No,Very Good (740-799),Lower-Middle ($40k-$65k),0
CUST-3202,Male,29,Bachelor,Employed,Married,0,73700.0,702.0,2,LN-2023-12202,Education,20100.0,60,12.6,453.23,0.159,7.0,0,Good,Mortgage,East,Current,No,Good (670-739),Upper-Middle ($65k-$95k),0
CUST-3203,Male,32,Master,Self-Employed,Married,0,103100.0,782.0,3,LN-2023-12203,Business,81700.0,24,13.05,3886.09,0.538,9.0,0,Excellent,Mortgage,East,Current,No,Very Good (740-799),High (>$95k),0
CUST-3204,Male,55,High School,Employed,Divorced,1,115300.0,689.0,2,LN-2023-12204,Auto,30800.0,36,14.81,1064.83,0.149,6.0,0,Good,Mortgage,Central,Fully Paid,No,Good (670-739),High (>$95k),0
CUST-3205,Female,24,Bachelor,Employed,Single,0,53000.0,798.0,3,LN-2023-12205,Education,17400.0,48,11.89,457.27,0.232,2.0,0,Excellent,Mortgage,West,Current,No,Very Good (740-799),Lower-Middle ($40k-$65k),0
CUST-3206,Female,56,Bachelor,Self-Employed,Married,0,66500.0,772.0,3,LN-2023-12206,Home,102100.0,48,9.66,2572.88,0.603,1.0,0,Excellent,Mortgage,South,Fully Paid,No,Very Good (740-799),Upper-Middle ($65k-$95k),0
CUST-3207,Male,48,Bachelor,Employed,Married,1,70000.0,748.0,0,LN-2023-12207,Auto,33300.0,48,12.68,888.08,0.152,7.0,0,Excellent,Mortgage,South,Fully Paid,No,Very Good (740-799),Upper-Middle ($65k-$95k),0
CUST-3208,Female,33,Master,Employed,Married,0,120100.0,737.0,0,LN-2023-12208,Home,92600.0,36,11.37,3047.86,0.305,7.0,0,Good,Mortgage,North,Fully Paid,No,Good (670-739),High (>$95k),0
CUST-3209,Male,43,Master,Self-Employed,Divorced,0,54800.0,850.0,3,LN-2023-12209,Personal,14300.0,36,12.47,478.18,0.266,15.0,0,Excellent,Rent,North,Fully Paid,No,Excellent (800+),Lower-Middle ($40k-$65k),0
CUST-3210,Female,39,High School,Unemployed,Married,1,18000.0,761.0,0,LN-2023-12210,Home,51100.0,48,10.57,1310.06,0.75,0.0,0,Excellent,Own,East,Fully Paid,No,Very Good (740-799),Low (<$40k),0
CUST-3211,Female,62,High School,Employed,Married,2,18000.0,597.0,2,LN-2023-12211,Home,97800.0,24,12.72,4636.74,0.75,0.0,0,Fair,Rent,North,Defaulted,Yes,Fair (580-669),Low (<$40k),1
CUST-3212,Female,57,Bachelor,Employed,Married,2,55600.0,690.0,3,LN-2023-12212,Home,80700.0,36,10.52,2623.71,0.745,10.0,0,Good,Rent,North,Current,No,Good (670-739),Lower-Middle ($40k-$65k),0
CUST-3213,Male,59,Bachelor,Self-Employed,Divorced,1,117200.0,647.0,1,LN-2023-12213,Home,81400.0,36,11.34,2678.06,0.302,7.0,0,Fair,Own,Central,Current,No,Fair (580-669),High (>$95k),0
CUST-3214,Female,44,Bachelor,Self-Employed,Single,1,52100.0,845.0,1,LN-2023-12214,Personal,9800.0,48,12.42,260.1,0.095,20.0,0,Excellent,Rent,West,Fully Paid,No,Excellent (800+),Lower-Middle ($40k-$65k),0
CUST-3215,Female,36,Master,Self-Employed,Single,0,96900.0,776.0,0,LN-2023-12215,Home,66200.0,36,7.39,2055.89,0.255,9.0,0,Excellent,Own,South,Current,No,Very Good (740-799),High (>$95k),0
CUST-3216,Male,53,PhD,Employed,Married,0,73100.0,842.0,0,LN-2023-12216,Business,75100.0,36,13.0,2530.42,0.415,11.0,0,Excellent,Mortgage,Central,Fully Paid,No,Excellent (800+),Upper-Middle ($65k-$95k),0
CUST-3217,Female,32,Bachelor,Employed,Married,0,42700.0,605.0,2,LN-2023-12217,Home,85700.0,24,12.64,4059.86,0.75,1.0,0,Fair,Rent,North,Defaulted,Yes,Fair (580-669),Lower-Middle ($40k-$65k),1
CUST-3218,Male,54,Master,Employed,Divorced,2,120500.0,763.0,0,LN-2023-12218,Personal,6200.0,48,14.59,171.26,0.08,17.0,0,Excellent,Mortgage,South,Fully Paid,No,Very Good (740-799),High (>$95k),0
CUST-3219,Female,27,Bachelor,Self-Employed,Divorced,1,45200.0,554.0,4,LN-2023-12219,Home,48900.0,48,13.14,1315.26,0.58,3.0,0,Poor,Rent,South,Defaulted,Yes,Poor (<580),Lower-Middle ($40k-$65k),1
CUST-3220,Male,31,High School,Self-Employed,Divorced,2,64400.0,534.0,1,LN-2023-12220,Education,13600.0,48,17.83,398.29,0.111,7.0,0,Poor,Mortgage,Central,Current,No,Poor (<580),Lower-Middle ($40k-$65k),0
CUST-3221,Female,51,Bachelor,Employed,Divorced,2,72200.0,636.0,2,LN-2023-12221,Business,54100.0,12,17.58,4949.08,0.75,7.0,0,Fair,Mortgage,Central,Defaulted,Yes,Fair (580-669),Upper-Middle ($65k-$95k),1
CUST-3222,Female,49,Bachelor,Employed,Single,0,42900.0,798.0,0,LN-2023-12222,Education,27000.0,36,11.32,888.04,0.248,24.0,0,Excellent,Mortgage,East,Current,No,Very Good (740-799),Lower-Middle ($40k-$65k),0
CUST-3223,Male,33,Master,Employed,Single,1,75900.0,585.0,1,LN-2023-12223,Personal,7200.0,24,18.3,360.5,0.08,5.0,1,Fair,Mortgage,South,Current,No,Fair (580-669),Upper-Middle ($65k-$95k),0
CUST-3224,Male,51,High School,Unemployed,Single,1,18000.0,668.0,1,LN-2023-12224,Home,81900.0,36,10.89,2677.04,0.75,0.0,0,Fair,Own,Central,Defaulted,Yes,Fair (580-669),Low (<$40k),1
CUST-3225,Male,22,Bachelor,Employed,Single,1,79500.0,771.0,0,LN-2023-12225,Business,25100.0,24,13.67,1201.21,0.181,0.0,1,Good,Mortgage,North,Fully Paid,No,Very Good (740-799),Upper-Middle ($65k-$95k),0
CUST-3226,Male,59,Bachelor,Employed,Married,1,34800.0,741.0,2,LN-2023-12226,Home,48200.0,48,10.68,1238.28,0.511,11.0,0,Excellent,Rent,South,Current,No,Very Good (740-799),Low (<$40k),0
CUST-3227,Male,35,PhD,Employed,Married,4,79700.0,850.0,4,LN-2023-12227,Personal,28000.0,12,11.89,2486.33,0.459,6.0,0,Excellent,Mortgage,West,Fully Paid,No,Excellent (800+),Upper-Middle ($65k-$95k),0
CUST-3228,Female,31,Bachelor,Employed,Divorced,2,56100.0,670.0,0,LN-2023-12228,Personal,22100.0,36,17.13,789.36,0.169,8.0,0,Good,Rent,West,Defaulted,Yes,Good (670-739),Lower-Middle ($40k-$65k),1
CUST-3229,Male,54,Master,Employed,Married,3,128400.0,632.0,0,LN-2023-12229,Business,74700.0,24,15.45,3637.94,0.34,21.0,2,Fair,Mortgage,East,Fully Paid,No,Fair (580-669),High (>$95k),0
CUST-3230,Male,59,Master,Self-Employed,Single,0,95300.0,576.0,2,LN-2023-12230,Home,60500.0,36,13.4,2050.16,0.293,19.0,0,Poor,Mortgage,Central,Defaulted,Yes,Poor (<580),High (>$95k),1
CUST-3231,Female,24,Bachelor,Self-Employed,Married,0,111100.0,638.0,3,LN-2023-12231,Business,42600.0,36,15.22,1481.34,0.203,0.0,0,Fair,Mortgage,South,Current,No,Fair (580-669),High (>$95k),0
CUST-3232,Male,31,Bachelor,Employed,Married,0,80700.0,576.0,0,LN-2023-12232,Personal,15900.0,36,18.35,577.62,0.086,1.0,0,Poor,Mortgage,East,Defaulted,Yes,Poor (<580),Upper-Middle ($65k-$95k),1
CUST-3233,Female,49,Master,Employed,Married,0,99600.0,517.0,0,LN-2023-12233,Education,28400.0,24,17.28,1407.98,0.17,12.0,0,Poor,Rent,West,Fully Paid,No,Poor (<580),High (>$95k),0
CUST-3234,Female,22,Bachelor,Self-Employed,Married,1,62300.0,836.0,0,LN-2023-12234,Personal,18500.0,12,12.28,1646.13,0.317,1.0,0,Excellent,Mortgage,North,Fully Paid,No,Excellent (800+),Lower-Middle ($40k-$65k),0
CUST-3235,Female,36,PhD,Employed,Married,1,146900.0,674.0,0,LN-2023-12235,Personal,19000.0,36,16.49,672.59,0.08,10.0,1,Good,Mortgage,Central,Fully Paid,No,Good (670-739),High (>$95k),0
CUST-3236,Female,59,High School,Employed,Married,1,41800.0,850.0,0,LN-2023-12236,Auto,16000.0,60,9.4,335.25,0.096,7.0,0,Excellent,Rent,East,Current,No,Excellent (800+),Lower-Middle ($40k-$65k),0
CUST-3237,Female,33,High School,Unemployed,Single,3,18000.0,598.0,1,LN-2023-12237,Home,85400.0,48,15.11,2381.51,0.75,0.0,0,Fair,Rent,South,Defaulted,Yes,Fair (580-669),Low (<$40k),1
CUST-3238,Male,57,Master,Self-Employed,Married,3,81300.0,633.0,1,LN-2023-12238,Auto,41300.0,60,14.94,981.22,0.164,3.0,0,Fair,Own,East,Fully Paid,No,Fair (580-669),Upper-Middle ($65k-$95k),0
CUST-3239,Male,37,Master,Self-Employed,Married,0,109800.0,604.0,1,LN-2023-12239,Business,55700.0,60,17.33,1394.19,0.165,5.0,0,Fair,Rent,Central,Current,No,Fair (580-669),High (>$95k),0
CUST-3240,Male,41,PhD,Employed,Married,2,45000.0,615.0,0,LN-2023-12240,Personal,8800.0,36,16.8,312.87,0.083,16.0,3,Fair,Rent,Central,Fully Paid,No,Fair (580-669),Lower-Middle ($40k-$65k),0
CUST-3241,Female,64,Bachelor,Employed,Single,1,42200.0,744.0,1,LN-2023-12241,Personal,15000.0,48,13.79,408.32,0.195,20.0,0,Excellent,Mortgage,South,Current,No,Very Good (740-799),Lower-Middle ($40k-$65k),0
CUST-3242,Male,39,Master,Employed,Single,1,44700.0,718.0,0,LN-2023-12242,Auto,38700.0,36,12.81,1300.42,0.349,5.0,2,Fair,Rent,Central,Current,No,Good (670-739),Lower-Middle ($40k-$65k),0
CUST-3243,Female,27,Master,Employed,Single,2,110900.0,744.0,0,LN-2023-12243,Education,10600.0,60,12.06,236.11,0.08,2.0,0,Excellent,Mortgage,North,Current,No,Very Good (740-799),High (>$95k),0
CUST-3244,Female,58,Master,Self-Employed,Married,0,190000.0,784.0,1,LN-2023-12244,Education,25700.0,36,12.25,856.68,0.08,4.0,0,Excellent,Rent,North,Fully Paid,No,Very Good (740-799),High (>$95k),0
CUST-3245,Female,28,Bachelor,Employed,Married,3,57200.0,764.0,0,LN-2023-12245,Home,127100.0,48,9.43,3188.9,0.669,3.0,0,Excellent,Rent,East,Defaulted,Yes,Very Good (740-799),Lower-Middle ($40k-$65k),1
CUST-3246,Male,33,Bachelor,Self-Employed,Single,1,91800.0,584.0,2,LN-2023-12246,Auto,24500.0,12,15.4,2215.96,0.334,8.0,0,Fair,Own,East,Defaulted,Yes,Fair (580-669),Upper-Middle ($65k-$95k),1
CUST-3247,Male,57,Master,Employed,Single,2,97700.0,625.0,0,LN-2023-12247,Personal,4300.0,36,17.13,153.59,0.08,30.0,0,Fair,Rent,East,Fully Paid,No,Fair (580-669),High (>$95k),0
CUST-3248,Female,22,Bachelor,Employed,Married,4,126500.0,680.0,2,LN-2023-12248,Personal,21400.0,48,15.73,603.53,0.096,1.0,0,Good,Rent,North,Fully Paid,No,Good (670-739),High (>$95k),0
CUST-3249,Female,61,Bachelor,Unemployed,Married,1,18000.0,850.0,1,LN-2023-12249,Auto,11800.0,24,9.79,543.37,0.492,0.0,0,Excellent,Mortgage,East,Fully Paid,No,Excellent (800+),Low (<$40k),0
CUST-3250,Male,31,Bachelor,Employed,Married,0,56900.0,735.0,1,LN-2023-12250,Education,12500.0,12,14.08,1122.81,0.294,1.0,0,Good,Mortgage,North,Fully Paid,No,Good (670-739),Lower-Middle ($40k-$65k),0
CUST-3251,Male,44,Bachelor,Employed,Married,0,53900.0,679.0,2,LN-2023-12251,Home,49100.0,48,11.74,1286.73,0.383,14.0,0,Good,Mortgage,South,Defaulted,Yes,Good (670-739),Lower-Middle ($40k-$65k),1
CUST-3252,Female,26,Bachelor,Employed,Single,0,65000.0,727.0,0,LN-2023-12252,Auto,16500.0,36,12.6,552.78,0.102,3.0,0,Good,Own,South,Current,No,Good (670-739),Lower-Middle ($40k-$65k),0
CUST-3253,Female,46,High School,Employed,Single,0,151500.0,618.0,0,LN-2023-12253,Home,117700.0,36,13.25,3979.97,0.315,2.0,0,Fair,Rent,North,Defaulted,Yes,Fair (580-669),High (>$95k),1
CUST-3254,Female,27,Master,Employed,Married,2,78900.0,692.0,1,LN-2023-12254,Home,107500.0,36,11.0,3519.41,0.571,5.0,0,Good,Mortgage,East,Fully Paid,No,Good (670-739),Upper-Middle ($65k-$95k),0
CUST-3255,Female,59,Bachelor,Employed,Married,0,42800.0,751.0,1,LN-2023-12255,Education,17600.0,12,11.6,1560.45,0.515,27.0,0,Excellent,Rent,West,Fully Paid,No,Very Good (740-799),Lower-Middle ($40k-$65k),0
CUST-3256,Female,39,Bachelor,Employed,Divorced,4,37400.0,667.0,1,LN-2023-12256,Home,121300.0,12,9.51,10636.57,0.75,7.0,0,Fair,Rent,West,Defaulted,Yes,Fair (580-669),Low (<$40k),1
CUST-3257,Male,26,High School,Self-Employed,Single,2,99200.0,605.0,2,LN-2023-12257,Personal,22300.0,60,16.05,542.89,0.122,3.0,0,Fair,Mortgage,East,Fully Paid,No,Fair (580-669),High (>$95k),0
CUST-3258,Male,63,High School,Employed,Divorced,0,33400.0,663.0,0,LN-2023-12258,Education,21200.0,36,14.74,732.21,0.263,26.0,0,Fair,Own,North,Fully Paid,No,Fair (580-669),Low (<$40k),0
CUST-3259,Male,49,High School,Employed,Married,1,66200.0,642.0,4,LN-2023-12259,Auto,12600.0,24,14.43,607.53,0.234,16.0,0,Fair,Mortgage,North,Current,No,Fair (580-669),Upper-Middle ($65k-$95k),0
CUST-3260,Male,63,Bachelor,Employed,Single,1,46300.0,554.0,0,LN-2023-12260,Auto,37800.0,12,16.01,3429.81,0.75,1.0,0,Poor,Rent,East,Fully Paid,No,Poor (<580),Lower-Middle ($40k-$65k),0
CUST-3261,Female,59,High School,Employed,Married,1,27800.0,621.0,0,LN-2023-12261,Business,46300.0,24,18.59,2324.71,0.75,4.0,0,Fair,Mortgage,South,Defaulted,Yes,Fair (580-669),Low (<$40k),1
CUST-3262,Female,22,Master,Employed,Married,1,102200.0,551.0,3,LN-2023-12262,Personal,11800.0,36,18.65,430.46,0.113,0.0,0,Poor,Mortgage,South,Current,No,Poor (<580),High (>$95k),0
CUST-3263,Female,39,High School,Employed,Married,0,37000.0,564.0,0,LN-2023-12263,Home,69500.0,36,12.24,2316.37,0.75,12.0,0,Poor,Rent,East,Defaulted,Yes,Poor (<580),Low (<$40k),1
CUST-3264,Male,24,High School,Employed,Single,2,59500.0,573.0,5,LN-2023-12264,Auto,10300.0,36,16.22,363.24,0.221,1.0,0,Poor,Rent,East,Defaulted,Yes,Poor (<580),Lower-Middle ($40k-$65k),1
CUST-3265,Female,26,High School,Self-Employed,Married,1,70700.0,751.0,0,LN-2023-12265,Home,108100.0,48,10.59,2772.43,0.471,3.0,0,Excellent,Rent,North,Fully Paid,No,Very Good (740-799),Upper-Middle ($65k-$95k),0
CUST-3266,Female,57,High School,Self-Employed,Single,2,72200.0,796.0,0,LN-2023-12266,Education,10900.0,36,11.79,360.94,0.08,24.0,0,Excellent,Mortgage,South,Current,No,Very Good (740-799),Upper-Middle ($65k-$95k),0
CUST-3267,Female,48,Master,Self-Employed,Married,2,79300.0,539.0,0,LN-2023-12267,Auto,29800.0,36,17.27,1066.46,0.161,8.0,0,Poor,Rent,West,Fully Paid,No,Poor (<580),Upper-Middle ($65k-$95k),0
CUST-3268,Female,50,Master,Employed,Married,0,106000.0,804.0,1,LN-2023-12268,Auto,10600.0,48,9.38,265.7,0.08,19.0,0,Excellent,Mortgage,South,Current,No,Excellent (800+),High (>$95k),0
CUST-3269,Male,27,Bachelor,Employed,Married,0,41500.0,574.0,1,LN-2023-12269,Education,27300.0,48,16.24,777.05,0.298,2.0,1,Poor,Own,South,Defaulted,Yes,Poor (<580),Lower-Middle ($40k-$65k),1
CUST-3270,Male,29,High School,Self-Employed,Married,2,18700.0,733.0,0,LN-2023-12270,Personal,13700.0,36,14.09,468.83,0.301,3.0,0,Good,Mortgage,East,Current,No,Good (670-739),Low (<$40k),0
CUST-3271,Male,45,Bachelor,Employed,Married,4,86400.0,691.0,0,LN-2023-12271,Auto,34000.0,12,13.46,3044.13,0.423,7.0,0,Good,Mortgage,North,Fully Paid,No,Good (670-739),Upper-Middle ($65k-$95k),0
CUST-3272,Male,53,Bachelor,Self-Employed,Married,1,77900.0,724.0,0,LN-2023-12272,Education,9100.0,36,13.94,310.75,0.08,27.0,0,Good,Rent,Central,Defaulted,Yes,Good (670-739),Upper-Middle ($65k-$95k),1
CUST-3273,Male,21,PhD,Employed,Married,0,70500.0,570.0,0,LN-2023-12273,Education,15100.0,36,16.0,530.87,0.09,0.0,0,Poor,Mortgage,South,Defaulted,Yes,Poor (<580),Upper-Middle ($65k-$95k),1
CUST-3274,Female,26,High School,Employed,Married,0,25300.0,515.0,3,LN-2023-12274,Home,54400.0,12,15.43,4921.1,0.75,0.0,3,Poor,Own,West,Defaulted,Yes,Poor (<580),Low (<$40k),1
CUST-3275,Female,38,Master,Self-Employed,Single,0,35800.0,601.0,1,LN-2023-12275,Home,99900.0,12,12.46,8897.51,0.75,14.0,0,Fair,Rent,South,Fully Paid,No,Fair (580-669),Low (<$40k),0
CUST-3276,Female,30,Bachelor,Self-Employed,Married,0,74000.0,706.0,2,LN-2023-12276,Personal,6100.0,60,15.26,145.95,0.082,6.0,0,Good,Own,East,Fully Paid,No,Good (670-739),Upper-Middle ($65k-$95k),0
CUST-3277,Female,48,Bachelor,Self-Employed,Single,1,151800.0,836.0,0,LN-2023-12277,Education,27000.0,48,10.05,685.44,0.08,3.0,0,Excellent,Own,South,Current,No,Excellent (800+),High (>$95k),0
CUST-3278,Male,31,Bachelor,Unemployed,Married,1,20700.0,582.0,0,LN-2023-12278,Home,56400.0,24,14.76,2728.22,0.75,0.0,0,Fair,Own,West,Current,No,Fair (580-669),Low (<$40k),0
CUST-3279,Female,53,High School,Employed,Married,0,41700.0,661.0,1,LN-2023-12279,Auto,45800.0,36,13.0,1543.18,0.518,2.0,0,Fair,Rent,North,Fully Paid,No,Fair (580-669),Lower-Middle ($40k-$65k),0
CUST-3280,Male,21,Master,Employed,Single,0,77000.0,606.0,3,LN-2023-12280,Personal,15100.0,24,17.53,750.43,0.229,0.0,1,Fair,Own,South,Current,No,Fair (580-669),Upper-Middle ($65k-$95k),0
CUST-3281,Male,33,High School,Self-Employed,Single,0,150500.0,668.0,3,LN-2023-12281,Auto,14800.0,12,14.56,1332.75,0.155,7.0,0,Fair,Rent,East,Fully Paid,No,Fair (580-669),High (>$95k),0
CUST-3282,Male,57,Bachelor,Employed,Married,2,88200.0,505.0,1,LN-2023-12282,Personal,4200.0,36,18.33,152.54,0.08,19.0,0,Poor,Rent,East,Fully Paid,No,Poor (<580),Upper-Middle ($65k-$95k),0
CUST-3283,Male,40,High School,Employed,Divorced,1,32300.0,797.0,1,LN-2023-12283,Business,43100.0,36,13.37,1459.9,0.586,5.0,0,Excellent,Rent,North,Current,No,Very Good (740-799),Low (<$40k),0
CUST-3284,Male,21,PhD,Employed,Single,3,94000.0,672.0,0,LN-2023-12284,Education,36300.0,60,14.09,846.33,0.108,0.0,0,Good,Rent,South,Fully Paid,No,Good (670-739),Upper-Middle ($65k-$95k),0
CUST-3285,Male,23,High School,Employed,Divorced,1,57000.0,747.0,2,LN-2023-12285,Personal,7200.0,48,13.89,196.35,0.092,0.0,0,Excellent,Rent,North,Fully Paid,No,Very Good (740-799),Lower-Middle ($40k-$65k),0
CUST-3286,Male,38,Master,Employed,Single,0,48400.0,650.0,1,LN-2023-12286,Auto,40100.0,24,14.85,1941.46,0.528,1.0,0,Fair,Rent,West,Fully Paid,No,Fair (580-669),Lower-Middle ($40k-$65k),0
CUST-3287,Female,61,Master,Employed,Married,0,109500.0,686.0,3,LN-2023-12287,Auto,25900.0,36,14.41,890.37,0.158,18.0,0,Good,Mortgage,Central,Current,No,Good (670-739),High (>$95k),0
CUST-3288,Male,34,PhD,Self-Employed,Married,2,73900.0,765.0,2,LN-2023-12288,Education,33300.0,36,12.43,1112.89,0.229,4.0,0,Excellent,Rent,South,Fully Paid,No,Very Good (740-799),Upper-Middle ($65k-$95k),0
CUST-3289,Male,51,Bachelor,Self-Employed,Single,1,36600.0,681.0,3,LN-2023-12289,Auto,43200.0,24,13.11,2056.04,0.75,14.0,0,Good,Mortgage,East,Fully Paid,No,Good (670-739),Low (<$40k),0
CUST-3290,Male,47,Bachelor,Employed,Divorced,1,65100.0,684.0,1,LN-2023-12290,Business,89800.0,48,14.54,2478.31,0.483,21.0,0,Good,Rent,East,Defaulted,Yes,Good (670-739),Upper-Middle ($65k-$95k),1
CUST-3291,Female,37,Bachelor,Employed,Single,2,60600.0,602.0,2,LN-2023-12291,Home,50800.0,24,13.18,2419.42,0.558,2.0,0,Fair,Rent,North,Fully Paid,No,Fair (580-669),Lower-Middle ($40k-$65k),0
CUST-3292,Male,66,High School,Employed,Divorced,2,49100.0,624.0,1,LN-2023-12292,Personal,26100.0,24,16.96,1289.94,0.361,0.0,0,Fair,Rent,West,Fully Paid,No,Fair (580-669),Lower-Middle ($40k-$65k),0
CUST-3293,Male,49,Bachelor,Employed,Married,0,44600.0,583.0,1,LN-2023-12293,Auto,12600.0,36,15.41,439.32,0.166,2.0,0,Fair,Rent,East,Fully Paid,No,Fair (580-669),Lower-Middle ($40k-$65k),0
CUST-3294,Male,56,High School,Employed,Married,2,37100.0,607.0,0,LN-2023-12294,Education,16700.0,24,15.1,810.52,0.262,14.0,0,Fair,Mortgage,East,Current,No,Fair (580-669),Low (<$40k),0
CUST-3295,Male,57,PhD,Employed,Divorced,1,154200.0,776.0,2,LN-2023-12295,Personal,21700.0,36,13.32,734.51,0.092,22.0,0,Excellent,Rent,North,Fully Paid,No,Very Good (740-799),High (>$95k),0
CUST-3296,Male,46,High School,Employed,Single,0,59900.0,823.0,1,LN-2023-12296,Personal,16000.0,60,12.71,361.68,0.093,13.0,0,Excellent,Rent,North,Current,No,Excellent (800+),Lower-Middle ($40k-$65k),0
CUST-3297,Male,37,Bachelor,Employed,Divorced,1,40900.0,563.0,2,LN-2023-12297,Education,25200.0,48,15.55,708.38,0.353,7.0,2,Poor,Mortgage,Central,Defaulted,Yes,Poor (<580),Lower-Middle ($40k-$65k),1
CUST-3298,Male,42,Bachelor,Employed,Single,1,26100.0,703.0,2,LN-2023-12298,Auto,46700.0,48,13.56,1265.86,0.718,6.0,0,Good,Mortgage,Central,Current,No,Good (670-739),Low (<$40k),0
CUST-3299,Male,45,Bachelor,Employed,Married,0,41700.0,642.0,2,LN-2023-12299,Personal,26700.0,36,16.14,940.54,0.341,6.0,0,Fair,Rent,North,Fully Paid,No,Fair (580-669),Lower-Middle ($40k-$65k),0
CUST-3300,Male,22,Bachelor,Employed,Single,0,67500.0,788.0,0,LN-2023-12300,Education,18400.0,36,11.54,607.11,0.108,0.0,0,Excellent,Rent,East,Fully Paid,No,Very Good (740-799),Upper-Middle ($65k-$95k),0
CUST-3301,Female,42,High School,Employed,Divorced,0,36900.0,681.0,3,LN-2023-12301,Personal,20400.0,36,15.59,713.08,0.428,11.0,0,Good,Mortgage,North,Fully Paid,No,Good (670-739),Low (<$40k),0
CUST-3302,Female,25,Bachelor,Employed,Single,0,45700.0,669.0,0,LN-2023-12302,Personal,4400.0,36,16.54,155.87,0.08,1.0,0,Fair,Mortgage,West,Current,No,Fair (580-669),Lower-Middle ($40k-$65k),0
CUST-3303,Male,24,Bachelor,Unemployed,Married,0,18000.0,606.0,2,LN-2023-12303,Home,83500.0,36,13.38,2828.75,0.75,0.0,0,Fair,Rent,North,Defaulted,Yes,Fair (580-669),Low (<$40k),1
CUST-3304,Male,56,PhD,Employed,Married,0,89800.0,539.0,1,LN-2023-12304,Education,26700.0,36,17.3,955.92,0.142,23.0,0,Poor,Own,East,Defaulted,Yes,Poor (<580),Upper-Middle ($65k-$95k),1
CUST-3305,Female,26,Master,Self-Employed,Married,0,127400.0,734.0,2,LN-2023-12305,Auto,37200.0,12,11.33,3293.53,0.353,3.0,0,Good,Rent,East,Fully Paid,No,Good (670-739),High (>$95k),0
CUST-3306,Male,41,PhD,Employed,Married,0,92800.0,700.0,1,LN-2023-12306,Home,121600.0,36,10.77,3967.8,0.547,5.0,0,Good,Mortgage,North,Fully Paid,No,Good (670-739),Upper-Middle ($65k-$95k),0
CUST-3307,Male,33,High School,Self-Employed,Single,3,58100.0,702.0,2,LN-2023-12307,Personal,11200.0,48,16.48,320.17,0.115,5.0,0,Good,Mortgage,East,Fully Paid,No,Good (670-739),Lower-Middle ($40k-$65k),0
CUST-3308,Female,57,Bachelor,Employed,Married,0,56800.0,619.0,1,LN-2023-12308,Auto,44300.0,24,14.44,2136.19,0.481,30.0,0,Fair,Rent,Central,Fully Paid,No,Fair (580-669),Lower-Middle ($40k-$65k),0
CUST-3309,Male,45,High School,Self-Employed,Married,0,45100.0,657.0,2,LN-2023-12309,Auto,35100.0,48,14.58,969.4,0.313,0.0,0,Fair,Rent,North,Current,No,Fair (580-669),Lower-Middle ($40k-$65k),0
CUST-3310,Male,46,High School,Employed,Single,0,73400.0,737.0,0,LN-2023-12310,Business,25400.0,60,14.38,596.03,0.097,4.0,0,Good,Mortgage,West,Fully Paid,No,Good (670-739),Upper-Middle ($65k-$95k),0
CUST-3311,Male,59,High School,Self-Employed,Married,2,78900.0,753.0,2,LN-2023-12311,Education,18900.0,24,12.02,889.87,0.19,15.0,0,Excellent,Rent,South,Fully Paid,No,Very Good (740-799),Upper-Middle ($65k-$95k),0
CUST-3312,Female,40,Bachelor,Employed,Single,0,157800.0,569.0,0,LN-2023-12312,Personal,16800.0,36,18.41,610.82,0.08,11.0,0,Poor,Rent,South,Current,No,Poor (<580),High (>$95k),0
CUST-3313,Male,53,High School,Employed,Married,0,64600.0,616.0,2,LN-2023-12313,Auto,23400.0,60,14.17,546.54,0.17,6.0,0,Fair,Mortgage,East,Current,No,Fair (580-669),Lower-Middle ($40k-$65k),0
CUST-3314,Female,34,Bachelor,Self-Employed,Divorced,0,57800.0,551.0,1,LN-2023-12314,Personal,6400.0,36,19.31,235.6,0.102,11.0,0,Poor,Mortgage,Central,Defaulted,Yes,Poor (<580),Lower-Middle ($40k-$65k),1
CUST-3315,Female,56,Master,Employed,Married,4,51800.0,687.0,0,LN-2023-12315,Business,58600.0,48,14.89,1627.62,0.377,19.0,0,Good,Mortgage,North,Current,No,Good (670-739),Lower-Middle ($40k-$65k),0
CUST-3316,Male,37,Bachelor,Unemployed,Married,1,33800.0,745.0,2,LN-2023-12316,Personal,6800.0,24,14.8,329.06,0.231,0.0,0,Excellent,Rent,Central,Fully Paid,No,Very Good (740-799),Low (<$40k),0
CUST-3317,Male,41,Bachelor,Employed,Divorced,0,43600.0,646.0,2,LN-2023-12317,Personal,29500.0,12,17.34,2695.3,0.75,15.0,0,Fair,Mortgage,North,Fully Paid,No,Fair (580-669),Lower-Middle ($40k-$65k),0
CUST-3318,Male,66,Bachelor,Employed,Single,0,90500.0,613.0,2,LN-2023-12318,Home,118500.0,12,13.11,10590.21,0.75,13.0,0,Fair,Own,Central,Defaulted,Yes,Fair (580-669),Upper-Middle ($65k-$95k),1
CUST-3319,Male,36,Bachelor,Self-Employed,Married,0,51400.0,641.0,3,LN-2023-12319,Personal,16800.0,60,16.3,411.23,0.169,11.0,2,Fair,Mortgage,North,Fully Paid,No,Fair (580-669),Lower-Middle ($40k-$65k),0
CUST-3320,Male,66,High School,Employed,Divorced,0,57500.0,850.0,0,LN-2023-12320,Home,50800.0,24,7.73,2291.3,0.286,15.0,0,Excellent,Mortgage,North,Current,No,Excellent (800+),Lower-Middle ($40k-$65k),0
CUST-3321,Female,36,Bachelor,Employed,Married,2,39000.0,771.0,0,LN-2023-12321,Home,91900.0,60,8.82,1899.67,0.585,3.0,0,Excellent,Own,Central,Fully Paid,No,Very Good (740-799),Low (<$40k),0
CUST-3322,Female,40,Bachelor,Self-Employed,Divorced,1,102700.0,732.0,1,LN-2023-12322,Home,95300.0,24,10.05,4399.81,0.546,15.0,0,Good,Own,South,Current,No,Good (670-739),High (>$95k),0
CUST-3323,Female,49,Master,Self-Employed,Married,1,51400.0,697.0,1,LN-2023-12323,Home,120500.0,12,10.6,10627.52,0.75,2.0,0,Good,Mortgage,North,Current,No,Good (670-739),Lower-Middle ($40k-$65k),0
CUST-3324,Male,48,Master,Unemployed,Married,0,30800.0,668.0,1,LN-2023-12324,Education,8300.0,24,13.57,396.82,0.262,0.0,0,Fair,Mortgage,Central,Fully Paid,No,Fair (580-669),Low (<$40k),0
CUST-3325,Female,28,Bachelor,Employed,Married,1,57500.0,592.0,2,LN-2023-12325,Home,103800.0,36,13.72,3533.54,0.75,6.0,0,Fair,Rent,Central,Fully Paid,No,Fair (580-669),Lower-Middle ($40k-$65k),0
CUST-3326,Female,44,Bachelor,Employed,Married,0,65800.0,579.0,0,LN-2023-12326,Business,59400.0,12,18.55,5461.35,0.75,9.0,1,Poor,Rent,West,Fully Paid,No,Poor (<580),Upper-Middle ($65k-$95k),0
CUST-3327,Female,23,High School,Employed,Single,0,41100.0,621.0,1,LN-2023-12327,Personal,8100.0,60,17.88,205.16,0.119,2.0,1,Fair,Mortgage,Central,Fully Paid,No,Fair (580-669),Lower-Middle ($40k-$65k),0
CUST-3328,Male,45,Master,Employed,Married,1,64500.0,588.0,1,LN-2023-12328,Personal,6500.0,60,18.03,165.16,0.08,11.0,0,Fair,Rent,South,Defaulted,Yes,Fair (580-669),Lower-Middle ($40k-$65k),1
CUST-3329,Female,39,Bachelor,Self-Employed,Married,0,77500.0,618.0,0,LN-2023-12329,Auto,36400.0,24,15.73,1777.56,0.275,12.0,0,Fair,Mortgage,East,Current,No,Fair (580-669),Upper-Middle ($65k-$95k),0
CUST-3330,Male,53,High School,Employed,Married,1,31300.0,661.0,1,LN-2023-12330,Personal,12900.0,48,15.78,364.14,0.231,0.0,0,Fair,Rent,West,Fully Paid,No,Fair (580-669),Low (<$40k),0
CUST-3331,Male,22,High School,Employed,Married,2,31200.0,667.0,0,LN-2023-12331,Home,130000.0,36,12.53,4350.84,0.75,1.0,0,Fair,Own,Central,Current,No,Fair (580-669),Low (<$40k),0
CUST-3332,Male,35,High School,Employed,Single,0,41800.0,617.0,4,LN-2023-12332,Business,82600.0,60,17.66,2082.25,0.75,9.0,0,Fair,Own,Central,Fully Paid,No,Fair (580-669),Lower-Middle ($40k-$65k),0
CUST-3333,Female,42,Master,Self-Employed,Single,3,74900.0,712.0,1,LN-2023-12333,Home,93100.0,12,10.66,8213.57,0.75,14.0,0,Good,Mortgage,North,Fully Paid,No,Good (670-739),Upper-Middle ($65k-$95k),0
CUST-3334,Female,30,High School,Self-Employed,Single,0,35900.0,653.0,3,LN-2023-12334,Home,99500.0,36,12.09,3309.1,0.75,1.0,0,Fair,Rent,South,Current,No,Fair (580-669),Low (<$40k),0
CUST-3335,Male,38,Bachelor,Employed,Divorced,0,95300.0,688.0,1,LN-2023-12335,Education,11400.0,24,14.39,549.45,0.087,6.0,0,Good,Mortgage,East,Defaulted,Yes,Good (670-739),High (>$95k),1
CUST-3336,Male,42,Bachelor,Employed,Single,1,54100.0,606.0,0,LN-2023-12336,Personal,28900.0,48,17.93,847.88,0.188,8.0,0,Fair,Rent,Central,Current,No,Fair (580-669),Lower-Middle ($40k-$65k),0
CUST-3337,Male,66,Bachelor,Self-Employed,Divorced,1,65300.0,728.0,0,LN-2023-12337,Auto,27400.0,12,12.47,2440.49,0.448,4.0,0,Good,Rent,South,Fully Paid,No,Good (670-739),Upper-Middle ($65k-$95k),0
CUST-3338,Male,47,Master,Employed,Married,0,42800.0,624.0,2,LN-2023-12338,Personal,18100.0,36,16.76,643.15,0.291,10.0,0,Fair,Own,North,Current,No,Fair (580-669),Lower-Middle ($40k-$65k),0
CUST-3339,Male,33,Master,Employed,Married,2,197700.0,806.0,4,LN-2023-12339,Personal,28300.0,60,12.42,635.54,0.08,9.0,0,Excellent,Rent,North,Fully Paid,No,Excellent (800+),High (>$95k),0
CUST-3340,Male,53,Bachelor,Employed,Married,4,187400.0,650.0,0,LN-2023-12340,Personal,3200.0,36,16.58,113.42,0.08,8.0,2,Fair,Rent,South,Fully Paid,No,Fair (580-669),High (>$95k),0
CUST-3341,Female,25,High School,Employed,Married,0,34600.0,661.0,0,LN-2023-12341,Business,54600.0,36,15.26,1899.69,0.659,2.0,0,Fair,Mortgage,North,Fully Paid,No,Fair (580-669),Low (<$40k),0
CUST-3342,Male,46,Bachelor,Employed,Divorced,3,109200.0,720.0,1,LN-2023-12342,Personal,21200.0,36,15.47,739.79,0.286,21.0,0,Good,Rent,North,Current,No,Good (670-739),High (>$95k),0
CUST-3343,Male,33,Bachelor,Self-Employed,Single,1,69400.0,739.0,1,LN-2023-12343,Home,58500.0,36,8.8,1854.84,0.362,0.0,0,Good,Rent,South,Current,No,Good (670-739),Upper-Middle ($65k-$95k),0
CUST-3344,Male,47,Bachelor,Employed,Married,3,129400.0,748.0,2,LN-2023-12344,Personal,5000.0,36,14.56,172.25,0.08,13.0,0,Excellent,Mortgage,East,Current,No,Very Good (740-799),High (>$95k),0
CUST-3345,Female,34,Bachelor,Employed,Single,0,73100.0,820.0,1,LN-2023-12345,Home,90500.0,36,8.07,2838.86,0.5,8.0,0,Excellent,Rent,West,Fully Paid,No,Excellent (800+),Upper-Middle ($65k-$95k),0
CUST-3346,Female,44,High School,Self-Employed,Married,2,59100.0,726.0,0,LN-2023-12346,Home,91500.0,60,10.02,1945.01,0.395,15.0,0,Good,Rent,East,Fully Paid,No,Good (670-739),Lower-Middle ($40k-$65k),0
CUST-3347,Female,23,Bachelor,Self-Employed,Married,0,23500.0,664.0,3,LN-2023-12347,Home,73100.0,12,11.5,6477.76,0.75,1.0,0,Fair,Mortgage,South,Fully Paid,No,Fair (580-669),Low (<$40k),0
CUST-3348,Male,67,High School,Employed,Single,3,33100.0,624.0,1,LN-2023-12348,Auto,43500.0,24,12.55,2058.89,0.75,29.0,0,Fair,Rent,North,Fully Paid,No,Fair (580-669),Low (<$40k),0
CUST-3349,Female,50,Master,Employed,Divorced,1,78600.0,658.0,2,LN-2023-12349,Business,41100.0,24,15.81,2008.65,0.349,1.0,0,Fair,Mortgage,South,Current,No,Fair (580-669),Upper-Middle ($65k-$95k),0
CUST-3350,Male,55,Bachelor,Employed,Single,0,68700.0,796.0,2,LN-2023-12350,Home,88900.0,36,8.18,2793.19,0.56,16.0,0,Excellent,Own,West,Fully Paid,No,Very Good (740-799),Upper-Middle ($65k-$95k),0
CUST-3351,Female,34,Bachelor,Employed,Single,0,36400.0,552.0,0,LN-2023-12351,Personal,8400.0,12,18.06,770.35,0.254,9.0,1,Poor,Mortgage,South,Fully Paid,No,Poor (<580),Low (<$40k),0
CUST-3352,Female,32,High School,Employed,Married,2,35400.0,600.0,0,LN-2023-12352,Education,6400.0,60,17.78,161.75,0.08,1.0,0,Fair,Own,South,Fully Paid,No,Fair (580-669),Low (<$40k),0
CUST-3353,Female,48,Bachelor,Employed,Married,1,80600.0,651.0,0,LN-2023-12353,Business,49800.0,36,15.31,1733.9,0.258,0.0,1,Fair,Rent,North,Defaulted,Yes,Fair (580-669),Upper-Middle ($65k-$95k),1
CUST-3354,Female,64,Bachelor,Employed,Married,0,33700.0,599.0,4,LN-2023-12354,Home,89800.0,60,13.4,2061.66,0.75,30.0,0,Fair,Rent,North,Fully Paid,No,Fair (580-669),Low (<$40k),0
CUST-3355,Female,49,High School,Employed,Single,1,52100.0,635.0,2,LN-2023-12355,Home,110000.0,36,11.77,3641.5,0.75,17.0,0,Fair,Rent,West,Current,No,Fair (580-669),Lower-Middle ($40k-$65k),0
CUST-3356,Male,63,Master,Employed,Married,2,135900.0,823.0,0,LN-2023-12356,Personal,16000.0,24,12.06,753.62,0.08,15.0,0,Excellent,Own,Central,Current,No,Excellent (800+),High (>$95k),0
CUST-3357,Female,37,Bachelor,Employed,Married,0,74800.0,644.0,2,LN-2023-12357,Home,68700.0,24,11.19,3208.02,0.561,13.0,0,Fair,Rent,South,Fully Paid,No,Fair (580-669),Upper-Middle ($65k-$95k),0
CUST-3358,Male,60,Bachelor,Employed,Divorced,0,73100.0,704.0,2,LN-2023-12358,Home,96400.0,36,11.6,3183.47,0.574,26.0,0,Good,Mortgage,West,Fully Paid,No,Good (670-739),Upper-Middle ($65k-$95k),0
CUST-3359,Female,41,Bachelor,Employed,Single,3,25300.0,529.0,0,LN-2023-12359,Business,46700.0,12,19.81,4321.79,0.75,17.0,0,Poor,Mortgage,North,Defaulted,Yes,Poor (<580),Low (<$40k),1
CUST-3360,Male,43,Bachelor,Employed,Single,0,43400.0,576.0,1,LN-2023-12360,Personal,9800.0,48,17.69,286.29,0.145,18.0,0,Poor,Rent,Central,Defaulted,Yes,Poor (<580),Lower-Middle ($40k-$65k),1
CUST-3361,Male,40,Bachelor,Employed,Married,0,158400.0,749.0,2,LN-2023-12361,Home,122400.0,48,10.46,3131.49,0.254,8.0,0,Excellent,Own,Central,Fully Paid,No,Very Good (740-799),High (>$95k),0
CUST-3362,Male,31,Bachelor,Employed,Married,0,48000.0,811.0,0,LN-2023-12362,Auto,30400.0,48,9.73,767.09,0.192,7.0,0,Excellent,Mortgage,North,Fully Paid,No,Excellent (800+),Lower-Middle ($40k-$65k),0
CUST-3363,Male,54,Bachelor,Employed,Married,3,111100.0,688.0,3,LN-2023-12363,Home,62000.0,60,10.88,1344.32,0.204,19.0,0,Good,Rent,West,Defaulted,Yes,Good (670-739),High (>$95k),1
CUST-3364,Male,30,Bachelor,Employed,Single,0,47800.0,643.0,2,LN-2023-12364,Home,102000.0,36,12.63,3418.63,0.75,6.0,1,Fair,Own,East,Defaulted,Yes,Fair (580-669),Lower-Middle ($40k-$65k),1
CUST-3365,Female,30,High School,Self-Employed,Married,1,49800.0,712.0,0,LN-2023-12365,Business,76200.0,36,14.24,2613.23,0.63,6.0,0,Good,Mortgage,West,Defaulted,Yes,Good (670-739),Lower-Middle ($40k-$65k),1
CUST-3366,Male,63,High School,Unemployed,Single,3,21700.0,449.0,3,LN-2023-12366,Home,109500.0,36,15.9,3844.29,0.75,0.0,1,Poor,Mortgage,East,Defaulted,Yes,Poor (<580),Low (<$40k),1
CUST-3367,Male,26,High School,Employed,Divorced,0,51400.0,689.0,0,LN-2023-12367,Business,62000.0,24,15.46,3019.74,0.705,6.0,0,Good,Own,North,Fully Paid,No,Good (670-739),Lower-Middle ($40k-$65k),0
CUST-3368,Female,56,Bachelor,Self-Employed,Married,2,85800.0,581.0,3,LN-2023-12368,Personal,18100.0,36,18.04,654.72,0.182,7.0,0,Fair,Mortgage,Central,Current,No,Fair (580-669),Upper-Middle ($65k-$95k),0
CUST-3369,Male,44,Master,Employed,Married,0,53900.0,737.0,1,LN-2023-12369,Personal,25500.0,36,13.83,869.43,0.217,5.0,0,Good,Rent,North,Fully Paid,No,Good (670-739),Lower-Middle ($40k-$65k),0
CUST-3370,Female,32,Master,Employed,Single,1,46700.0,483.0,2,LN-2023-12370,Business,69600.0,48,21.54,2175.48,0.629,8.0,0,Poor,Own,South,Defaulted,Yes,Poor (<580),Lower-Middle ($40k-$65k),1
CUST-3371,Female,63,High School,Unemployed,Divorced,0,18000.0,616.0,2,LN-2023-12371,Personal,19600.0,36,16.66,695.48,0.747,0.0,0,Fair,Mortgage,Central,Defaulted,Yes,Fair (580-669),Low (<$40k),1
CUST-3372,Female,43,PhD,Employed,Divorced,2,73000.0,666.0,1,LN-2023-12372,Auto,35000.0,12,14.31,3147.66,0.552,15.0,0,Fair,Rent,South,Current,No,Fair (580-669),Upper-Middle ($65k-$95k),0
CUST-3373,Female,47,Bachelor,Employed,Married,0,56700.0,605.0,1,LN-2023-12373,Home,59300.0,36,13.41,2009.78,0.457,11.0,0,Fair,Mortgage,West,Current,No,Fair (580-669),Lower-Middle ($40k-$65k),0
CUST-3374,Male,65,Master,Employed,Married,0,124100.0,638.0,1,LN-2023-12374,Home,46700.0,48,11.7,1222.92,0.14,22.0,0,Fair,Rent,North,Current,No,Fair (580-669),High (>$95k),0
CUST-3375,Female,57,Bachelor,Employed,Single,3,65400.0,746.0,1,LN-2023-12375,Auto,45400.0,60,12.21,1014.72,0.22,26.0,0,Excellent,Mortgage,West,Fully Paid,No,Very Good (740-799),Upper-Middle ($65k-$95k),0
CUST-3376,Male,26,Bachelor,Employed,Single,0,78200.0,667.0,1,LN-2023-12376,Auto,45500.0,12,13.04,4064.79,0.654,1.0,0,Fair,Rent,East,Defaulted,Yes,Fair (580-669),Upper-Middle ($65k-$95k),1
CUST-3377,Male,21,High School,Employed,Married,2,52300.0,590.0,5,LN-2023-12377,Business,75200.0,48,17.67,2196.05,0.687,0.0,1,Fair,Rent,East,Defaulted,Yes,Fair (580-669),Lower-Middle ($40k-$65k),1
CUST-3378,Female,26,High School,Employed,Married,0,29700.0,749.0,2,LN-2023-12378,Personal,13800.0,36,14.9,477.71,0.417,2.0,0,Excellent,Rent,Central,Fully Paid,No,Very Good (740-799),Low (<$40k),0
CUST-3379,Male,42,High School,Employed,Single,0,49500.0,691.0,0,LN-2023-12379,Auto,15700.0,12,12.71,1400.15,0.339,17.0,0,Good,Rent,Central,Current,No,Good (670-739),Lower-Middle ($40k-$65k),0
CUST-3380,Female,61,Bachelor,Employed,Married,2,66700.0,694.0,2,LN-2023-12380,Home,75400.0,48,11.32,1960.49,0.405,27.0,0,Good,Mortgage,South,Current,No,Good (670-739),Upper-Middle ($65k-$95k),0
CUST-3381,Female,44,Bachelor,Unemployed,Divorced,0,31000.0,594.0,1,LN-2023-12381,Auto,37600.0,12,14.83,3390.7,0.75,0.0,0,Fair,Mortgage,Central,Defaulted,Yes,Fair (580-669),Low (<$40k),1
CUST-3382,Female,45,Master,Self-Employed,Married,2,55300.0,453.0,3,LN-2023-12382,Personal,12700.0,48,20.96,392.99,0.241,8.0,0,Poor,Mortgage,North,Fully Paid,No,Poor (<580),Lower-Middle ($40k-$65k),0
CUST-3383,Female,35,Bachelor,Employed,Single,1,25100.0,592.0,1,LN-2023-12383,Home,112700.0,48,13.35,3043.07,0.75,1.0,0,Fair,Rent,North,Defaulted,Yes,Fair (580-669),Low (<$40k),1
CUST-3384,Male,46,Master,Employed,Single,0,84300.0,584.0,0,LN-2023-12384,Personal,22500.0,48,17.7,657.42,0.094,14.0,0,Fair,Own,East,Current,No,Fair (580-669),Upper-Middle ($65k-$95k),0
CUST-3385,Male,28,High School,Self-Employed,Married,1,66200.0,617.0,0,LN-2023-12385,Home,98500.0,12,11.44,8725.82,0.75,5.0,0,Fair,Own,West,Defaulted,Yes,Fair (580-669),Upper-Middle ($65k-$95k),1
CUST-3386,Female,44,High School,Employed,Single,0,45300.0,598.0,5,LN-2023-12386,Auto,45300.0,60,15.69,1094.16,0.521,13.0,0,Fair,Rent,North,Fully Paid,No,Fair (580-669),Lower-Middle ($40k-$65k),0
CUST-3387,Male,58,Bachelor,Employed,Single,0,63700.0,679.0,1,LN-2023-12387,Personal,28900.0,60,17.26,722.29,0.169,14.0,0,Good,Mortgage,North,Current,No,Good (670-739),Lower-Middle ($40k-$65k),0
CUST-3388,Female,26,Bachelor,Employed,Divorced,2,93400.0,744.0,0,LN-2023-12388,Auto,37000.0,60,12.03,823.61,0.106,1.0,0,Excellent,Mortgage,Central,Fully Paid,No,Very Good (740-799),Upper-Middle ($65k-$95k),0
CUST-3389,Female,55,Bachelor,Self-Employed,Married,0,58800.0,761.0,1,LN-2023-12389,Home,61900.0,36,9.13,1972.15,0.444,27.0,0,Excellent,Own,Central,Current,No,Very Good (740-799),Lower-Middle ($40k-$65k),0
CUST-3390,Female,62,Master,Employed,Single,0,68700.0,741.0,1,LN-2023-12390,Personal,30200.0,36,14.64,1041.58,0.224,10.0,0,Excellent,Own,West,Fully Paid,No,Very Good (740-799),Upper-Middle ($65k-$95k),0
CUST-3391,Male,21,High School,Employed,Single,2,50900.0,593.0,0,LN-2023-12391,Home,64300.0,12,14.06,5775.13,0.75,0.0,0,Fair,Rent,Central,Defaulted,Yes,Fair (580-669),Lower-Middle ($40k-$65k),1
CUST-3392,Male,66,Bachelor,Employed,Single,2,36300.0,675.0,2,LN-2023-12392,Education,18700.0,12,14.85,1686.51,0.698,31.0,0,Good,Own,West,Fully Paid,No,Good (670-739),Low (<$40k),0
CUST-3393,Male,56,Master,Employed,Divorced,1,72700.0,803.0,0,LN-2023-12393,Business,77900.0,12,13.57,6978.67,0.75,30.0,0,Excellent,Rent,South,Fully Paid,No,Excellent (800+),Upper-Middle ($65k-$95k),0
CUST-3394,Male,32,High School,Employed,Married,1,47700.0,535.0,1,LN-2023-12394,Home,62700.0,36,14.84,2168.61,0.574,6.0,2,Poor,Mortgage,North,Defaulted,Yes,Poor (<580),Lower-Middle ($40k-$65k),1
CUST-3395,Female,58,PhD,Employed,Married,2,193900.0,784.0,1,LN-2023-12395,Personal,21500.0,36,14.02,735.03,0.08,20.0,0,Excellent,Rent,West,Fully Paid,No,Very Good (740-799),High (>$95k),0
CUST-3396,Male,31,PhD,Employed,Single,1,81200.0,585.0,1,LN-2023-12396,Personal,16300.0,36,18.01,589.37,0.121,3.0,0,Fair,Rent,East,Fully Paid,No,Fair (580-669),Upper-Middle ($65k-$95k),0
CUST-3397,Male,32,High School,Employed,Married,0,53700.0,694.0,1,LN-2023-12397,Education,27200.0,36,12.86,914.64,0.259,0.0,1,Good,Mortgage,West,Current,No,Good (670-739),Lower-Middle ($40k-$65k),0
CUST-3398,Male,62,Bachelor,Employed,Divorced,4,95100.0,705.0,1,LN-2023-12398,Auto,46400.0,60,12.53,1044.61,0.151,7.0,0,Good,Mortgage,West,Fully Paid,No,Good (670-739),High (>$95k),0
CUST-3399,Female,59,Bachelor,Self-Employed,Single,0,49600.0,686.0,0,LN-2023-12399,Personal,26400.0,60,15.48,634.73,0.154,19.0,0,Good,Rent,East,Current,No,Good (670-739),Lower-Middle ($40k-$65k),0
CUST-3400,Female,27,Master,Self-Employed,Married,1,166200.0,850.0,1,LN-2023-12400,Home,70100.0,48,7.8,1704.77,0.133,1.0,0,Excellent,Own,Central,Fully Paid,No,Excellent (800+),High (>$95k),0
CUST-3401,Male,31,Bachelor,Employed,Single,3,139000.0,644.0,0,LN-2023-12401,Education,7900.0,48,13.4,213.51,0.08,8.0,0,Fair,Rent,West,Fully Paid,No,Fair (580-669),High (>$95k),0
CUST-3402,Male,56,Bachelor,Employed,Married,2,62100.0,530.0,1,LN-2023-12402,Home,127200.0,12,15.0,11480.86,0.75,6.0,0,Poor,Rent,North,Defaulted,Yes,Poor (<580),Lower-Middle ($40k-$65k),1
CUST-3403,Male,51,Master,Employed,Single,3,61100.0,700.0,1,LN-2023-12403,Auto,32200.0,12,11.49,2853.25,0.596,13.0,0,Good,Mortgage,West,Current,No,Good (670-739),Lower-Middle ($40k-$65k),0
CUST-3404,Male,53,High School,Employed,Married,0,102100.0,655.0,2,LN-2023-12404,Personal,8000.0,36,16.68,283.95,0.093,14.0,0,Fair,Own,East,Fully Paid,No,Fair (580-669),High (>$95k),0
CUST-3405,Female,33,Master,Self-Employed,Married,0,128000.0,717.0,2,LN-2023-12405,Auto,33800.0,36,13.34,1144.4,0.153,6.0,0,Good,Mortgage,North,Current,No,Good (670-739),High (>$95k),0
CUST-3406,Female,38,Bachelor,Employed,Married,2,65200.0,744.0,1,LN-2023-12406,Home,48600.0,48,10.56,1245.73,0.262,5.0,0,Excellent,Rent,South,Current,No,Very Good (740-799),Upper-Middle ($65k-$95k),0
CUST-3407,Male,61,Bachelor,Employed,Single,0,119500.0,667.0,0,LN-2023-12407,Auto,17100.0,36,13.0,576.17,0.08,30.0,0,Fair,Mortgage,East,Fully Paid,No,Fair (580-669),High (>$95k),0
CUST-3408,Male,44,Master,Self-Employed,Married,2,162200.0,707.0,1,LN-2023-12408,Auto,34000.0,60,13.18,776.74,0.08,9.0,0,Good,Mortgage,East,Current,No,Good (670-739),High (>$95k),0
CUST-3409,Female,29,Bachelor,Unemployed,Married,0,18900.0,682.0,4,LN-2023-12409,Home,79200.0,48,11.79,2077.48,0.75,0.0,0,Good,Mortgage,South,Current,No,Good (670-739),Low (<$40k),0
CUST-3410,Male,51,High School,Employed,Married,2,54900.0,822.0,0,LN-2023-12410,Home,72600.0,12,9.41,6362.79,0.75,18.0,0,Excellent,Mortgage,East,Fully Paid,No,Excellent (800+),Lower-Middle ($40k-$65k),0
CUST-3411,Female,61,Bachelor,Employed,Married,1,81500.0,638.0,0,LN-2023-12411,Personal,22000.0,36,17.02,784.58,0.116,22.0,0,Fair,Mortgage,East,Fully Paid,No,Fair (580-669),Upper-Middle ($65k-$95k),0
CUST-3412,Male,30,Bachelor,Employed,Divorced,0,63700.0,611.0,0,LN-2023-12412,Business,80600.0,60,17.88,2041.45,0.385,1.0,0,Fair,Rent,West,Fully Paid,No,Fair (580-669),Lower-Middle ($40k-$65k),0
CUST-3413,Male,22,High School,Self-Employed,Married,1,30200.0,744.0,1,LN-2023-12413,Business,67500.0,36,13.93,2304.7,0.75,1.0,0,Excellent,Rent,West,Current,No,Very Good (740-799),Low (<$40k),0
CUST-3414,Male,58,PhD,Self-Employed,Single,2,70000.0,591.0,1,LN-2023-12414,Home,84400.0,36,12.7,2831.59,0.525,18.0,0,Fair,Mortgage,West,Fully Paid,No,Fair (580-669),Upper-Middle ($65k-$95k),0
CUST-3415,Male,35,High School,Employed,Married,0,26600.0,703.0,3,LN-2023-12415,Personal,22100.0,24,15.94,1081.45,0.628,11.0,0,Good,Rent,East,Fully Paid,No,Good (670-739),Low (<$40k),0
CUST-3416,Female,23,Bachelor,Employed,Single,1,78500.0,655.0,1,LN-2023-12416,Personal,23200.0,36,17.0,827.14,0.165,2.0,0,Fair,Mortgage,North,Current,No,Fair (580-669),Upper-Middle ($65k-$95k),0
CUST-3417,Male,63,Bachelor,Employed,Married,1,36900.0,661.0,0,LN-2023-12417,Education,32400.0,48,13.81,882.29,0.287,5.0,0,Fair,Mortgage,South,Fully Paid,No,Fair (580-669),Low (<$40k),0
CUST-3418,Male,51,High School,Employed,Divorced,0,53500.0,850.0,4,LN-2023-12418,Business,41500.0,12,11.05,3668.81,0.75,2.0,0,Excellent,Mortgage,North,Fully Paid,No,Excellent (800+),Lower-Middle ($40k-$65k),0
CUST-3419,Male,26,Master,Employed,Married,2,177500.0,774.0,0,LN-2023-12419,Personal,6300.0,48,13.86,171.71,0.08,1.0,0,Excellent,Rent,East,Fully Paid,No,Very Good (740-799),High (>$95k),0
CUST-3420,Male,23,Master,Employed,Single,0,148000.0,756.0,0,LN-2023-12420,Auto,35900.0,60,11.7,793.14,0.08,2.0,0,Excellent,Mortgage,Central,Fully Paid,No,Very Good (740-799),High (>$95k),0
CUST-3421,Male,31,Bachelor,Employed,Divorced,0,27500.0,715.0,0,LN-2023-12421,Auto,14600.0,48,12.73,389.73,0.17,0.0,0,Good,Mortgage,West,Fully Paid,No,Good (670-739),Low (<$40k),0
CUST-3422,Male,35,High School,Self-Employed,Divorced,1,31800.0,611.0,0,LN-2023-12422,Home,84300.0,60,13.48,1938.86,0.732,8.0,0,Fair,Own,East,Current,No,Fair (580-669),Low (<$40k),0
CUST-3423,Female,65,High School,Employed,Single,1,34600.0,692.0,2,LN-2023-12423,Home,64600.0,12,11.8,5733.59,0.75,23.0,0,Good,Mortgage,West,Fully Paid,No,Good (670-739),Low (<$40k),0
CUST-3424,Male,48,Bachelor,Employed,Divorced,3,37200.0,719.0,1,LN-2023-12424,Auto,22600.0,36,12.49,755.94,0.282,15.0,0,Good,Rent,West,Current,No,Good (670-739),Low (<$40k),0
CUST-3425,Male,30,Bachelor,Employed,Single,0,29900.0,686.0,2,LN-2023-12425,Personal,16600.0,12,15.01,1498.37,0.75,2.0,0,Good,Mortgage,East,Fully Paid,No,Good (670-739),Low (<$40k),0
CUST-3426,Female,58,Bachelor,Self-Employed,Married,0,71900.0,678.0,2,LN-2023-12426,Personal,29000.0,48,15.38,812.69,0.228,7.0,0,Good,Rent,Central,Current,No,Good (670-739),Upper-Middle ($65k-$95k),0
CUST-3427,Male,67,PhD,Employed,Married,0,127500.0,636.0,0,LN-2023-12427,Personal,22700.0,60,16.39,556.73,0.08,17.0,0,Fair,Mortgage,South,Fully Paid,No,Fair (580-669),High (>$95k),0
CUST-3428,Female,27,Bachelor,Self-Employed,Married,2,111100.0,693.0,1,LN-2023-12428,Business,32000.0,24,15.27,1555.68,0.191,1.0,0,Good,Own,West,Current,No,Good (670-739),High (>$95k),0
CUST-3429,Male,35,Master,Employed,Married,1,62900.0,625.0,1,LN-2023-12429,Auto,43400.0,36,14.19,1487.32,0.318,1.0,0,Fair,Mortgage,North,Current,No,Fair (580-669),Lower-Middle ($40k-$65k),0
CUST-3430,Female,38,Bachelor,Unemployed,Single,2,19500.0,729.0,3,LN-2023-12430,Home,87500.0,24,10.09,4041.32,0.75,0.0,0,Good,Rent,North,Defaulted,Yes,Good (670-739),Low (<$40k),1
CUST-3431,Female,38,Bachelor,Self-Employed,Single,0,84800.0,498.0,0,LN-2023-12431,Auto,17800.0,36,17.4,638.17,0.09,1.0,0,Poor,Rent,Central,Current,No,Poor (<580),Upper-Middle ($65k-$95k),0
CUST-3432,Female,61,Master,Employed,Married,2,74100.0,785.0,1,LN-2023-12432,Business,56900.0,36,12.88,1913.9,0.33,20.0,0,Excellent,Own,East,Current,No,Very Good (740-799),Upper-Middle ($65k-$95k),0
CUST-3433,Female,44,Bachelor,Unemployed,Divorced,1,31700.0,558.0,3,LN-2023-12433,Personal,8500.0,48,18.75,253.03,0.263,0.0,0,Poor,Mortgage,West,Defaulted,Yes,Poor (<580),Low (<$40k),1
CUST-3434,Male,22,Master,Employed,Married,3,94500.0,579.0,0,LN-2023-12434,Personal,13700.0,24,19.34,692.86,0.088,0.0,0,Poor,Mortgage,Central,Current,No,Poor (<580),Upper-Middle ($65k-$95k),0
CUST-3435,Female,60,Bachelor,Employed,Divorced,0,53100.0,704.0,0,LN-2023-12435,Personal,26400.0,24,15.2,1282.56,0.29,10.0,0,Good,Mortgage,Central,Current,No,Good (670-739),Lower-Middle ($40k-$65k),0
CUST-3436,Male,40,High School,Employed,Divorced,1,21300.0,715.0,1,LN-2023-12436,Business,66100.0,24,14.39,3185.84,0.75,5.0,0,Good,Rent,North,Fully Paid,No,Good (670-739),Low (<$40k),0
CUST-3437,Male,54,Master,Employed,Divorced,2,152800.0,846.0,1,LN-2023-12437,Home,85600.0,12,7.9,7442.25,0.592,6.0,0,Excellent,Rent,West,Defaulted,Yes,Excellent (800+),High (>$95k),1
CUST-3438,Male,63,Bachelor,Self-Employed,Single,1,53100.0,695.0,1,LN-2023-12438,Education,13700.0,36,12.95,461.28,0.14,15.0,0,Good,Own,East,Current,No,Good (670-739),Lower-Middle ($40k-$65k),0
CUST-3439,Female,46,Master,Self-Employed,Married,0,105100.0,666.0,3,LN-2023-12439,Personal,11200.0,24,16.04,548.6,0.129,4.0,0,Fair,Rent,East,Fully Paid,No,Fair (580-669),High (>$95k),0
CUST-3440,Male,27,Master,Employed,Single,4,32900.0,686.0,1,LN-2023-12440,Home,128200.0,36,10.73,4180.73,0.75,4.0,0,Good,Rent,North,Fully Paid,No,Good (670-739),Low (<$40k),0
CUST-3441,Female,58,High School,Employed,Married,0,48800.0,805.0,1,LN-2023-12441,Personal,12900.0,48,12.34,341.86,0.134,4.0,0,Excellent,Mortgage,West,Current,No,Excellent (800+),Lower-Middle ($40k-$65k),0
CUST-3442,Female,50,Bachelor,Employed,Married,0,65800.0,850.0,0,LN-2023-12442,Home,97400.0,36,6.98,3006.54,0.548,24.0,0,Excellent,Rent,South,Fully Paid,No,Excellent (800+),Upper-Middle ($65k-$95k),0
CUST-3443,Female,62,Bachelor,Employed,Single,1,67200.0,654.0,2,LN-2023-12443,Personal,17500.0,60,15.95,425.1,0.134,3.0,0,Fair,Mortgage,North,Current,No,Fair (580-669),Upper-Middle ($65k-$95k),0
CUST-3444,Female,25,Bachelor,Employed,Married,1,220000.0,716.0,2,LN-2023-12444,Auto,10900.0,48,11.82,286.08,0.08,4.0,0,Good,Mortgage,West,Fully Paid,No,Good (670-739),High (>$95k),0
CUST-3445,Male,31,Master,Self-Employed,Divorced,2,67400.0,663.0,0,LN-2023-12445,Education,38100.0,24,15.11,1849.33,0.329,7.0,1,Fair,Mortgage,North,Fully Paid,No,Fair (580-669),Upper-Middle ($65k-$95k),0
CUST-3446,Male,21,Bachelor,Employed,Divorced,0,91000.0,661.0,1,LN-2023-12446,Business,26200.0,24,16.36,1287.34,0.186,0.0,0,Fair,Mortgage,East,Current,No,Fair (580-669),Upper-Middle ($65k-$95k),0
CUST-3447,Male,54,Bachelor,Employed,Married,1,79600.0,829.0,2,LN-2023-12447,Personal,22100.0,60,13.22,505.34,0.132,26.0,0,Excellent,Rent,South,Fully Paid,No,Excellent (800+),Upper-Middle ($65k-$95k),0
CUST-3448,Male,21,Bachelor,Self-Employed,Married,1,53300.0,591.0,1,LN-2023-12448,Auto,40800.0,36,14.35,1401.39,0.349,0.0,0,Fair,Mortgage,West,Defaulted,Yes,Fair (580-669),Lower-Middle ($40k-$65k),1
CUST-3449,Male,39,High School,Employed,Married,0,70600.0,471.0,1,LN-2023-12449,Education,31500.0,36,18.23,1142.44,0.214,3.0,0,Poor,Mortgage,Central,Defaulted,Yes,Poor (<580),Upper-Middle ($65k-$95k),1
CUST-3450,Male,22,Master,Employed,Divorced,3,72300.0,696.0,1,LN-2023-12450,Personal,26500.0,48,15.78,748.03,0.147,0.0,0,Good,Own,West,Fully Paid,No,Good (670-739),Upper-Middle ($65k-$95k),0
CUST-3451,Male,41,Bachelor,Employed,Single,2,93200.0,772.0,0,LN-2023-12451,Auto,38100.0,12,12.47,3393.52,0.437,4.0,0,Excellent,Mortgage,South,Fully Paid,No,Very Good (740-799),Upper-Middle ($65k-$95k),0
CUST-3452,Female,40,PhD,Employed,Married,1,220000.0,688.0,1,LN-2023-12452,Auto,26900.0,36,12.64,901.71,0.08,5.0,0,Good,Mortgage,North,Fully Paid,No,Good (670-739),High (>$95k),0
CUST-3453,Female,43,Bachelor,Unemployed,Married,0,23500.0,712.0,2,LN-2023-12453,Personal,29000.0,48,14.24,795.96,0.552,0.0,0,Good,Mortgage,West,Fully Paid,No,Good (670-739),Low (<$40k),0
CUST-3454,Male,41,High School,Employed,Married,3,43300.0,733.0,1,LN-2023-12454,Personal,29500.0,48,14.81,818.17,0.285,10.0,0,Good,Mortgage,Central,Fully Paid,No,Good (670-739),Lower-Middle ($40k-$65k),0
CUST-3455,Female,44,Bachelor,Employed,Divorced,0,100900.0,679.0,1,LN-2023-12455,Personal,15700.0,60,15.39,376.72,0.08,1.0,0,Good,Rent,South,Current,No,Good (670-739),High (>$95k),0
CUST-3456,Male,24,High School,Employed,Married,0,92000.0,717.0,0,LN-2023-12456,Auto,28400.0,36,13.72,966.79,0.126,1.0,0,Good,Own,North,Fully Paid,No,Good (670-739),Upper-Middle ($65k-$95k),0
CUST-3457,Male,32,PhD,Employed,Married,0,62400.0,715.0,0,LN-2023-12457,Personal,17100.0,48,15.45,479.82,0.092,2.0,0,Good,Own,North,Fully Paid,No,Good (670-739),Lower-Middle ($40k-$65k),0
CUST-3458,Female,42,High School,Self-Employed,Divorced,0,46000.0,503.0,0,LN-2023-12458,Personal,11100.0,12,19.53,1025.75,0.268,11.0,1,Poor,Own,South,Current,No,Poor (<580),Lower-Middle ($40k-$65k),0
CUST-3459,Male,40,Master,Unemployed,Divorced,2,36900.0,679.0,0,LN-2023-12459,Auto,14400.0,24,13.16,685.68,0.223,0.0,0,Good,Rent,East,Fully Paid,No,Good (670-739),Low (<$40k),0
CUST-3460,Male,38,Bachelor,Self-Employed,Divorced,1,68100.0,536.0,1,LN-2023-12460,Home,67300.0,12,14.42,6055.98,0.75,15.0,1,Poor,Rent,South,Fully Paid,No,Poor (<580),Upper-Middle ($65k-$95k),0
CUST-3461,Female,21,Bachelor,Employed,Married,3,62500.0,666.0,1,LN-2023-12461,Personal,27500.0,24,14.87,1331.68,0.439,0.0,1,Fair,Own,East,Defaulted,Yes,Fair (580-669),Lower-Middle ($40k-$65k),1
CUST-3462,Female,50,High School,Employed,Single,0,62600.0,627.0,0,LN-2023-12462,Home,91200.0,48,12.54,2425.9,0.465,11.0,0,Fair,Rent,Central,Current,No,Fair (580-669),Lower-Middle ($40k-$65k),0
CUST-3463,Female,53,Bachelor,Employed,Single,1,85000.0,757.0,5,LN-2023-12463,Business,79500.0,12,13.61,7123.5,0.75,10.0,0,Excellent,Mortgage,North,Current,No,Very Good (740-799),Upper-Middle ($65k-$95k),0
CUST-3464,Female,44,Bachelor,Employed,Married,4,54100.0,690.0,1,LN-2023-12464,Personal,24600.0,36,16.06,865.59,0.222,16.0,0,Good,Rent,West,Fully Paid,No,Good (670-739),Lower-Middle ($40k-$65k),0
CUST-3465,Female,34,Bachelor,Employed,Single,2,64600.0,710.0,2,LN-2023-12465,Personal,13100.0,36,14.55,451.23,0.163,1.0,0,Good,Mortgage,South,Fully Paid,No,Good (670-739),Lower-Middle ($40k-$65k),0
CUST-3466,Male,56,Master,Employed,Married,2,60000.0,653.0,0,LN-2023-12466,Personal,8400.0,24,16.91,414.95,0.083,29.0,0,Fair,Own,East,Fully Paid,No,Fair (580-669),Lower-Middle ($40k-$65k),0
CUST-3467,Male,25,Bachelor,Self-Employed,Married,0,44200.0,759.0,0,LN-2023-12467,Personal,19400.0,48,14.48,534.82,0.145,2.0,0,Excellent,Rent,Central,Current,No,Very Good (740-799),Lower-Middle ($40k-$65k),0
CUST-3468,Male,31,Bachelor,Employed,Divorced,2,50300.0,534.0,1,LN-2023-12468,Auto,45600.0,48,16.66,1307.78,0.358,3.0,1,Poor,Rent,South,Current,No,Poor (<580),Lower-Middle ($40k-$65k),0
CUST-3469,Male,44,Bachelor,Employed,Married,0,65000.0,593.0,0,LN-2023-12469,Business,78800.0,48,18.43,2332.49,0.431,19.0,0,Fair,Mortgage,North,Defaulted,Yes,Fair (580-669),Lower-Middle ($40k-$65k),1
CUST-3470,Female,51,High School,Employed,Divorced,1,25300.0,779.0,0,LN-2023-12470,Auto,39000.0,48,9.84,986.15,0.468,24.0,0,Excellent,Rent,West,Fully Paid,No,Very Good (740-799),Low (<$40k),0
CUST-3471,Male,33,Master,Employed,Married,1,64300.0,632.0,0,LN-2023-12471,Home,110000.0,24,12.71,5214.63,0.75,7.0,0,Fair,Rent,South,Defaulted,Yes,Fair (580-669),Lower-Middle ($40k-$65k),1
CUST-3472,Female,36,Bachelor,Employed,Married,1,65400.0,487.0,0,LN-2023-12472,Home,89900.0,60,15.55,2164.76,0.397,0.0,0,Poor,Own,Central,Defaulted,Yes,Poor (<580),Upper-Middle ($65k-$95k),1
CUST-3473,Female,44,High School,Employed,Single,2,84000.0,793.0,1,LN-2023-12473,Personal,7900.0,12,13.3,706.72,0.135,15.0,0,Excellent,Mortgage,North,Fully Paid,No,Very Good (740-799),Upper-Middle ($65k-$95k),0
CUST-3474,Female,33,Bachelor,Employed,Single,1,54600.0,761.0,2,LN-2023-12474,Personal,11300.0,36,13.37,382.76,0.171,4.0,0,Excellent,Mortgage,North,Current,No,Very Good (740-799),Lower-Middle ($40k-$65k),0
CUST-3475,Female,44,Bachelor,Employed,Married,0,35900.0,730.0,1,LN-2023-12475,Education,25600.0,60,11.75,566.23,0.272,8.0,0,Good,Mortgage,Central,Current,No,Good (670-739),Low (<$40k),0
CUST-3476,Female,46,Bachelor,Self-Employed,Divorced,1,65800.0,678.0,0,LN-2023-12476,Home,71900.0,24,12.01,3384.92,0.617,3.0,0,Good,Own,Central,Current,No,Good (670-739),Upper-Middle ($65k-$95k),0
CUST-3477,Male,22,Bachelor,Employed,Married,1,48700.0,811.0,3,LN-2023-12477,Personal,25700.0,24,13.51,1227.99,0.441,1.0,0,Excellent,Rent,North,Fully Paid,No,Excellent (800+),Lower-Middle ($40k-$65k),0
CUST-3478,Female,36,High School,Employed,Divorced,0,62900.0,776.0,0,LN-2023-12478,Personal,13800.0,36,14.99,478.31,0.091,10.0,0,Excellent,Rent,West,Current,No,Very Good (740-799),Lower-Middle ($40k-$65k),0
CUST-3479,Male,58,Bachelor,Employed,Married,0,54000.0,801.0,2,LN-2023-12479,Home,54700.0,48,10.05,1388.65,0.42,9.0,0,Excellent,Mortgage,North,Current,No,Excellent (800+),Lower-Middle ($40k-$65k),0
CUST-3480,Female,66,Master,Employed,Divorced,0,23000.0,729.0,3,LN-2023-12480,Education,32600.0,36,11.68,1077.81,0.75,36.0,0,Good,Rent,North,Fully Paid,No,Good (670-739),Low (<$40k),0
CUST-3481,Male,21,High School,Unemployed,Married,0,90500.0,680.0,0,LN-2023-12481,Home,104300.0,48,11.23,2707.35,0.359,0.0,1,Good,Rent,North,Fully Paid,No,Good (670-739),Upper-Middle ($65k-$95k),0
CUST-3482,Female,31,Master,Employed,Single,4,83000.0,636.0,0,LN-2023-12482,Education,14600.0,24,14.98,707.77,0.102,2.0,0,Fair,Mortgage,North,Current,No,Fair (580-669),Upper-Middle ($65k-$95k),0
CUST-3483,Female,55,High School,Employed,Single,0,51100.0,562.0,4,LN-2023-12483,Auto,47300.0,60,16.61,1165.63,0.437,2.0,0,Poor,Mortgage,East,Current,No,Poor (<580),Lower-Middle ($40k-$65k),0
CUST-3484,Male,63,Master,Self-Employed,Married,1,44700.0,668.0,0,LN-2023-12484,Personal,14700.0,24,16.13,720.67,0.193,23.0,0,Good,Rent,South,Defaulted,Yes,Fair (580-669),Lower-Middle ($40k-$65k),1
CUST-3485,Male,49,Bachelor,Employed,Divorced,2,32500.0,719.0,0,LN-2023-12485,Business,67600.0,36,14.06,2312.38,0.75,21.0,0,Good,Rent,East,Fully Paid,No,Good (670-739),Low (<$40k),0
CUST-3486,Female,57,Bachelor,Employed,Married,0,60300.0,640.0,1,LN-2023-12486,Personal,29400.0,36,16.34,1038.56,0.24,29.0,0,Fair,Mortgage,West,Fully Paid,No,Fair (580-669),Lower-Middle ($40k-$65k),0
CUST-3487,Male,37,High School,Employed,Married,3,57100.0,722.0,0,LN-2023-12487,Personal,7500.0,36,15.88,263.23,0.08,11.0,0,Good,Rent,East,Fully Paid,No,Good (670-739),Lower-Middle ($40k-$65k),0
CUST-3488,Female,59,High School,Employed,Single,0,67300.0,641.0,5,LN-2023-12488,Education,35900.0,36,13.53,1218.8,0.457,7.0,0,Fair,Mortgage,South,Fully Paid,No,Fair (580-669),Upper-Middle ($65k-$95k),0
CUST-3489,Female,62,High School,Self-Employed,Married,2,62800.0,743.0,0,LN-2023-12489,Personal,23400.0,36,13.7,796.35,0.152,34.0,0,Excellent,Own,North,Fully Paid,No,Very Good (740-799),Lower-Middle ($40k-$65k),0
CUST-3490,Male,48,High School,Employed,Married,0,28800.0,595.0,1,LN-2023-12490,Home,59200.0,48,13.52,1603.51,0.75,21.0,0,Fair,Mortgage,West,Fully Paid,No,Fair (580-669),Low (<$40k),0
CUST-3491,Male,49,Bachelor,Employed,Married,0,20400.0,580.0,1,LN-2023-12491,Education,28600.0,48,17.48,832.37,0.624,4.0,0,Fair,Mortgage,South,Current,No,Fair (580-669),Low (<$40k),0
CUST-3492,Male,63,Bachelor,Employed,Single,0,60100.0,649.0,1,LN-2023-12492,Auto,43200.0,36,12.85,1452.46,0.317,20.0,0,Fair,Rent,South,Fully Paid,No,Fair (580-669),Lower-Middle ($40k-$65k),0
CUST-3493,Female,23,Bachelor,Employed,Married,0,49400.0,740.0,1,LN-2023-12493,Home,112900.0,24,10.06,5212.89,0.75,1.0,0,Excellent,Rent,West,Defaulted,Yes,Very Good (740-799),Lower-Middle ($40k-$65k),1
CUST-3494,Male,30,Master,Employed,Single,2,44100.0,571.0,5,LN-2023-12494,Auto,38900.0,48,16.13,1105.03,0.448,4.0,1,Poor,Rent,South,Current,No,Poor (<580),Lower-Middle ($40k-$65k),0
CUST-3495,Male,62,Bachelor,Employed,Single,0,91300.0,759.0,3,LN-2023-12495,Education,11500.0,60,13.13,262.43,0.085,35.0,0,Excellent,Mortgage,North,Current,No,Very Good (740-799),Upper-Middle ($65k-$95k),0
CUST-3496,Male,34,Bachelor,Employed,Single,1,30900.0,530.0,1,LN-2023-12496,Home,61200.0,36,14.95,2120.02,0.75,1.0,0,Poor,Mortgage,West,Defaulted,Yes,Poor (<580),Low (<$40k),1
CUST-3497,Female,32,Bachelor,Employed,Divorced,0,83000.0,649.0,1,LN-2023-12497,Auto,30800.0,48,12.73,822.17,0.158,6.0,0,Fair,Mortgage,West,Fully Paid,No,Fair (580-669),Upper-Middle ($65k-$95k),0
CUST-3498,Female,67,Bachelor,Unemployed,Single,2,18000.0,549.0,0,LN-2023-12498,Business,60600.0,36,17.62,2179.3,0.75,0.0,0,Poor,Rent,Central,Fully Paid,No,Poor (<580),Low (<$40k),0
CUST-3499,Female,62,Bachelor,Employed,Single,2,66800.0,448.0,1,LN-2023-12499,Business,86100.0,24,21.7,4453.96,0.75,6.0,2,Poor,Rent,East,Defaulted,Yes,Poor (<580),Upper-Middle ($65k-$95k),1
CUST-3500,Male,50,Master,Employed,Married,1,118500.0,701.0,0,LN-2023-12500,Home,84800.0,36,11.19,2783.88,0.282,13.0,0,Good,Mortgage,North,Fully Paid,No,Good (670-739),High (>$95k),0
CUST-3501,Female,52,High School,Employed,Married,0,42200.0,654.0,2,LN-2023-12501,Personal,11800.0,48,15.62,332.12,0.236,21.0,0,Fair,Own,East,Fully Paid,No,Fair (580-669),Lower-Middle ($40k-$65k),0
CUST-3502,Female,52,High School,Unemployed,Single,1,36800.0,551.0,0,LN-2023-12502,Auto,17200.0,48,16.52,492.05,0.16,0.0,1,Poor,Mortgage,North,Defaulted,Yes,Poor (<580),Low (<$40k),1
CUST-3503,Female,62,Bachelor,Self-Employed,Divorced,0,171400.0,626.0,2,LN-2023-12503,Personal,4600.0,48,17.24,133.31,0.08,9.0,0,Fair,Mortgage,Central,Current,No,Fair (580-669),High (>$95k),0
CUST-3504,Female,52,High School,Self-Employed,Single,0,62800.0,707.0,1,LN-2023-12504,Auto,12600.0,12,11.0,1113.61,0.239,11.0,1,Good,Mortgage,North,Fully Paid,No,Good (670-739),Lower-Middle ($40k-$65k),0
CUST-3505,Male,46,Master,Employed,Married,1,99300.0,638.0,3,LN-2023-12505,Home,93800.0,36,10.79,3061.57,0.468,21.0,0,Fair,Own,Central,Fully Paid,No,Fair (580-669),High (>$95k),0
CUST-3506,Male,21,Master,Self-Employed,Married,4,144300.0,653.0,1,LN-2023-12506,Auto,16700.0,24,14.15,803.0,0.086,0.0,0,Fair,Rent,Central,Fully Paid,No,Fair (580-669),High (>$95k),0
CUST-3507,Female,62,High School,Employed,Single,3,62700.0,636.0,3,LN-2023-12507,Home,117400.0,48,13.73,3192.25,0.75,20.0,0,Fair,Own,West,Fully Paid,No,Fair (580-669),Lower-Middle ($40k-$65k),0
CUST-3508,Male,22,High School,Employed,Single,1,59800.0,620.0,2,LN-2023-12508,Business,61800.0,24,17.14,3059.69,0.691,0.0,0,Fair,Own,North,Current,No,Fair (580-669),Lower-Middle ($40k-$65k),0
CUST-3509,Female,37,Bachelor,Employed,Single,1,49700.0,619.0,4,LN-2023-12509,Personal,28100.0,36,15.47,980.58,0.402,6.0,0,Fair,Own,East,Fully Paid,No,Fair (580-669),Lower-Middle ($40k-$65k),0
CUST-3510,Female,50,Bachelor,Self-Employed,Single,4,33800.0,616.0,2,LN-2023-12510,Personal,15400.0,48,16.12,437.39,0.31,19.0,0,Fair,Own,South,Current,No,Fair (580-669),Low (<$40k),0
CUST-3511,Male,59,Bachelor,Self-Employed,Married,1,38700.0,605.0,2,LN-2023-12511,Education,26300.0,48,15.93,744.41,0.346,27.0,0,Fair,Mortgage,West,Current,No,Fair (580-669),Low (<$40k),0
CUST-3512,Female,27,Bachelor,Self-Employed,Divorced,1,211200.0,583.0,0,LN-2023-12512,Home,89700.0,24,13.99,4306.33,0.245,1.0,0,Fair,Rent,South,Current,No,Fair (580-669),High (>$95k),0
CUST-3513,Male,47,Bachelor,Unemployed,Single,3,25400.0,637.0,1,LN-2023-12513,Home,128900.0,12,12.15,11461.66,0.75,0.0,2,Fair,Own,South,Defaulted,Yes,Fair (580-669),Low (<$40k),1
CUST-3514,Male,29,Bachelor,Employed,Married,0,56300.0,615.0,1,LN-2023-12514,Business,75800.0,24,16.73,3737.9,0.75,5.0,0,Fair,Rent,East,Defaulted,Yes,Fair (580-669),Lower-Middle ($40k-$65k),1
CUST-3515,Female,42,High School,Employed,Married,0,86700.0,578.0,0,LN-2023-12515,Auto,32600.0,36,16.14,1148.37,0.159,2.0,0,Poor,Mortgage,North,Current,No,Poor (<580),Upper-Middle ($65k-$95k),0
CUST-3516,Female,54,Master,Employed,Divorced,1,55600.0,735.0,2,LN-2023-12516,Auto,33100.0,12,12.9,2954.85,0.721,1.0,0,Good,Rent,East,Current,No,Good (670-739),Lower-Middle ($40k-$65k),0
CUST-3517,Male,66,High School,Self-Employed,Divorced,0,73400.0,774.0,0,LN-2023-12517,Personal,10200.0,24,14.26,490.99,0.08,21.0,0,Excellent,Rent,South,Fully Paid,No,Very Good (740-799),Upper-Middle ($65k-$95k),0
CUST-3518,Male,21,Master,Employed,Married,0,80600.0,669.0,1,LN-2023-12518,Auto,37900.0,60,12.91,860.6,0.146,0.0,0,Fair,Rent,East,Current,No,Fair (580-669),Upper-Middle ($65k-$95k),0
CUST-3519,Female,29,Bachelor,Self-Employed,Married,1,88900.0,675.0,1,LN-2023-12519,Home,128500.0,36,12.08,4272.95,0.613,1.0,0,Good,Mortgage,North,Fully Paid,No,Good (670-739),Upper-Middle ($65k-$95k),0
CUST-3520,Female,40,Bachelor,Employed,Married,1,54000.0,611.0,0,LN-2023-12520,Home,56000.0,36,12.61,1876.36,0.417,12.0,1,Fair,Rent,South,Fully Paid,No,Fair (580-669),Lower-Middle ($40k-$65k),0
CUST-3521,Female,39,Master,Employed,Married,4,50400.0,760.0,0,LN-2023-12521,Education,27700.0,12,11.66,2456.71,0.585,8.0,0,Excellent,Rent,East,Fully Paid,No,Very Good (740-799),Lower-Middle ($40k-$65k),0
CUST-3522,Male,56,Master,Employed,Single,0,53700.0,817.0,1,LN-2023-12522,Home,89000.0,36,7.88,2784.01,0.648,24.0,0,Excellent,Mortgage,East,Current,No,Excellent (800+),Lower-Middle ($40k-$65k),0
CUST-3523,Male,60,Bachelor,Employed,Single,0,44200.0,656.0,0,LN-2023-12523,Business,79500.0,36,16.18,2802.05,0.75,22.0,0,Fair,Rent,North,Defaulted,Yes,Fair (580-669),Lower-Middle ($40k-$65k),1
CUST-3524,Male,65,High School,Self-Employed,Single,0,56400.0,625.0,1,LN-2023-12524,Education,6000.0,36,15.45,209.32,0.08,28.0,0,Fair,Own,South,Fully Paid,No,Fair (580-669),Lower-Middle ($40k-$65k),0
CUST-3525,Female,24,Master,Employed,Single,1,38600.0,699.0,0,LN-2023-12525,Auto,15200.0,36,11.51,501.31,0.156,1.0,0,Good,Own,East,Current,No,Good (670-739),Low (<$40k),0
CUST-3526,Male,29,Bachelor,Employed,Married,2,35900.0,680.0,4,LN-2023-12526,Auto,11400.0,60,12.83,258.39,0.422,2.0,0,Good,Mortgage,North,Fully Paid,No,Good (670-739),Low (<$40k),0
CUST-3527,Male,61,High School,Employed,Married,1,52200.0,627.0,4,LN-2023-12527,Home,58800.0,24,12.18,2772.87,0.75,21.0,0,Fair,Rent,East,Fully Paid,No,Fair (580-669),Lower-Middle ($40k-$65k),0
CUST-3528,Female,42,Master,Employed,Married,0,73500.0,710.0,1,LN-2023-12528,Personal,23500.0,36,15.91,825.15,0.17,4.0,0,Good,Mortgage,North,Current,No,Good (670-739),Upper-Middle ($65k-$95k),0
CUST-3529,Male,38,High School,Employed,Married,1,53500.0,749.0,0,LN-2023-12529,Personal,7100.0,36,13.72,241.7,0.08,12.0,0,Excellent,Mortgage,Central,Current,No,Very Good (740-799),Lower-Middle ($40k-$65k),0
CUST-3530,Female,32,High School,Employed,Married,1,48100.0,603.0,0,LN-2023-12530,Personal,21000.0,36,17.3,751.85,0.188,5.0,0,Fair,Mortgage,South,Current,No,Fair (580-669),Lower-Middle ($40k-$65k),0
CUST-3531,Female,62,High School,Self-Employed,Single,0,175400.0,850.0,3,LN-2023-12531,Business,80800.0,12,12.47,7196.76,0.525,8.0,0,Excellent,Own,West,Fully Paid,No,Excellent (800+),High (>$95k),0
CUST-3532,Female,63,Bachelor,Employed,Single,0,66600.0,539.0,1,LN-2023-12532,Home,47900.0,48,14.47,1320.26,0.286,23.0,1,Poor,Own,East,Fully Paid,No,Poor (<580),Upper-Middle ($65k-$95k),0
CUST-3533,Male,59,Bachelor,Employed,Single,1,53000.0,597.0,2,LN-2023-12533,Auto,11000.0,24,16.24,539.86,0.195,31.0,0,Fair,Rent,West,Fully Paid,No,Fair (580-669),Lower-Middle ($40k-$65k),0
CUST-3534,Male,29,Bachelor,Employed,Single,4,65800.0,689.0,3,LN-2023-12534,Auto,47600.0,36,13.04,1604.75,0.425,1.0,0,Good,Mortgage,Central,Fully Paid,No,Good (670-739),Upper-Middle ($65k-$95k),0
CUST-3535,Female,26,Bachelor,Employed,Single,2,99500.0,850.0,3,LN-2023-12535,Auto,35600.0,36,10.92,1164.15,0.233,1.0,0,Excellent,Mortgage,Central,Fully Paid,No,Excellent (800+),High (>$95k),0
CUST-3536,Female,39,Bachelor,Employed,Single,2,61500.0,622.0,3,LN-2023-12536,Auto,15300.0,36,16.06,538.36,0.171,13.0,0,Fair,Own,North,Fully Paid,No,Fair (580-669),Lower-Middle ($40k-$65k),0
CUST-3537,Female,67,Bachelor,Employed,Married,3,85600.0,579.0,2,LN-2023-12537,Home,71100.0,36,13.88,2425.89,0.402,4.0,0,Poor,Mortgage,Central,Current,No,Poor (<580),Upper-Middle ($65k-$95k),0
CUST-3538,Male,27,High School,Employed,Divorced,2,58700.0,716.0,3,LN-2023-12538,Education,39500.0,24,13.34,1884.22,0.529,0.0,0,Good,Mortgage,North,Fully Paid,No,Good (670-739),Lower-Middle ($40k-$65k),0
CUST-3539,Female,36,Master,Employed,Married,3,68300.0,648.0,3,LN-2023-12539,Business,35900.0,36,16.74,1275.29,0.318,5.0,0,Fair,Mortgage,South,Fully Paid,No,Fair (580-669),Upper-Middle ($65k-$95k),0
CUST-3540,Female,25,High School,Employed,Married,0,51600.0,726.0,1,LN-2023-12540,Auto,38600.0,12,12.9,3445.84,0.75,2.0,0,Good,Rent,East,Current,No,Good (670-739),Lower-Middle ($40k-$65k),0
CUST-3541,Female,36,PhD,Self-Employed,Married,1,219200.0,663.0,4,LN-2023-12541,Education,14200.0,24,14.3,683.8,0.08,7.0,0,Fair,Rent,Central,Fully Paid,No,Fair (580-669),High (>$95k),0
CUST-3542,Female,21,High School,Unemployed,Divorced,2,19200.0,597.0,2,LN-2023-12542,Personal,14600.0,48,18.48,432.55,0.467,0.0,1,Fair,Rent,East,Fully Paid,No,Fair (580-669),Low (<$40k),0
CUST-3543,Female,57,Master,Employed,Divorced,1,49900.0,850.0,1,LN-2023-12543,Personal,28500.0,48,12.45,756.83,0.237,16.0,0,Excellent,Rent,Central,Fully Paid,No,Excellent (800+),Lower-Middle ($40k-$65k),0
CUST-3544,Female,59,High School,Employed,Single,0,42500.0,418.0,1,LN-2023-12544,Auto,11100.0,48,20.07,338.19,0.154,30.0,0,Poor,Rent,Central,Current,No,Poor (<580),Lower-Middle ($40k-$65k),0
CUST-3545,Male,39,High School,Employed,Single,0,19000.0,824.0,2,LN-2023-12545,Education,16400.0,36,9.66,526.57,0.49,12.0,0,Excellent,Mortgage,West,Fully Paid,No,Excellent (800+),Low (<$40k),0
CUST-3546,Male,57,Master,Employed,Single,0,82800.0,749.0,1,LN-2023-12546,Home,86400.0,48,9.97,2190.08,0.358,30.0,0,Excellent,Rent,East,Fully Paid,No,Very Good (740-799),Upper-Middle ($65k-$95k),0
CUST-3547,Male,37,Master,Self-Employed,Divorced,0,161500.0,606.0,3,LN-2023-12547,Auto,33800.0,24,15.68,1649.79,0.183,7.0,0,Fair,Own,South,Defaulted,Yes,Fair (580-669),High (>$95k),1
CUST-3548,Male,46,Bachelor,Self-Employed,Single,0,39500.0,829.0,0,LN-2023-12548,Personal,3800.0,36,11.76,125.78,0.08,2.0,0,Excellent,Rent,South,Fully Paid,No,Excellent (800+),Low (<$40k),0
CUST-3549,Male,42,Bachelor,Employed,Divorced,1,67200.0,553.0,3,LN-2023-12549,Business,48700.0,12,18.74,4481.98,0.75,17.0,0,Poor,Rent,East,Current,No,Poor (<580),Upper-Middle ($65k-$95k),0
CUST-3550,Male,28,Bachelor,Employed,Married,2,98000.0,755.0,1,LN-2023-12550,Education,17700.0,48,12.62,471.52,0.08,0.0,0,Excellent,Own,North,Fully Paid,No,Very Good (740-799),High (>$95k),0
CUST-3551,Male,53,Master,Employed,Married,2,127200.0,492.0,0,LN-2023-12551,Home,47300.0,36,16.69,1679.09,0.158,21.0,1,Poor,Own,North,Fully Paid,No,Poor (<580),High (>$95k),0
CUST-3552,Male,22,Bachelor,Employed,Single,2,111800.0,572.0,3,LN-2023-12552,Business,44900.0,48,17.78,1313.78,0.219,0.0,2,Poor,Rent,South,Current,No,Poor (<580),High (>$95k),0
CUST-3553,Female,50,Bachelor,Self-Employed,Married,3,31200.0,572.0,0,LN-2023-12553,Personal,30000.0,48,18.36,886.9,0.341,19.0,2,Poor,Rent,Central,Current,No,Poor (<580),Low (<$40k),0
CUST-3554,Female,67,Bachelor,Employed,Divorced,0,78900.0,606.0,3,LN-2023-12554,Home,68300.0,36,12.58,2287.5,0.439,6.0,1,Fair,Rent,South,Defaulted,Yes,Fair (580-669),Upper-Middle ($65k-$95k),1
CUST-3555,Male,40,Bachelor,Employed,Married,0,31900.0,670.0,1,LN-2023-12555,Personal,20000.0,36,15.96,702.75,0.332,6.0,0,Good,Mortgage,North,Current,No,Good (670-739),Low (<$40k),0
CUST-3556,Female,38,Master,Employed,Divorced,0,49700.0,599.0,3,LN-2023-12556,Home,70300.0,12,14.26,6320.64,0.75,4.0,0,Fair,Rent,West,Current,No,Fair (580-669),Lower-Middle ($40k-$65k),0
CUST-3557,Male,63,High School,Employed,Married,3,71000.0,496.0,0,LN-2023-12557,Personal,6100.0,36,19.87,226.29,0.08,8.0,0,Poor,Rent,Central,Defaulted,Yes,Poor (<580),Upper-Middle ($65k-$95k),1
CUST-3558,Male,30,High School,Employed,Single,0,52700.0,709.0,0,LN-2023-12558,Home,69600.0,36,10.21,2252.66,0.513,4.0,0,Good,Mortgage,West,Current,No,Good (670-739),Lower-Middle ($40k-$65k),0
CUST-3559,Male,44,Bachelor,Employed,Married,2,87200.0,674.0,3,LN-2023-12559,Business,53000.0,24,15.64,2585.94,0.46,3.0,0,Good,Own,North,Fully Paid,No,Good (670-739),Upper-Middle ($65k-$95k),0
CUST-3560,Male,24,Bachelor,Employed,Single,0,41400.0,704.0,0,LN-2023-12560,Home,70200.0,60,10.45,1507.13,0.437,2.0,0,Good,Own,South,Current,No,Good (670-739),Lower-Middle ($40k-$65k),0
CUST-3561,Female,57,High School,Self-Employed,Married,3,109600.0,684.0,4,LN-2023-12561,Home,98100.0,60,10.94,2130.0,0.319,11.0,0,Good,Mortgage,East,Current,No,Good (670-739),High (>$95k),0
CUST-3562,Female,24,Bachelor,Self-Employed,Divorced,0,98500.0,751.0,3,LN-2023-12562,Auto,46100.0,24,11.4,2157.19,0.33,1.0,0,Excellent,Rent,North,Current,No,Very Good (740-799),High (>$95k),0
CUST-3563,Male,33,PhD,Employed,Single,2,138500.0,663.0,0,LN-2023-12563,Auto,12600.0,48,13.36,340.28,0.08,5.0,0,Fair,Mortgage,East,Fully Paid,No,Fair (580-669),High (>$95k),0
CUST-3564,Male,45,High School,Unemployed,Married,0,18000.0,756.0,1,LN-2023-12564,Business,70200.0,12,13.14,6274.68,0.75,0.0,0,Excellent,Own,North,Defaulted,Yes,Very Good (740-799),Low (<$40k),1
CUST-3565,Male,33,Bachelor,Employed,Divorced,0,106500.0,604.0,0,LN-2023-12565,Auto,10000.0,36,15.06,346.95,0.08,6.0,0,Fair,Rent,East,Fully Paid,No,Fair (580-669),High (>$95k),0
CUST-3566,Male,38,Master,Self-Employed,Married,1,77600.0,608.0,1,LN-2023-12566,Auto,10000.0,36,14.24,342.94,0.08,2.0,0,Fair,Own,West,Current,No,Fair (580-669),Upper-Middle ($65k-$95k),0
CUST-3567,Male,44,Bachelor,Self-Employed,Married,4,54900.0,786.0,1,LN-2023-12567,Home,56300.0,48,9.81,1422.78,0.344,14.0,0,Excellent,Rent,West,Current,No,Very Good (740-799),Lower-Middle ($40k-$65k),0
CUST-3568,Male,22,Master,Employed,Married,1,103100.0,785.0,1,LN-2023-12568,Personal,16900.0,24,13.31,805.92,0.118,1.0,0,Excellent,Rent,West,Current,No,Very Good (740-799),High (>$95k),0
CUST-3569,Female,53,Master,Self-Employed,Divorced,3,116400.0,718.0,4,LN-2023-12569,Home,49100.0,60,10.79,1062.42,0.212,8.0,0,Good,Rent,West,Fully Paid,No,Good (670-739),High (>$95k),0
CUST-3570,Female,39,Bachelor,Employed,Married,2,42900.0,594.0,0,LN-2023-12570,Home,106400.0,48,13.52,2881.98,0.75,3.0,0,Fair,Own,North,Defaulted,Yes,Fair (580-669),Lower-Middle ($40k-$65k),1
CUST-3571,Male,29,Bachelor,Employed,Married,2,158600.0,587.0,1,LN-2023-12571,Home,47500.0,36,12.1,1579.95,0.138,5.0,0,Fair,Rent,Central,Current,No,Fair (580-669),High (>$95k),0
CUST-3572,Female,48,Bachelor,Employed,Divorced,1,142200.0,782.0,1,LN-2023-12572,Auto,28800.0,36,10.91,941.65,0.103,4.0,0,Excellent,Rent,West,Current,No,Very Good (740-799),High (>$95k),0
CUST-3573,Male,55,Bachelor,Self-Employed,Single,0,94900.0,778.0,0,LN-2023-12573,Home,102500.0,36,10.39,3326.19,0.421,1.0,0,Excellent,Mortgage,North,Fully Paid,No,Very Good (740-799),Upper-Middle ($65k-$95k),0
CUST-3574,Male,59,Master,Self-Employed,Married,0,108600.0,664.0,2,LN-2023-12574,Business,36600.0,48,15.45,1026.97,0.151,20.0,1,Fair,Own,West,Defaulted,Yes,Fair (580-669),High (>$95k),1
CUST-3575,Male,30,Bachelor,Employed,Single,3,72900.0,850.0,1,LN-2023-12575,Business,60600.0,60,13.49,1394.08,0.273,2.0,0,Excellent,Rent,East,Current,No,Excellent (800+),Upper-Middle ($65k-$95k),0
CUST-3576,Female,21,Bachelor,Employed,Divorced,3,31300.0,709.0,4,LN-2023-12576,Home,67300.0,24,11.08,3139.21,0.75,0.0,0,Good,Mortgage,South,Current,No,Good (670-739),Low (<$40k),0
CUST-3577,Female,62,High School,Employed,Married,2,51700.0,575.0,2,LN-2023-12577,Auto,18100.0,24,16.01,886.32,0.325,35.0,1,Poor,Own,West,Current,No,Poor (<580),Lower-Middle ($40k-$65k),0
CUST-3578,Female,41,High School,Unemployed,Single,0,18000.0,646.0,1,LN-2023-12578,Home,114600.0,48,12.26,3032.51,0.75,0.0,0,Fair,Own,North,Defaulted,Yes,Fair (580-669),Low (<$40k),1
CUST-3579,Male,29,High School,Employed,Single,0,37900.0,670.0,2,LN-2023-12579,Home,73300.0,36,12.29,2444.77,0.75,2.0,0,Good,Own,Central,Current,No,Good (670-739),Low (<$40k),0
CUST-3580,Female,67,Master,Self-Employed,Single,4,77900.0,677.0,3,LN-2023-12580,Business,77000.0,36,16.48,2725.37,0.543,36.0,0,Good,Own,East,Defaulted,Yes,Good (670-739),Upper-Middle ($65k-$95k),1
CUST-3581,Male,35,Bachelor,Employed,Married,0,21500.0,776.0,2,LN-2023-12581,Personal,9300.0,24,13.71,445.25,0.413,2.0,0,Excellent,Rent,East,Current,No,Very Good (740-799),Low (<$40k),0
CUST-3582,Female,55,Bachelor,Employed,Single,2,38400.0,588.0,0,LN-2023-12582,Home,75200.0,48,13.06,2019.67,0.631,24.0,2,Fair,Rent,South,Defaulted,Yes,Fair (580-669),Low (<$40k),1
CUST-3583,Male,25,Bachelor,Employed,Married,0,95200.0,556.0,1,LN-2023-12583,Personal,6000.0,36,17.57,215.62,0.08,2.0,1,Poor,Own,East,Fully Paid,No,Poor (<580),High (>$95k),0
CUST-3584,Male,61,Master,Unemployed,Single,0,59400.0,721.0,1,LN-2023-12584,Auto,28900.0,36,13.01,973.89,0.22,0.0,0,Good,Mortgage,West,Defaulted,Yes,Good (670-739),Lower-Middle ($40k-$65k),1
CUST-3585,Female,42,Bachelor,Employed,Married,2,41100.0,626.0,1,LN-2023-12585,Personal,14100.0,48,17.07,407.37,0.173,6.0,0,Fair,Rent,South,Fully Paid,No,Fair (580-669),Lower-Middle ($40k-$65k),0
CUST-3586,Female,61,Master,Unemployed,Married,0,29600.0,850.0,1,LN-2023-12586,Education,6200.0,60,9.51,130.24,0.101,0.0,0,Excellent,Mortgage,East,Fully Paid,No,Excellent (800+),Low (<$40k),0
CUST-3587,Male,43,Bachelor,Employed,Married,0,103100.0,750.0,2,LN-2023-12587,Home,84500.0,48,9.39,2118.47,0.279,14.0,0,Excellent,Rent,South,Fully Paid,No,Very Good (740-799),High (>$95k),0
CUST-3588,Female,27,Master,Employed,Single,3,61600.0,625.0,0,LN-2023-12588,Business,25200.0,24,16.8,1243.52,0.242,5.0,0,Fair,Mortgage,West,Fully Paid,No,Fair (580-669),Lower-Middle ($40k-$65k),0
CUST-3589,Male,43,Bachelor,Self-Employed,Married,2,98000.0,773.0,1,LN-2023-12589,Business,78600.0,48,12.91,2105.13,0.281,3.0,0,Excellent,Rent,West,Current,No,Very Good (740-799),High (>$95k),0
CUST-3590,Female,64,Bachelor,Self-Employed,Married,2,71200.0,732.0,0,LN-2023-12590,Education,22800.0,36,12.73,765.26,0.129,27.0,0,Good,Mortgage,West,Current,No,Good (670-739),Upper-Middle ($65k-$95k),0
CUST-3591,Female,45,Bachelor,Self-Employed,Married,2,123500.0,723.0,0,LN-2023-12591,Auto,36200.0,36,11.26,1189.6,0.116,9.0,0,Good,Own,West,Current,No,Good (670-739),High (>$95k),0
CUST-3592,Female,47,Bachelor,Employed,Single,0,35300.0,659.0,0,LN-2023-12592,Personal,26800.0,60,15.93,650.73,0.221,17.0,0,Fair,Mortgage,North,Fully Paid,No,Fair (580-669),Low (<$40k),0
CUST-3593,Female,61,High School,Employed,Married,0,29900.0,705.0,2,LN-2023-12593,Business,23600.0,36,14.28,809.81,0.513,25.0,0,Good,Mortgage,North,Defaulted,Yes,Good (670-739),Low (<$40k),1
CUST-3594,Male,26,Bachelor,Employed,Single,1,71300.0,491.0,4,LN-2023-12594,Education,17500.0,36,18.14,633.9,0.254,0.0,0,Poor,Rent,South,Current,No,Poor (<580),Upper-Middle ($65k-$95k),0
CUST-3595,Male,54,Bachelor,Employed,Married,0,62500.0,781.0,1,LN-2023-12595,Personal,3700.0,48,12.93,99.13,0.08,5.0,0,Excellent,Rent,North,Fully Paid,No,Very Good (740-799),Lower-Middle ($40k-$65k),0
CUST-3596,Female,29,High School,Unemployed,Married,0,18000.0,377.0,1,LN-2023-12596,Home,49200.0,36,17.61,1769.09,0.75,0.0,0,Poor,Mortgage,East,Defaulted,Yes,Poor (<580),Low (<$40k),1
CUST-3597,Male,53,PhD,Employed,Single,2,120300.0,632.0,3,LN-2023-12597,Personal,4100.0,48,18.48,121.47,0.08,13.0,0,Fair,Mortgage,Central,Current,No,Fair (580-669),High (>$95k),0
CUST-3598,Male,26,Bachelor,Employed,Divorced,0,41400.0,534.0,0,LN-2023-12598,Auto,28200.0,12,17.16,2574.12,0.746,4.0,0,Poor,Rent,West,Fully Paid,No,Poor (<580),Lower-Middle ($40k-$65k),0
CUST-3599,Male,57,Master,Employed,Married,1,42000.0,627.0,0,LN-2023-12599,Personal,16100.0,48,17.43,468.16,0.134,11.0,0,Fair,Own,South,Current,No,Fair (580-669),Lower-Middle ($40k-$65k),0
CUST-3600,Male,51,Bachelor,Employed,Married,0,50200.0,663.0,1,LN-2023-12600,Auto,12300.0,24,14.62,594.17,0.196,16.0,1,Fair,Mortgage,South,Fully Paid,No,Fair (580-669),Lower-Middle ($40k-$65k),0
CUST-3601,Female,54,Bachelor,Employed,Married,0,52800.0,568.0,1,LN-2023-12601,Auto,20000.0,24,16.16,980.79,0.28,0.0,0,Poor,Mortgage,North,Current,No,Poor (<580),Lower-Middle ($40k-$65k),0
CUST-3602,Male,61,Bachelor,Employed,Single,0,55300.0,434.0,2,LN-2023-12602,Home,65800.0,24,15.77,3214.55,0.75,24.0,0,Poor,Rent,North,Defaulted,Yes,Poor (<580),Lower-Middle ($40k-$65k),1
CUST-3603,Female,49,Bachelor,Employed,Married,2,111300.0,687.0,3,LN-2023-12603,Business,40800.0,24,14.56,1969.74,0.247,15.0,0,Good,Own,South,Current,No,Good (670-739),High (>$95k),0
CUST-3604,Male,34,PhD,Employed,Single,0,131300.0,847.0,1,LN-2023-12604,Education,27800.0,48,8.27,682.21,0.08,8.0,0,Excellent,Own,West,Fully Paid,No,Excellent (800+),High (>$95k),0
CUST-3605,Male,56,Bachelor,Unemployed,Married,1,28000.0,668.0,1,LN-2023-12605,Home,104300.0,36,12.36,3482.21,0.75,0.0,0,Fair,Mortgage,Central,Defaulted,Yes,Fair (580-669),Low (<$40k),1
CUST-3606,Male,56,Master,Employed,Married,1,86000.0,751.0,0,LN-2023-12606,Business,43700.0,24,13.34,2084.56,0.291,27.0,0,Excellent,Rent,South,Fully Paid,No,Very Good (740-799),Upper-Middle ($65k-$95k),0
CUST-3607,Male,35,Master,Employed,Married,0,64000.0,797.0,1,LN-2023-12607,Education,32800.0,24,10.87,1526.76,0.313,2.0,0,Excellent,Rent,North,Current,No,Very Good (740-799),Lower-Middle ($40k-$65k),0
CUST-3608,Male,28,Bachelor,Unemployed,Single,1,18000.0,508.0,3,LN-2023-12608,Auto,25900.0,12,16.9,2360.97,0.75,0.0,0,Poor,Mortgage,South,Defaulted,Yes,Poor (<580),Low (<$40k),1
CUST-3609,Female,46,Master,Self-Employed,Single,3,52200.0,631.0,1,LN-2023-12609,Personal,18100.0,36,16.49,640.73,0.192,6.0,0,Fair,Rent,South,Current,No,Fair (580-669),Lower-Middle ($40k-$65k),0
CUST-3610,Male,56,Bachelor,Unemployed,Married,1,18000.0,561.0,0,LN-2023-12610,Home,57400.0,36,13.93,1959.85,0.75,0.0,0,Poor,Rent,East,Defaulted,Yes,Poor (<580),Low (<$40k),1
CUST-3611,Female,41,PhD,Unemployed,Divorced,0,31900.0,601.0,1,LN-2023-12611,Education,13900.0,24,15.38,676.48,0.32,0.0,0,Fair,Rent,East,Current,No,Fair (580-669),Low (<$40k),0
CUST-3612,Male,48,Bachelor,Employed,Married,1,37400.0,814.0,1,LN-2023-12612,Auto,37600.0,48,10.12,955.8,0.369,23.0,0,Excellent,Rent,Central,Fully Paid,No,Excellent (800+),Low (<$40k),0
CUST-3613,Male,24,High School,Employed,Single,1,53000.0,689.0,1,LN-2023-12613,Auto,47100.0,48,12.06,1241.71,0.313,0.0,0,Good,Own,North,Defaulted,Yes,Good (670-739),Lower-Middle ($40k-$65k),1
CUST-3614,Female,36,Master,Employed,Single,0,71300.0,737.0,1,LN-2023-12614,Business,69300.0,12,14.56,6240.52,0.75,9.0,0,Good,Mortgage,Central,Fully Paid,No,Good (670-739),Upper-Middle ($65k-$95k),0
CUST-3615,Male,42,Bachelor,Employed,Married,0,52600.0,666.0,2,LN-2023-12615,Personal,4600.0,24,17.67,228.92,0.099,13.0,3,Fair,Rent,Central,Defaulted,Yes,Fair (580-669),Lower-Middle ($40k-$65k),1
CUST-3616,Male,32,Bachelor,Self-Employed,Single,0,121900.0,567.0,1,LN-2023-12616,Personal,7100.0,48,18.52,210.5,0.08,7.0,0,Poor,Mortgage,North,Fully Paid,No,Poor (<580),High (>$95k),0
CUST-3617,Male,36,Bachelor,Employed,Single,0,20800.0,727.0,2,LN-2023-12617,Education,21200.0,60,14.39,497.58,0.444,3.0,0,Good,Rent,North,Current,No,Good (670-739),Low (<$40k),0
CUST-3618,Male,60,High School,Self-Employed,Married,0,47500.0,776.0,3,LN-2023-12618,Personal,24200.0,12,13.33,2165.23,0.743,7.0,0,Excellent,Own,East,Current,No,Very Good (740-799),Lower-Middle ($40k-$65k),0
CUST-3619,Female,58,Bachelor,Self-Employed,Single,1,25100.0,696.0,3,LN-2023-12619,Home,59100.0,60,10.81,1279.38,0.75,21.0,0,Good,Mortgage,West,Defaulted,Yes,Good (670-739),Low (<$40k),1
CUST-3620,Male,62,Master,Employed,Married,0,86700.0,711.0,0,LN-2023-12620,Business,72600.0,12,14.94,6550.7,0.75,7.0,0,Good,Mortgage,East,Fully Paid,No,Good (670-739),Upper-Middle ($65k-$95k),0
CUST-3621,Female,57,High School,Self-Employed,Single,3,79600.0,565.0,2,LN-2023-12621,Auto,31100.0,36,15.75,1089.55,0.222,20.0,0,Poor,Rent,South,Current,No,Poor (<580),Upper-Middle ($65k-$95k),0
CUST-3622,Female,49,Bachelor,Employed,Married,1,34200.0,730.0,2,LN-2023-12622,Auto,39400.0,12,13.06,3520.21,0.75,12.0,0,Good,Mortgage,East,Fully Paid,No,Good (670-739),Low (<$40k),0
CUST-3623,Male,38,High School,Employed,Single,2,28300.0,784.0,0,LN-2023-12623,Auto,31200.0,60,9.52,655.56,0.278,6.0,0,Excellent,Mortgage,East,Defaulted,Yes,Very Good (740-799),Low (<$40k),1
CUST-3624,Female,30,Bachelor,Self-Employed,Married,1,33700.0,704.0,3,LN-2023-12624,Home,96200.0,36,10.49,3126.28,0.75,2.0,0,Good,Mortgage,North,Defaulted,Yes,Good (670-739),Low (<$40k),1
CUST-3625,Male,62,Bachelor,Employed,Married,0,64700.0,517.0,0,LN-2023-12625,Home,66100.0,36,16.09,2326.82,0.432,33.0,2,Poor,Rent,West,Fully Paid,No,Poor (<580),Lower-Middle ($40k-$65k),0
CUST-3626,Female,59,Master,Self-Employed,Married,1,76800.0,809.0,2,LN-2023-12626,Auto,37400.0,24,10.15,1728.41,0.345,17.0,0,Excellent,Rent,West,Fully Paid,No,Excellent (800+),Upper-Middle ($65k-$95k),0
CUST-3627,Male,38,PhD,Employed,Married,2,81900.0,589.0,0,LN-2023-12627,Home,116700.0,36,13.99,3987.96,0.584,8.0,0,Fair,Rent,North,Current,No,Fair (580-669),Upper-Middle ($65k-$95k),0
CUST-3628,Female,21,Bachelor,Employed,Married,0,53300.0,702.0,2,LN-2023-12628,Education,35600.0,48,13.78,968.9,0.326,0.0,0,Good,Rent,East,Current,No,Good (670-739),Lower-Middle ($40k-$65k),0
CUST-3629,Male,59,Bachelor,Self-Employed,Married,0,46700.0,751.0,0,LN-2023-12629,Home,47500.0,60,9.73,1002.94,0.258,21.0,0,Excellent,Rent,South,Fully Paid,No,Very Good (740-799),Lower-Middle ($40k-$65k),0
CUST-3630,Male,41,Master,Employed,Single,0,129500.0,761.0,1,LN-2023-12630,Personal,21100.0,60,14.28,494.03,0.08,17.0,0,Excellent,Rent,East,Fully Paid,No,Very Good (740-799),High (>$95k),0
CUST-3631,Female,21,Master,Employed,Married,0,88000.0,516.0,0,LN-2023-12631,Personal,31700.0,48,19.39,954.37,0.13,0.0,1,Poor,Mortgage,East,Fully Paid,No,Poor (<580),Upper-Middle ($65k-$95k),0
CUST-3632,Female,35,Bachelor,Employed,Single,0,36900.0,679.0,0,LN-2023-12632,Home,94900.0,48,9.87,2400.99,0.75,10.0,2,Fair,Mortgage,East,Fully Paid,No,Good (670-739),Low (<$40k),0
CUST-3633,Male,24,Bachelor,Self-Employed,Single,0,52700.0,674.0,5,LN-2023-12633,Business,32000.0,60,16.09,779.71,0.316,1.0,0,Good,Own,South,Fully Paid,No,Good (670-739),Lower-Middle ($40k-$65k),0
CUST-3634,Male,40,Master,Employed,Divorced,0,52600.0,792.0,0,LN-2023-12634,Home,119600.0,12,8.44,10428.16,0.75,13.0,0,Excellent,Rent,East,Current,No,Very Good (740-799),Lower-Middle ($40k-$65k),0
CUST-3635,Female,30,Bachelor,Self-Employed,Divorced,2,136100.0,708.0,1,LN-2023-12635,Personal,10700.0,24,14.26,515.05,0.08,7.0,0,Good,Own,North,Fully Paid,No,Good (670-739),High (>$95k),0
CUST-3636,Female,43,Bachelor,Employed,Single,0,86600.0,793.0,2,LN-2023-12636,Personal,4300.0,12,13.62,385.32,0.103,5.0,0,Excellent,Own,North,Fully Paid,No,Very Good (740-799),Upper-Middle ($65k-$95k),0
CUST-3637,Female,61,Bachelor,Employed,Single,1,59400.0,715.0,0,LN-2023-12637,Auto,26400.0,36,12.79,886.85,0.179,14.0,0,Good,Mortgage,North,Fully Paid,No,Good (670-739),Lower-Middle ($40k-$65k),0
CUST-3638,Female,54,High School,Unemployed,Married,1,37000.0,663.0,0,LN-2023-12638,Personal,5900.0,60,16.9,146.31,0.08,0.0,1,Fair,Mortgage,North,Current,No,Fair (580-669),Low (<$40k),0
CUST-3639,Female,66,Bachelor,Employed,Single,1,120800.0,686.0,0,LN-2023-12639,Personal,6300.0,36,15.53,220.03,0.08,28.0,0,Good,Mortgage,North,Current,No,Good (670-739),High (>$95k),0
CUST-3640,Female,53,Bachelor,Employed,Divorced,0,56700.0,799.0,2,LN-2023-12640,Auto,27600.0,36,11.32,907.78,0.302,3.0,0,Excellent,Rent,North,Current,No,Very Good (740-799),Lower-Middle ($40k-$65k),0
CUST-3641,Male,54,High School,Self-Employed,Married,1,46900.0,559.0,3,LN-2023-12641,Education,26800.0,48,16.52,766.68,0.318,21.0,0,Poor,Rent,West,Defaulted,Yes,Poor (<580),Lower-Middle ($40k-$65k),1
CUST-3642,Male,59,High School,Self-Employed,Single,0,48000.0,747.0,3,LN-2023-12642,Education,36800.0,60,12.61,829.98,0.307,4.0,0,Excellent,Rent,North,Fully Paid,No,Very Good (740-799),Lower-Middle ($40k-$65k),0
CUST-3643,Female,30,High School,Employed,Married,1,32000.0,616.0,5,LN-2023-12643,Education,30000.0,48,15.55,843.31,0.698,7.0,0,Fair,Own,East,Fully Paid,No,Fair (580-669),Low (<$40k),0
CUST-3644,Female,40,Bachelor,Employed,Single,1,137200.0,598.0,1,LN-2023-12644,Home,116600.0,60,12.21,2606.09,0.245,5.0,2,Fair,Mortgage,South,Fully Paid,No,Fair (580-669),High (>$95k),0
CUST-3645,Male,21,Master,Self-Employed,Married,0,56900.0,756.0,4,LN-2023-12645,Auto,25600.0,24,11.93,1204.24,0.432,0.0,0,Excellent,Rent,South,Current,No,Very Good (740-799),Lower-Middle ($40k-$65k),0
CUST-3646,Male,33,PhD,Self-Employed,Single,0,157700.0,594.0,1,LN-2023-12646,Auto,22100.0,36,15.3,769.35,0.08,1.0,0,Fair,Mortgage,Central,Current,No,Fair (580-669),High (>$95k),0
CUST-3647,Female,21,Bachelor,Self-Employed,Single,0,98600.0,702.0,1,LN-2023-12647,Personal,20200.0,36,15.17,701.92,0.105,0.0,0,Good,Rent,East,Fully Paid,No,Good (670-739),High (>$95k),0
CUST-3648,Male,25,Bachelor,Employed,Divorced,0,54800.0,628.0,1,LN-2023-12648,Home,104100.0,36,12.56,3485.52,0.75,2.0,1,Fair,Rent,East,Fully Paid,No,Fair (580-669),Lower-Middle ($40k-$65k),0
CUST-3649,Male,36,Master,Unemployed,Single,0,61500.0,469.0,0,LN-2023-12649,Personal,19500.0,24,22.27,1014.23,0.198,0.0,0,Poor,Mortgage,South,Fully Paid,No,Poor (<580),Lower-Middle ($40k-$65k),0
CUST-3650,Male,35,High School,Employed,Single,4,24300.0,710.0,3,LN-2023-12650,Personal,10700.0,60,13.84,248.08,0.453,6.0,0,Good,Own,South,Current,No,Good (670-739),Low (<$40k),0
CUST-3651,Male,48,Bachelor,Employed,Married,0,60700.0,680.0,0,LN-2023-12651,Personal,13700.0,36,15.75,479.96,0.095,0.0,0,Good,Rent,West,Fully Paid,No,Good (670-739),Lower-Middle ($40k-$65k),0
CUST-3652,Male,51,Master,Employed,Married,1,62500.0,507.0,2,LN-2023-12652,Business,51400.0,36,20.01,1910.47,0.419,23.0,0,Poor,Rent,North,Fully Paid,No,Poor (<580),Lower-Middle ($40k-$65k),0
CUST-3653,Male,43,High School,Employed,Married,1,75600.0,610.0,1,LN-2023-12653,Education,6500.0,24,14.51,313.65,0.085,0.0,0,Fair,Rent,South,Fully Paid,No,Fair (580-669),Upper-Middle ($65k-$95k),0
CUST-3654,Male,65,Master,Employed,Married,1,91300.0,516.0,0,LN-2023-12654,Home,119800.0,60,15.21,2863.26,0.376,29.0,1,Poor,Mortgage,West,Current,No,Poor (<580),Upper-Middle ($65k-$95k),0
CUST-3655,Female,63,Master,Employed,Married,3,35800.0,732.0,1,LN-2023-12655,Personal,17800.0,36,14.91,616.26,0.261,17.0,0,Good,Rent,North,Current,No,Good (670-739),Low (<$40k),0
CUST-3656,Male,37,High School,Employed,Single,2,85800.0,787.0,1,LN-2023-12656,Personal,24800.0,12,12.37,2207.74,0.327,7.0,0,Excellent,Rent,North,Current,No,Very Good (740-799),Upper-Middle ($65k-$95k),0
CUST-3657,Female,54,High School,Employed,Single,2,61100.0,742.0,4,LN-2023-12657,Home,59600.0,24,9.57,2738.42,0.715,6.0,0,Excellent,Mortgage,South,Fully Paid,No,Very Good (740-799),Lower-Middle ($40k-$65k),0
CUST-3658,Female,33,High School,Employed,Single,3,30800.0,754.0,2,LN-2023-12658,Auto,31200.0,60,12.96,709.26,0.44,6.0,0,Excellent,Rent,South,Current,No,Very Good (740-799),Low (<$40k),0
CUST-3659,Male,34,Bachelor,Employed,Married,0,53700.0,625.0,1,LN-2023-12659,Education,37500.0,60,13.94,871.39,0.24,6.0,1,Fair,Own,West,Defaulted,Yes,Fair (580-669),Lower-Middle ($40k-$65k),1
CUST-3660,Female,31,Bachelor,Employed,Married,1,35000.0,716.0,0,LN-2023-12660,Personal,9200.0,36,14.74,317.75,0.109,1.0,0,Good,Rent,West,Fully Paid,No,Good (670-739),Low (<$40k),0
CUST-3661,Male,48,Bachelor,Employed,Single,3,58200.0,669.0,1,LN-2023-12661,Home,74400.0,36,11.47,2452.35,0.536,6.0,0,Fair,Rent,North,Defaulted,Yes,Fair (580-669),Lower-Middle ($40k-$65k),1
CUST-3662,Female,62,Bachelor,Employed,Married,1,67300.0,685.0,0,LN-2023-12662,Business,47200.0,60,15.53,1136.06,0.203,2.0,0,Good,Own,South,Fully Paid,No,Good (670-739),Upper-Middle ($65k-$95k),0
CUST-3663,Male,52,Master,Employed,Married,4,67000.0,751.0,2,LN-2023-12663,Personal,14100.0,48,13.99,385.23,0.144,2.0,0,Excellent,Rent,Central,Current,No,Very Good (740-799),Upper-Middle ($65k-$95k),0
CUST-3664,Female,55,Bachelor,Unemployed,Married,0,18000.0,769.0,0,LN-2023-12664,Home,96100.0,60,9.44,2015.46,0.75,0.0,0,Excellent,Mortgage,South,Defaulted,Yes,Very Good (740-799),Low (<$40k),1
CUST-3665,Female,51,High School,Self-Employed,Married,1,27300.0,636.0,1,LN-2023-12665,Personal,14400.0,36,16.78,511.82,0.33,0.0,2,Fair,Rent,North,Defaulted,Yes,Fair (580-669),Low (<$40k),1
CUST-3666,Male,37,Bachelor,Self-Employed,Married,4,84100.0,550.0,2,LN-2023-12666,Personal,22500.0,60,19.2,586.14,0.154,3.0,1,Poor,Rent,East,Fully Paid,No,Poor (<580),Upper-Middle ($65k-$95k),0
CUST-3667,Male,67,Bachelor,Employed,Married,0,26400.0,654.0,1,LN-2023-12667,Education,22500.0,36,15.0,779.97,0.423,27.0,0,Fair,Own,South,Defaulted,Yes,Fair (580-669),Low (<$40k),1
CUST-3668,Female,29,Bachelor,Employed,Married,2,63800.0,651.0,2,LN-2023-12668,Auto,16000.0,36,14.29,549.1,0.286,2.0,0,Fair,Rent,North,Fully Paid,No,Fair (580-669),Lower-Middle ($40k-$65k),0
CUST-3669,Female,30,Bachelor,Employed,Single,0,28000.0,694.0,2,LN-2023-12669,Home,125600.0,12,11.2,11112.46,0.75,3.0,0,Good,Mortgage,North,Defaulted,Yes,Good (670-739),Low (<$40k),1
CUST-3670,Male,28,High School,Self-Employed,Married,2,57800.0,740.0,0,LN-2023-12670,Home,65400.0,36,8.93,2077.57,0.431,1.0,0,Excellent,Own,West,Fully Paid,No,Very Good (740-799),Lower-Middle ($40k-$65k),0
CUST-3671,Female,41,Master,Employed,Married,3,77600.0,507.0,2,LN-2023-12671,Education,25100.0,48,17.73,733.78,0.197,10.0,0,Poor,Mortgage,South,Defaulted,Yes,Poor (<580),Upper-Middle ($65k-$95k),1
CUST-3672,Male,33,PhD,Employed,Divorced,0,111300.0,612.0,2,LN-2023-12672,Personal,4800.0,36,18.12,173.82,0.08,4.0,0,Fair,Mortgage,Central,Fully Paid,No,Fair (580-669),High (>$95k),0
CUST-3673,Female,25,Bachelor,Employed,Single,0,92700.0,588.0,1,LN-2023-12673,Personal,29600.0,36,16.74,1051.49,0.17,3.0,0,Fair,Mortgage,South,Current,No,Fair (580-669),Upper-Middle ($65k-$95k),0
CUST-3674,Male,26,Bachelor,Employed,Married,0,100700.0,776.0,0,LN-2023-12674,Business,85000.0,36,12.61,2848.04,0.339,3.0,0,Excellent,Rent,East,Current,No,Very Good (740-799),High (>$95k),0
CUST-3675,Female,50,Bachelor,Unemployed,Divorced,3,18000.0,652.0,1,LN-2023-12675,Education,18400.0,60,15.5,442.58,0.404,0.0,0,Fair,Mortgage,North,Fully Paid,No,Fair (580-669),Low (<$40k),0
CUST-3676,Male,51,Bachelor,Self-Employed,Married,2,70400.0,626.0,3,LN-2023-12676,Education,10100.0,36,13.98,345.1,0.122,15.0,0,Fair,Rent,East,Fully Paid,No,Fair (580-669),Upper-Middle ($65k-$95k),0
CUST-3677,Male,37,Bachelor,Self-Employed,Married,0,178700.0,715.0,1,LN-2023-12677,Auto,39300.0,24,12.5,1859.18,0.133,4.0,0,Good,Rent,East,Fully Paid,No,Good (670-739),High (>$95k),0
CUST-3678,Male,31,Master,Employed,Divorced,0,82100.0,619.0,0,LN-2023-12678,Personal,10600.0,12,16.8,965.76,0.141,5.0,0,Fair,Own,South,Fully Paid,No,Fair (580-669),Upper-Middle ($65k-$95k),0
CUST-3679,Male,40,Bachelor,Self-Employed,Divorced,2,49700.0,668.0,0,LN-2023-12679,Business,69000.0,48,16.91,1987.79,0.48,4.0,0,Fair,Rent,South,Defaulted,Yes,Fair (580-669),Lower-Middle ($40k-$65k),1
CUST-3680,Male,29,Bachelor,Employed,Married,2,60700.0,824.0,0,LN-2023-12680,Home,122800.0,36,8.38,3869.67,0.75,6.0,0,Excellent,Rent,North,Defaulted,Yes,Excellent (800+),Lower-Middle ($40k-$65k),1
CUST-3681,Male,22,Bachelor,Unemployed,Single,0,18500.0,821.0,0,LN-2023-12681,Personal,20100.0,12,13.29,1798.01,0.75,0.0,0,Excellent,Rent,West,Fully Paid,No,Excellent (800+),Low (<$40k),0
CUST-3682,Female,57,PhD,Employed,Single,0,54700.0,635.0,1,LN-2023-12682,Home,118200.0,36,12.37,3946.85,0.75,24.0,1,Fair,Own,Central,Defaulted,Yes,Fair (580-669),Lower-Middle ($40k-$65k),1
CUST-3683,Male,21,Master,Employed,Married,2,115100.0,654.0,1,LN-2023-12683,Personal,9500.0,60,17.81,240.26,0.08,0.0,0,Fair,Rent,West,Current,No,Fair (580-669),High (>$95k),0
CUST-3684,Male,24,High School,Employed,Married,1,63900.0,617.0,3,LN-2023-12684,Personal,29400.0,60,16.71,726.09,0.282,3.0,0,Fair,Mortgage,West,Current,No,Fair (580-669),Lower-Middle ($40k-$65k),0
CUST-3685,Male,56,Bachelor,Employed,Married,3,34500.0,506.0,3,LN-2023-12685,Personal,9600.0,12,19.91,888.88,0.441,16.0,1,Poor,Mortgage,East,Fully Paid,No,Poor (<580),Low (<$40k),0
CUST-3686,Male,45,Bachelor,Self-Employed,Divorced,1,69300.0,758.0,1,LN-2023-12686,Personal,9500.0,24,15.0,460.62,0.102,7.0,0,Excellent,Rent,South,Current,No,Very Good (740-799),Upper-Middle ($65k-$95k),0
CUST-3687,Male,23,Bachelor,Unemployed,Married,1,18000.0,850.0,3,LN-2023-12687,Personal,28500.0,12,13.14,2547.41,0.75,0.0,0,Excellent,Mortgage,North,Fully Paid,No,Excellent (800+),Low (<$40k),0
CUST-3688,Male,29,Bachelor,Employed,Single,1,30600.0,632.0,1,LN-2023-12688,Personal,19100.0,60,16.71,471.71,0.264,1.0,0,Fair,Own,West,Current,No,Fair (580-669),Low (<$40k),0
CUST-3689,Male,42,Master,Employed,Married,3,41200.0,600.0,2,LN-2023-12689,Personal,26200.0,12,16.18,2379.38,0.75,10.0,0,Fair,Mortgage,North,Defaulted,Yes,Fair (580-669),Lower-Middle ($40k-$65k),1
CUST-3690,Male,43,Master,Employed,Married,0,44000.0,646.0,0,LN-2023-12690,Personal,26300.0,12,16.32,2390.21,0.652,16.0,0,Fair,Rent,North,Fully Paid,No,Fair (580-669),Lower-Middle ($40k-$65k),0
CUST-3691,Female,32,PhD,Self-Employed,Single,0,104000.0,677.0,0,LN-2023-12691,Personal,21800.0,24,17.13,1079.2,0.125,8.0,0,Good,Mortgage,South,Fully Paid,No,Good (670-739),High (>$95k),0
CUST-3692,Female,30,Bachelor,Employed,Single,0,51200.0,573.0,0,LN-2023-12692,Personal,8500.0,60,17.66,214.28,0.08,5.0,0,Poor,Rent,North,Fully Paid,No,Poor (<580),Lower-Middle ($40k-$65k),0
CUST-3693,Male,54,Master,Employed,Married,2,50600.0,631.0,0,LN-2023-12693,Home,103800.0,48,12.62,2765.16,0.656,11.0,1,Fair,Own,East,Fully Paid,No,Fair (580-669),Lower-Middle ($40k-$65k),0
CUST-3694,Male,63,Master,Employed,Married,1,65300.0,756.0,2,LN-2023-12694,Auto,12400.0,36,11.45,408.61,0.165,23.0,0,Excellent,Rent,West,Fully Paid,No,Very Good (740-799),Upper-Middle ($65k-$95k),0
CUST-3695,Female,30,Bachelor,Employed,Single,0,62500.0,680.0,0,LN-2023-12695,Home,62100.0,48,11.29,1613.77,0.22,6.0,0,Good,Mortgage,Central,Fully Paid,No,Good (670-739),Lower-Middle ($40k-$65k),0
CUST-3696,Male,50,Master,Self-Employed,Married,1,105100.0,777.0,0,LN-2023-12696,Personal,21600.0,48,14.62,596.99,0.08,10.0,0,Excellent,Rent,North,Current,No,Very Good (740-799),High (>$95k),0
CUST-3697,Female,42,High School,Employed,Married,0,77100.0,701.0,3,LN-2023-12697,Business,83500.0,48,15.36,2339.13,0.451,9.0,0,Good,Rent,South,Current,No,Good (670-739),Upper-Middle ($65k-$95k),0
CUST-3698,Male,26,Master,Employed,Single,0,70200.0,577.0,2,LN-2023-12698,Home,110600.0,12,15.04,9984.66,0.75,3.0,0,Poor,Rent,West,Defaulted,Yes,Poor (<580),Upper-Middle ($65k-$95k),1
CUST-3699,Female,22,Bachelor,Self-Employed,Single,0,148700.0,621.0,1,LN-2023-12699,Auto,22600.0,36,15.32,786.98,0.085,1.0,0,Fair,Mortgage,North,Fully Paid,No,Fair (580-669),High (>$95k),0
CUST-3700,Female,50,Bachelor,Employed,Married,1,73500.0,691.0,0,LN-2023-12700,Auto,41300.0,48,13.19,1111.87,0.182,20.0,0,Good,Mortgage,South,Fully Paid,No,Good (670-739),Upper-Middle ($65k-$95k),0
CUST-3701,Male,22,Bachelor,Employed,Single,2,50500.0,574.0,3,LN-2023-12701,Personal,31000.0,36,18.11,1122.44,0.362,0.0,1,Poor,Own,West,Defaulted,Yes,Poor (<580),Lower-Middle ($40k-$65k),1
CUST-3702,Female,52,Bachelor,Employed,Divorced,2,65600.0,563.0,0,LN-2023-12702,Auto,22600.0,12,16.15,2052.12,0.375,3.0,0,Poor,Rent,South,Fully Paid,No,Poor (<580),Upper-Middle ($65k-$95k),0
CUST-3703,Male,62,High School,Employed,Married,3,28000.0,568.0,2,LN-2023-12703,Auto,17100.0,24,14.94,828.63,0.569,30.0,0,Poor,Rent,North,Current,No,Poor (<580),Low (<$40k),0
CUST-3704,Male,36,High School,Employed,Single,0,42800.0,713.0,2,LN-2023-12704,Home,61800.0,60,9.87,1309.12,0.506,11.0,0,Good,Own,South,Current,No,Good (670-739),Lower-Middle ($40k-$65k),0
CUST-3705,Female,32,Bachelor,Unemployed,Married,2,26700.0,638.0,1,LN-2023-12705,Auto,25200.0,48,14.79,698.66,0.374,0.0,1,Fair,Rent,North,Fully Paid,No,Fair (580-669),Low (<$40k),0
CUST-3706,Female,21,Bachelor,Self-Employed,Married,0,95200.0,770.0,3,LN-2023-12706,Education,7800.0,48,12.5,207.32,0.1,0.0,0,Excellent,Mortgage,West,Fully Paid,No,Very Good (740-799),High (>$95k),0
CUST-3707,Male,28,Master,Self-Employed,Married,0,74400.0,593.0,0,LN-2023-12707,Home,86500.0,36,12.33,2886.69,0.466,4.0,0,Fair,Rent,North,Current,No,Fair (580-669),Upper-Middle ($65k-$95k),0
CUST-3708,Male,33,Master,Unemployed,Married,0,93200.0,461.0,2,LN-2023-12708,Personal,24200.0,24,21.26,1246.63,0.205,0.0,0,Poor,Own,East,Current,No,Poor (<580),Upper-Middle ($65k-$95k),0
CUST-3709,Male,35,Bachelor,Employed,Single,1,58200.0,658.0,1,LN-2023-12709,Home,90100.0,12,11.7,7992.64,0.75,11.0,0,Fair,Rent,Central,Defaulted,Yes,Fair (580-669),Lower-Middle ($40k-$65k),1
CUST-3710,Male,64,Master,Employed,Married,0,36600.0,810.0,2,LN-2023-12710,Personal,31100.0,36,12.4,1038.92,0.441,34.0,0,Excellent,Mortgage,Central,Current,No,Excellent (800+),Low (<$40k),0
CUST-3711,Female,28,Bachelor,Employed,Single,0,108500.0,672.0,5,LN-2023-12711,Personal,16400.0,36,15.8,574.96,0.172,5.0,0,Good,Own,North,Fully Paid,No,Good (670-739),High (>$95k),0
CUST-3712,Male,30,Master,Self-Employed,Married,1,117600.0,553.0,1,LN-2023-12712,Home,46100.0,48,14.76,1277.4,0.153,2.0,0,Poor,Own,West,Current,No,Poor (<580),High (>$95k),0
CUST-3713,Male,66,High School,Employed,Married,0,54500.0,531.0,2,LN-2023-12713,Personal,16600.0,24,19.54,841.14,0.234,28.0,0,Poor,Mortgage,West,Fully Paid,No,Poor (<580),Lower-Middle ($40k-$65k),0
CUST-3714,Male,25,Bachelor,Employed,Married,1,51000.0,771.0,0,LN-2023-12714,Business,85100.0,24,13.85,4079.87,0.75,0.0,0,Excellent,Own,South,Fully Paid,No,Very Good (740-799),Lower-Middle ($40k-$65k),0
CUST-3715,Male,39,Bachelor,Employed,Single,0,75000.0,601.0,2,LN-2023-12715,Auto,13600.0,12,15.34,1229.7,0.238,14.0,0,Fair,Mortgage,North,Defaulted,Yes,Fair (580-669),Upper-Middle ($65k-$95k),1
CUST-3716,Male,67,High School,Employed,Single,0,101700.0,801.0,2,LN-2023-12716,Home,64000.0,36,7.88,2001.99,0.275,6.0,0,Excellent,Mortgage,Central,Fully Paid,No,Excellent (800+),High (>$95k),0
CUST-3717,Female,58,Bachelor,Employed,Single,0,68800.0,725.0,4,LN-2023-12717,Personal,23800.0,24,15.23,1156.58,0.331,21.0,1,Good,Rent,East,Current,No,Good (670-739),Upper-Middle ($65k-$95k),0
CUST-3718,Female,31,Master,Self-Employed,Married,0,46200.0,604.0,3,LN-2023-12718,Personal,11500.0,24,17.19,569.64,0.232,5.0,0,Fair,Rent,West,Fully Paid,No,Fair (580-669),Lower-Middle ($40k-$65k),0
CUST-3719,Female,63,Bachelor,Employed,Single,0,18000.0,769.0,0,LN-2023-12719,Education,32000.0,24,13.3,1525.85,0.75,28.0,0,Excellent,Mortgage,South,Fully Paid,No,Very Good (740-799),Low (<$40k),0
CUST-3720,Male,40,Bachelor,Self-Employed,Married,1,86000.0,591.0,1,LN-2023-12720,Home,80600.0,24,13.03,3833.01,0.571,9.0,1,Fair,Rent,North,Fully Paid,No,Fair (580-669),Upper-Middle ($65k-$95k),0
CUST-3721,Female,40,Master,Employed,Single,2,75900.0,546.0,3,LN-2023-12721,Personal,26100.0,24,20.35,1332.85,0.51,1.0,0,Poor,Own,South,Defaulted,Yes,Poor (<580),Upper-Middle ($65k-$95k),1
CUST-3722,Female,41,Master,Self-Employed,Divorced,0,85600.0,596.0,2,LN-2023-12722,Education,24800.0,36,15.58,866.76,0.166,12.0,0,Fair,Rent,East,Fully Paid,No,Fair (580-669),Upper-Middle ($65k-$95k),0
CUST-3723,Female,38,Bachelor,Unemployed,Married,0,18000.0,735.0,1,LN-2023-12723,Home,52000.0,36,10.06,1679.36,0.75,0.0,0,Good,Mortgage,North,Defaulted,Yes,Good (670-739),Low (<$40k),1
CUST-3724,Male,30,Bachelor,Self-Employed,Married,2,48600.0,766.0,0,LN-2023-12724,Home,77800.0,12,9.24,6812.39,0.75,3.0,0,Excellent,Rent,South,Current,No,Very Good (740-799),Lower-Middle ($40k-$65k),0
CUST-3725,Male,54,Bachelor,Employed,Single,0,44600.0,636.0,1,LN-2023-12725,Business,43300.0,36,15.73,1516.53,0.447,9.0,0,Fair,Rent,North,Current,No,Fair (580-669),Lower-Middle ($40k-$65k),0
CUST-3726,Male,46,Bachelor,Employed,Single,0,46400.0,511.0,2,LN-2023-12726,Personal,26500.0,48,20.49,813.34,0.311,21.0,1,Poor,Mortgage,Central,Fully Paid,No,Poor (<580),Lower-Middle ($40k-$65k),0
CUST-3727,Male,50,High School,Employed,Married,1,69600.0,537.0,2,LN-2023-12727,Auto,33700.0,12,16.55,3066.41,0.586,15.0,2,Poor,Mortgage,East,Defaulted,Yes,Poor (<580),Upper-Middle ($65k-$95k),1
CUST-3728,Male,29,Bachelor,Employed,Divorced,1,81400.0,579.0,1,LN-2023-12728,Business,74400.0,60,18.3,1901.43,0.305,5.0,0,Poor,Rent,North,Current,No,Poor (<580),Upper-Middle ($65k-$95k),0
CUST-3729,Male,66,Master,Employed,Single,1,45200.0,560.0,0,LN-2023-12729,Personal,13800.0,24,19.61,699.74,0.186,20.0,0,Poor,Rent,North,Current,No,Poor (<580),Lower-Middle ($40k-$65k),0
CUST-3730,Male,51,Bachelor,Unemployed,Married,2,18000.0,668.0,2,LN-2023-12730,Education,29500.0,12,13.48,2641.51,0.75,0.0,0,Good,Rent,East,Fully Paid,No,Fair (580-669),Low (<$40k),0
CUST-3731,Female,62,PhD,Employed,Married,0,110100.0,834.0,3,LN-2023-12731,Home,50500.0,24,7.89,2281.45,0.291,27.0,0,Excellent,Own,North,Current,No,Excellent (800+),High (>$95k),0
CUST-3732,Male,24,Master,Employed,Single,1,125000.0,737.0,1,LN-2023-12732,Education,7200.0,12,12.69,642.04,0.08,2.0,0,Good,Mortgage,South,Fully Paid,No,Good (670-739),High (>$95k),0
CUST-3733,Male,26,PhD,Employed,Married,0,148000.0,574.0,3,LN-2023-12733,Home,69400.0,36,12.77,2330.68,0.228,3.0,0,Poor,Mortgage,Central,Current,No,Poor (<580),High (>$95k),0
CUST-3734,Female,34,High School,Self-Employed,Married,2,36000.0,610.0,1,LN-2023-12734,Business,74200.0,24,15.9,3629.52,0.75,11.0,0,Fair,Own,West,Defaulted,Yes,Fair (580-669),Low (<$40k),1
CUST-3735,Female,24,Master,Unemployed,Single,2,42500.0,627.0,3,LN-2023-12735,Auto,30300.0,48,13.45,819.66,0.456,0.0,0,Fair,Mortgage,Central,Current,No,Fair (580-669),Lower-Middle ($40k-$65k),0
CUST-3736,Female,46,High School,Employed,Single,0,22100.0,703.0,2,LN-2023-12736,Auto,25500.0,48,13.7,692.99,0.608,10.0,0,Good,Rent,North,Current,No,Good (670-739),Low (<$40k),0
CUST-3737,Female,67,Bachelor,Employed,Single,0,62500.0,803.0,4,LN-2023-12737,Education,36500.0,36,10.91,1193.41,0.48,28.0,0,Excellent,Own,South,Current,No,Excellent (800+),Lower-Middle ($40k-$65k),0
CUST-3738,Female,59,Bachelor,Self-Employed,Married,0,90000.0,630.0,2,LN-2023-12738,Home,87300.0,36,12.99,2941.06,0.447,26.0,1,Fair,Rent,East,Fully Paid,No,Fair (580-669),Upper-Middle ($65k-$95k),0
CUST-3739,Female,37,Bachelor,Employed,Single,0,24700.0,800.0,1,LN-2023-12739,Personal,20800.0,36,13.02,701.03,0.46,5.0,0,Excellent,Rent,West,Fully Paid,No,Excellent (800+),Low (<$40k),0
CUST-3740,Male,39,Master,Employed,Divorced,0,75900.0,848.0,3,LN-2023-12740,Personal,31600.0,24,11.04,1473.39,0.134,7.0,0,Excellent,Rent,South,Fully Paid,No,Excellent (800+),Upper-Middle ($65k-$95k),0
CUST-3741,Male,26,Master,Self-Employed,Married,1,162600.0,640.0,2,LN-2023-12741,Home,89400.0,24,12.83,4243.1,0.348,4.0,0,Fair,Rent,South,Fully Paid,No,Fair (580-669),High (>$95k),0
CUST-3742,Male,49,High School,Unemployed,Single,4,23000.0,638.0,0,LN-2023-12742,Auto,39800.0,36,13.64,1353.32,0.706,0.0,0,Fair,Rent,South,Fully Paid,No,Fair (580-669),Low (<$40k),0
CUST-3743,Male,31,Bachelor,Employed,Divorced,0,40700.0,639.0,0,LN-2023-12743,Education,20100.0,12,15.15,1815.62,0.535,0.0,0,Fair,Mortgage,West,Fully Paid,No,Fair (580-669),Lower-Middle ($40k-$65k),0
CUST-3744,Male,36,Bachelor,Employed,Single,0,61000.0,675.0,1,LN-2023-12744,Home,48100.0,24,12.1,2266.48,0.486,4.0,0,Good,Mortgage,South,Current,No,Good (670-739),Lower-Middle ($40k-$65k),0
CUST-3745,Female,50,Bachelor,Employed,Single,0,89700.0,639.0,2,LN-2023-12745,Home,115900.0,36,12.21,3861.17,0.553,12.0,0,Fair,Rent,North,Defaulted,Yes,Fair (580-669),Upper-Middle ($65k-$95k),1
CUST-3746,Female,45,Master,Employed,Married,0,47000.0,745.0,2,LN-2023-12746,Education,38100.0,36,12.74,1278.97,0.434,0.0,0,Excellent,Rent,West,Fully Paid,No,Very Good (740-799),Lower-Middle ($40k-$65k),0
CUST-3747,Female,60,Bachelor,Employed,Single,0,58000.0,538.0,1,LN-2023-12747,Personal,15600.0,24,17.97,778.59,0.201,30.0,0,Poor,Own,North,Fully Paid,No,Poor (<580),Lower-Middle ($40k-$65k),0
CUST-3748,Male,31,PhD,Employed,Single,2,139800.0,624.0,0,LN-2023-12748,Auto,29100.0,12,16.62,2648.81,0.227,3.0,0,Fair,Rent,East,Current,No,Fair (580-669),High (>$95k),0
CUST-3749,Female,27,High School,Employed,Single,0,25100.0,697.0,1,LN-2023-12749,Personal,15300.0,12,15.77,1386.52,0.75,1.0,2,Fair,Own,North,Fully Paid,No,Good (670-739),Low (<$40k),0
CUST-3750,Female,46,Bachelor,Employed,Divorced,4,73000.0,743.0,0,LN-2023-12750,Personal,31900.0,12,15.0,2879.24,0.473,18.0,0,Excellent,Rent,South,Current,No,Very Good (740-799),Upper-Middle ($65k-$95k),0
CUST-3751,Male,42,Bachelor,Employed,Married,1,28500.0,850.0,1,LN-2023-12751,Auto,44300.0,36,10.25,1434.64,0.699,5.0,0,Excellent,Rent,South,Fully Paid,No,Excellent (800+),Low (<$40k),0
CUST-3752,Female,45,Bachelor,Employed,Married,1,41100.0,560.0,5,LN-2023-12752,Personal,4200.0,36,18.38,152.64,0.44,14.0,0,Poor,Mortgage,Central,Fully Paid,No,Poor (<580),Lower-Middle ($40k-$65k),0
CUST-3753,Male,39,Bachelor,Employed,Married,0,50100.0,614.0,3,LN-2023-12753,Personal,25600.0,24,17.35,1270.03,0.495,13.0,0,Fair,Rent,North,Fully Paid,No,Fair (580-669),Lower-Middle ($40k-$65k),0
CUST-3754,Male,51,Master,Employed,Single,2,98100.0,477.0,1,LN-2023-12754,Auto,32800.0,24,18.57,1646.56,0.232,20.0,1,Poor,Own,West,Defaulted,Yes,Poor (<580),High (>$95k),1
CUST-3755,Female,46,Master,Employed,Married,1,56800.0,575.0,1,LN-2023-12755,Home,47100.0,36,13.39,1595.85,0.36,17.0,1,Poor,Rent,Central,Defaulted,Yes,Poor (<580),Lower-Middle ($40k-$65k),1
CUST-3756,Male,62,Bachelor,Employed,Single,0,66500.0,519.0,1,LN-2023-12756,Auto,26900.0,12,17.16,2455.45,0.469,3.0,1,Poor,Own,South,Fully Paid,No,Poor (<580),Upper-Middle ($65k-$95k),0
CUST-3757,Male,61,Bachelor,Self-Employed,Married,0,53100.0,625.0,0,LN-2023-12757,Business,30500.0,24,17.18,1510.63,0.341,3.0,0,Fair,Mortgage,North,Current,No,Fair (580-669),Lower-Middle ($40k-$65k),0
CUST-3758,Female,56,High School,Employed,Married,3,38700.0,650.0,5,LN-2023-12758,Auto,43200.0,36,13.49,1465.8,0.75,9.0,0,Fair,Own,Central,Defaulted,Yes,Fair (580-669),Low (<$40k),1
CUST-3759,Female,43,High School,Unemployed,Married,0,30200.0,709.0,1,LN-2023-12759,Auto,10500.0,12,13.01,937.88,0.466,0.0,0,Good,Rent,East,Fully Paid,No,Good (670-739),Low (<$40k),0
CUST-3760,Male,67,Bachelor,Employed,Single,1,37500.0,644.0,1,LN-2023-12760,Home,119200.0,48,10.95,3077.89,0.75,1.0,2,Fair,Mortgage,West,Defaulted,Yes,Fair (580-669),Low (<$40k),1
CUST-3761,Male,33,High School,Employed,Single,0,69100.0,709.0,2,LN-2023-12761,Auto,45800.0,36,13.34,1550.69,0.286,5.0,0,Good,Own,West,Current,No,Good (670-739),Upper-Middle ($65k-$95k),0
CUST-3762,Male,45,Master,Employed,Divorced,0,77800.0,679.0,0,LN-2023-12762,Personal,5100.0,36,16.96,181.73,0.08,8.0,0,Good,Own,South,Current,No,Good (670-739),Upper-Middle ($65k-$95k),0
CUST-3763,Female,22,Bachelor,Employed,Single,0,48500.0,582.0,0,LN-2023-12763,Auto,37400.0,24,16.13,1833.54,0.454,1.0,0,Fair,Rent,North,Fully Paid,No,Fair (580-669),Lower-Middle ($40k-$65k),0
CUST-3764,Male,22,PhD,Self-Employed,Married,0,61700.0,526.0,0,LN-2023-12764,Personal,18900.0,24,20.28,964.52,0.188,0.0,2,Poor,Rent,West,Fully Paid,No,Poor (<580),Lower-Middle ($40k-$65k),0
CUST-3765,Male,36,Bachelor,Unemployed,Married,2,18000.0,719.0,1,LN-2023-12765,Personal,30700.0,24,14.45,1480.53,0.75,0.0,0,Good,Mortgage,East,Defaulted,Yes,Good (670-739),Low (<$40k),1
CUST-3766,Female,29,PhD,Unemployed,Divorced,0,23300.0,809.0,0,LN-2023-12766,Auto,40300.0,24,10.34,1865.97,0.75,0.0,0,Excellent,Rent,East,Current,No,Excellent (800+),Low (<$40k),0
CUST-3767,Male,48,Bachelor,Employed,Single,2,58800.0,850.0,3,LN-2023-12767,Auto,36400.0,36,9.69,1169.23,0.326,11.0,0,Excellent,Rent,East,Current,No,Excellent (800+),Lower-Middle ($40k-$65k),0
CUST-3768,Male,33,Bachelor,Employed,Married,2,82500.0,749.0,2,LN-2023-12768,Home,123700.0,24,9.91,5702.99,0.75,4.0,0,Excellent,Mortgage,North,Current,No,Very Good (740-799),Upper-Middle ($65k-$95k),0
CUST-3769,Male,55,PhD,Employed,Single,0,81100.0,793.0,3,LN-2023-12769,Home,58600.0,60,8.55,1203.68,0.256,6.0,0,Excellent,Mortgage,North,Fully Paid,No,Very Good (740-799),Upper-Middle ($65k-$95k),0
CUST-3770,Female,61,Bachelor,Employed,Married,1,56600.0,709.0,3,LN-2023-12770,Home,77000.0,60,10.06,1638.3,0.414,22.0,0,Good,Mortgage,South,Fully Paid,No,Good (670-739),Lower-Middle ($40k-$65k),0
CUST-3771,Male,33,High School,Employed,Married,2,47300.0,695.0,2,LN-2023-12771,Auto,42000.0,48,14.22,1152.35,0.43,7.0,0,Good,Rent,South,Current,No,Good (670-739),Lower-Middle ($40k-$65k),0
CUST-3772,Male,51,Bachelor,Self-Employed,Married,1,89600.0,679.0,0,LN-2023-12772,Personal,5900.0,48,15.28,165.04,0.08,21.0,1,Good,Mortgage,West,Defaulted,Yes,Good (670-739),Upper-Middle ($65k-$95k),1
CUST-3773,Female,41,Master,Self-Employed,Single,1,119600.0,661.0,2,LN-2023-12773,Home,124500.0,24,12.92,5914.28,0.639,15.0,0,Fair,Rent,South,Current,No,Fair (580-669),High (>$95k),0
CUST-3774,Male,52,Master,Employed,Married,2,41700.0,721.0,0,LN-2023-12774,Personal,24600.0,36,15.28,856.14,0.246,19.0,0,Good,Mortgage,South,Fully Paid,No,Good (670-739),Lower-Middle ($40k-$65k),0
CUST-3775,Female,54,Bachelor,Employed,Married,0,55400.0,625.0,0,LN-2023-12775,Home,82300.0,12,12.69,7338.85,0.75,20.0,0,Fair,Rent,East,Current,No,Fair (580-669),Lower-Middle ($40k-$65k),0
CUST-3776,Male,28,Bachelor,Employed,Married,2,109200.0,657.0,2,LN-2023-12776,Home,73800.0,60,12.23,1650.23,0.239,0.0,0,Fair,Rent,East,Fully Paid,No,Fair (580-669),High (>$95k),0
CUST-3777,Male,61,PhD,Employed,Married,0,51300.0,569.0,2,LN-2023-12777,Personal,7300.0,36,19.35,268.88,0.159,4.0,0,Poor,Mortgage,South,Fully Paid,No,Poor (<580),Lower-Middle ($40k-$65k),0
CUST-3778,Male,22,High School,Employed,Married,1,50800.0,710.0,0,LN-2023-12778,Home,53000.0,24,8.84,2417.4,0.571,1.0,0,Good,Mortgage,East,Current,No,Good (670-739),Lower-Middle ($40k-$65k),0
CUST-3779,Male,58,Bachelor,Self-Employed,Married,0,66900.0,588.0,1,LN-2023-12779,Business,49700.0,48,17.92,1457.86,0.296,7.0,0,Fair,Rent,East,Fully Paid,No,Fair (580-669),Upper-Middle ($65k-$95k),0
CUST-3780,Male,52,Bachelor,Employed,Married,2,48700.0,672.0,0,LN-2023-12780,Auto,42000.0,12,13.62,3763.55,0.75,9.0,0,Good,Mortgage,South,Fully Paid,No,Good (670-739),Lower-Middle ($40k-$65k),0
CUST-3781,Male,60,Bachelor,Employed,Divorced,1,128600.0,712.0,2,LN-2023-12781,Education,24100.0,36,13.27,815.16,0.125,5.0,0,Good,Mortgage,North,Current,No,Good (670-739),High (>$95k),0
CUST-3782,Female,48,Bachelor,Employed,Married,1,63900.0,719.0,5,LN-2023-12782,Auto,27100.0,60,13.14,618.55,0.246,5.0,0,Good,Mortgage,Central,Fully Paid,No,Good (670-739),Lower-Middle ($40k-$65k),0
CUST-3783,Female,57,High School,Employed,Married,2,96900.0,735.0,2,LN-2023-12783,Education,16800.0,24,12.2,792.4,0.13,24.0,0,Good,Own,East,Fully Paid,No,Good (670-739),High (>$95k),0
CUST-3784,Female,61,High School,Unemployed,Married,3,18000.0,651.0,3,LN-2023-12784,Personal,7600.0,36,15.67,265.96,0.712,0.0,1,Fair,Rent,South,Current,No,Fair (580-669),Low (<$40k),0
CUST-3785,Female,21,Bachelor,Employed,Single,2,77300.0,711.0,1,LN-2023-12785,Home,129200.0,36,9.69,4150.14,0.667,0.0,0,Good,Own,East,Fully Paid,No,Good (670-739),Upper-Middle ($65k-$95k),0
CUST-3786,Male,61,High School,Unemployed,Single,0,18000.0,628.0,0,LN-2023-12786,Auto,11000.0,36,13.85,375.15,0.25,0.0,1,Fair,Rent,West,Current,No,Fair (580-669),Low (<$40k),0
CUST-3787,Female,30,Bachelor,Employed,Married,2,48700.0,502.0,2,LN-2023-12787,Education,16600.0,48,18.24,489.71,0.238,4.0,0,Poor,Mortgage,North,Defaulted,Yes,Poor (<580),Lower-Middle ($40k-$65k),1
CUST-3788,Male,24,Master,Self-Employed,Divorced,1,107600.0,715.0,0,LN-2023-12788,Home,110400.0,60,10.92,2395.96,0.267,0.0,0,Good,Rent,Central,Fully Paid,No,Good (670-739),High (>$95k),0
CUST-3789,Female,55,Bachelor,Employed,Single,1,76200.0,695.0,1,LN-2023-12789,Personal,18100.0,24,16.13,887.36,0.163,6.0,0,Good,Mortgage,West,Fully Paid,No,Good (670-739),Upper-Middle ($65k-$95k),0
CUST-3790,Female,30,Bachelor,Employed,Single,3,82300.0,756.0,2,LN-2023-12790,Business,42000.0,24,13.65,2009.6,0.362,6.0,0,Excellent,Mortgage,South,Fully Paid,No,Very Good (740-799),Upper-Middle ($65k-$95k),0
CUST-3791,Female,67,PhD,Self-Employed,Married,0,126400.0,667.0,3,LN-2023-12791,Personal,31800.0,36,15.84,1115.48,0.165,14.0,0,Fair,Own,Central,Fully Paid,No,Fair (580-669),High (>$95k),0
CUST-3792,Female,31,High School,Self-Employed,Married,0,30900.0,533.0,1,LN-2023-12792,Personal,21000.0,36,20.23,782.9,0.361,7.0,1,Poor,Rent,North,Defaulted,Yes,Poor (<580),Low (<$40k),1
CUST-3793,Female,34,Bachelor,Self-Employed,Single,1,50300.0,662.0,4,LN-2023-12793,Home,70100.0,36,12.45,2343.42,0.75,3.0,0,Fair,Mortgage,West,Fully Paid,No,Fair (580-669),Lower-Middle ($40k-$65k),0
CUST-3794,Male,58,Bachelor,Employed,Single,2,92200.0,745.0,1,LN-2023-12794,Home,117100.0,48,10.44,2994.76,0.42,22.0,0,Excellent,Rent,East,Fully Paid,No,Very Good (740-799),Upper-Middle ($65k-$95k),0
CUST-3795,Male,32,Master,Unemployed,Single,1,18000.0,710.0,0,LN-2023-12795,Education,11100.0,48,11.9,291.76,0.195,0.0,0,Good,Rent,West,Fully Paid,No,Good (670-739),Low (<$40k),0
CUST-3796,Female,65,Master,Unemployed,Married,1,30800.0,657.0,1,LN-2023-12796,Home,84400.0,36,13.22,2852.72,0.75,0.0,0,Fair,Own,East,Current,No,Fair (580-669),Low (<$40k),0
CUST-3797,Male,37,Master,Employed,Married,1,74000.0,528.0,3,LN-2023-12797,Auto,41900.0,12,16.62,3813.93,0.678,10.0,0,Poor,Rent,North,Fully Paid,No,Poor (<580),Upper-Middle ($65k-$95k),0
CUST-3798,Female,36,Master,Unemployed,Single,1,39900.0,582.0,1,LN-2023-12798,Personal,31500.0,24,18.12,1574.44,0.554,0.0,0,Fair,Own,South,Defaulted,Yes,Fair (580-669),Low (<$40k),1
CUST-3799,Female,55,High School,Employed,Single,2,59200.0,710.0,2,LN-2023-12799,Auto,24600.0,36,12.99,828.75,0.252,28.0,0,Good,Rent,East,Current,No,Good (670-739),Lower-Middle ($40k-$65k),0
CUST-3800,Male,22,High School,Employed,Married,0,36400.0,528.0,1,LN-2023-12800,Home,56700.0,60,14.8,1342.94,0.512,0.0,2,Poor,Mortgage,Central,Defaulted,Yes,Poor (<580),Low (<$40k),1
CUST-3801,Female,31,Bachelor,Employed,Married,2,45700.0,642.0,1,LN-2023-12801,Personal,19400.0,36,16.56,687.42,0.234,1.0,0,Fair,Mortgage,North,Current,No,Fair (580-669),Lower-Middle ($40k-$65k),0
CUST-3802,Female,61,High School,Unemployed,Married,2,18000.0,673.0,1,LN-2023-12802,Business,86100.0,36,15.9,3022.77,0.75,0.0,1,Good,Own,North,Defaulted,Yes,Good (670-739),Low (<$40k),1
CUST-3803,Female,23,Bachelor,Employed,Single,1,81600.0,767.0,0,LN-2023-12803,Personal,22300.0,48,14.37,613.53,0.09,1.0,0,Excellent,Rent,North,Current,No,Very Good (740-799),Upper-Middle ($65k-$95k),0
CUST-3804,Female,49,Bachelor,Employed,Single,0,22300.0,722.0,0,LN-2023-12804,Auto,32900.0,24,13.01,1564.28,0.75,3.0,0,Good,Rent,East,Defaulted,Yes,Good (670-739),Low (<$40k),1
CUST-3805,Male,38,High School,Employed,Single,0,52700.0,751.0,1,LN-2023-12805,Business,41700.0,24,14.93,2020.51,0.512,3.0,0,Excellent,Mortgage,South,Fully Paid,No,Very Good (740-799),Lower-Middle ($40k-$65k),0
CUST-3806,Female,40,Master,Employed,Single,2,52300.0,695.0,2,LN-2023-12806,Personal,20600.0,36,14.74,711.49,0.285,6.0,0,Good,Own,North,Fully Paid,No,Good (670-739),Lower-Middle ($40k-$65k),0
CUST-3807,Female,67,High School,Employed,Married,0,53500.0,598.0,3,LN-2023-12807,Personal,28700.0,60,17.26,717.29,0.237,16.0,0,Fair,Rent,North,Current,No,Fair (580-669),Lower-Middle ($40k-$65k),0
CUST-3808,Male,34,Bachelor,Employed,Single,0,73400.0,617.0,0,LN-2023-12808,Home,76900.0,60,13.32,1762.33,0.288,10.0,0,Fair,Rent,West,Fully Paid,No,Fair (580-669),Upper-Middle ($65k-$95k),0
CUST-3809,Male,54,Bachelor,Self-Employed,Divorced,0,34200.0,590.0,1,LN-2023-12809,Personal,10000.0,48,16.72,287.1,0.185,6.0,0,Fair,Own,East,Current,No,Fair (580-669),Low (<$40k),0
CUST-3810,Female,51,Bachelor,Unemployed,Divorced,1,19900.0,720.0,1,LN-2023-12810,Auto,28300.0,36,12.57,947.69,0.716,0.0,0,Good,Own,Central,Fully Paid,No,Good (670-739),Low (<$40k),0
CUST-3811,Male,60,Bachelor,Self-Employed,Divorced,2,77500.0,611.0,1,LN-2023-12811,Home,77000.0,36,12.31,2568.92,0.419,33.0,0,Fair,Rent,South,Current,No,Fair (580-669),Upper-Middle ($65k-$95k),0
CUST-3812,Female,62,High School,Self-Employed,Married,2,58700.0,636.0,2,LN-2023-12812,Business,52900.0,24,16.99,2615.24,0.589,29.0,0,Fair,Mortgage,East,Fully Paid,No,Fair (580-669),Lower-Middle ($40k-$65k),0
CUST-3813,Female,38,Bachelor,Employed,Single,0,59500.0,671.0,0,LN-2023-12813,Education,9300.0,36,13.45,315.37,0.08,13.0,0,Good,Rent,West,Current,No,Good (670-739),Lower-Middle ($40k-$65k),0
CUST-3814,Male,50,Master,Employed,Single,1,44900.0,809.0,3,LN-2023-12814,Education,17400.0,36,10.75,567.6,0.241,23.0,0,Excellent,Mortgage,Central,Fully Paid,No,Excellent (800+),Lower-Middle ($40k-$65k),0
CUST-3815,Female,45,Master,Employed,Single,2,48100.0,725.0,3,LN-2023-12815,Personal,27000.0,24,14.65,1304.65,0.499,16.0,0,Good,Rent,Central,Defaulted,Yes,Good (670-739),Lower-Middle ($40k-$65k),1
CUST-3816,Female,39,Bachelor,Employed,Married,0,33800.0,604.0,0,LN-2023-12816,Personal,14600.0,24,17.68,726.64,0.258,12.0,3,Fair,Rent,West,Defaulted,Yes,Fair (580-669),Low (<$40k),1
CUST-3817,Male,28,Bachelor,Unemployed,Divorced,0,28200.0,682.0,2,LN-2023-12817,Personal,31100.0,36,16.47,1100.61,0.685,0.0,0,Good,Mortgage,South,Defaulted,Yes,Good (670-739),Low (<$40k),1
CUST-3818,Male,48,Bachelor,Employed,Married,3,59700.0,810.0,0,LN-2023-12818,Auto,36900.0,48,11.2,957.29,0.192,10.0,0,Excellent,Own,Central,Current,No,Excellent (800+),Lower-Middle ($40k-$65k),0
CUST-3819,Male,28,PhD,Self-Employed,Married,1,104300.0,722.0,0,LN-2023-12819,Personal,13600.0,12,15.06,1227.9,0.141,3.0,0,Good,Rent,South,Current,No,Good (670-739),High (>$95k),0
CUST-3820,Male,51,Bachelor,Employed,Married,1,29200.0,534.0,4,LN-2023-12820,Education,14600.0,48,16.28,415.86,0.618,24.0,0,Poor,Rent,West,Defaulted,Yes,Poor (<580),Low (<$40k),1
CUST-3821,Female,23,Bachelor,Self-Employed,Single,0,71200.0,592.0,2,LN-2023-12821,Auto,36000.0,48,17.08,1040.27,0.267,1.0,0,Fair,Rent,North,Fully Paid,No,Fair (580-669),Upper-Middle ($65k-$95k),0
CUST-3822,Male,23,Master,Employed,Married,2,103500.0,585.0,1,LN-2023-12822,Auto,21500.0,48,15.37,602.4,0.083,0.0,3,Fair,Own,East,Current,No,Fair (580-669),High (>$95k),0
CUST-3823,Female,64,Bachelor,Employed,Married,1,27400.0,792.0,2,LN-2023-12823,Home,123800.0,48,9.07,3084.88,0.75,28.0,0,Excellent,Own,West,Defaulted,Yes,Very Good (740-799),Low (<$40k),1
CUST-3824,Male,42,High School,Self-Employed,Single,2,44400.0,776.0,3,LN-2023-12824,Home,54900.0,24,9.4,2518.18,0.75,10.0,0,Excellent,Own,North,Fully Paid,No,Very Good (740-799),Lower-Middle ($40k-$65k),0
CUST-3825,Male,37,Bachelor,Employed,Single,4,31000.0,616.0,3,LN-2023-12825,Personal,3800.0,60,17.5,95.46,0.265,11.0,3,Fair,Rent,South,Fully Paid,No,Fair (580-669),Low (<$40k),0
CUST-3826,Female,56,High School,Self-Employed,Single,3,46700.0,615.0,0,LN-2023-12826,Personal,9400.0,24,16.68,463.31,0.119,2.0,0,Fair,Rent,East,Fully Paid,No,Fair (580-669),Lower-Middle ($40k-$65k),0
CUST-3827,Female,37,Bachelor,Employed,Married,2,41900.0,673.0,2,LN-2023-12827,Home,96600.0,24,11.8,4538.28,0.75,9.0,1,Good,Rent,East,Defaulted,Yes,Good (670-739),Lower-Middle ($40k-$65k),1
CUST-3828,Male,34,Bachelor,Employed,Single,0,74600.0,676.0,3,LN-2023-12828,Auto,41700.0,36,14.7,1439.43,0.317,3.0,0,Good,Own,West,Fully Paid,No,Good (670-739),Upper-Middle ($65k-$95k),0
CUST-3829,Male,29,Master,Unemployed,Married,3,29400.0,588.0,1,LN-2023-12829,Personal,7900.0,36,16.46,279.54,0.187,0.0,0,Fair,Rent,North,Defaulted,Yes,Fair (580-669),Low (<$40k),1
CUST-3830,Male,50,Bachelor,Employed,Married,0,112400.0,648.0,1,LN-2023-12830,Education,25900.0,60,14.57,610.33,0.08,23.0,0,Fair,Mortgage,East,Current,No,Fair (580-669),High (>$95k),0
CUST-3831,Male,41,Bachelor,Self-Employed,Married,2,70600.0,546.0,0,LN-2023-12831,Education,10900.0,36,16.0,383.21,0.08,2.0,0,Poor,Rent,Central,Fully Paid,No,Poor (<580),Upper-Middle ($65k-$95k),0
CUST-3832,Female,32,High School,Employed,Single,0,57200.0,778.0,0,LN-2023-12832,Personal,19300.0,24,14.38,930.12,0.195,8.0,0,Excellent,Mortgage,Central,Current,No,Very Good (740-799),Lower-Middle ($40k-$65k),0
CUST-3833,Male,57,Master,Employed,Married,1,60600.0,520.0,1,LN-2023-12833,Auto,10700.0,60,17.66,269.73,0.08,3.0,0,Poor,Rent,North,Fully Paid,No,Poor (<580),Lower-Middle ($40k-$65k),0
CUST-3834,Male,52,High School,Employed,Married,0,29900.0,519.0,3,LN-2023-12834,Home,92400.0,36,14.79,3193.58,0.75,1.0,1,Poor,Rent,Central,Defaulted,Yes,Poor (<580),Low (<$40k),1
CUST-3835,Male,31,Bachelor,Employed,Married,2,91500.0,706.0,2,LN-2023-12835,Personal,18100.0,36,15.31,630.19,0.124,2.0,0,Good,Rent,East,Fully Paid,No,Good (670-739),Upper-Middle ($65k-$95k),0
CUST-3836,Female,40,High School,Employed,Married,0,85900.0,564.0,1,LN-2023-12836,Education,7500.0,36,15.78,262.86,0.08,5.0,0,Poor,Rent,West,Current,No,Poor (<580),Upper-Middle ($65k-$95k),0
CUST-3837,Female,55,Master,Employed,Divorced,0,106900.0,627.0,2,LN-2023-12837,Business,68300.0,48,15.16,1906.38,0.244,18.0,1,Fair,Own,North,Current,No,Fair (580-669),High (>$95k),0
CUST-3838,Male,67,Bachelor,Employed,Divorced,2,66700.0,675.0,2,LN-2023-12838,Auto,31700.0,24,13.26,1510.95,0.344,5.0,0,Good,Mortgage,West,Current,No,Good (670-739),Upper-Middle ($65k-$95k),0
CUST-3839,Female,66,Bachelor,Employed,Married,2,40600.0,727.0,1,LN-2023-12839,Business,63600.0,12,14.46,5724.24,0.75,17.0,0,Good,Rent,North,Fully Paid,No,Good (670-739),Lower-Middle ($40k-$65k),0
CUST-3840,Male,31,Bachelor,Employed,Married,0,105100.0,651.0,0,LN-2023-12840,Auto,30100.0,36,14.01,1028.89,0.117,2.0,0,Fair,Rent,East,Fully Paid,No,Fair (580-669),High (>$95k),0
CUST-3841,Male,28,Master,Employed,Married,0,101000.0,821.0,1,LN-2023-12841,Auto,37400.0,60,7.94,757.26,0.107,5.0,0,Excellent,Rent,West,Current,No,Excellent (800+),High (>$95k),0
CUST-3842,Female,24,Bachelor,Employed,Single,0,156400.0,669.0,0,LN-2023-12842,Home,89600.0,24,10.37,4149.9,0.318,0.0,0,Fair,Rent,West,Fully Paid,No,Fair (580-669),High (>$95k),0
CUST-3843,Female,47,Bachelor,Employed,Married,1,37400.0,771.0,0,LN-2023-12843,Personal,29700.0,24,12.8,1409.2,0.452,8.0,0,Excellent,Mortgage,North,Fully Paid,No,Very Good (740-799),Low (<$40k),0
CUST-3844,Female,64,Master,Employed,Married,3,114800.0,693.0,0,LN-2023-12844,Personal,30400.0,48,15.61,855.48,0.089,23.0,0,Good,Rent,South,Current,No,Good (670-739),High (>$95k),0
CUST-3845,Female,60,Master,Employed,Single,1,99700.0,850.0,2,LN-2023-12845,Home,106800.0,48,8.01,2607.8,0.356,31.0,0,Excellent,Rent,West,Fully Paid,No,Excellent (800+),High (>$95k),0
CUST-3846,Male,58,Bachelor,Employed,Married,0,53900.0,759.0,0,LN-2023-12846,Auto,44600.0,36,10.79,1455.72,0.324,28.0,0,Excellent,Rent,West,Fully Paid,No,Very Good (740-799),Lower-Middle ($40k-$65k),0
CUST-3847,Female,67,PhD,Unemployed,Married,0,60000.0,673.0,1,LN-2023-12847,Home,123500.0,48,11.3,3209.94,0.679,0.0,0,Good,Mortgage,South,Defaulted,Yes,Good (670-739),Lower-Middle ($40k-$65k),1
CUST-3848,Male,50,High School,Self-Employed,Married,4,67700.0,723.0,5,LN-2023-12848,Auto,20000.0,24,11.99,941.38,0.395,22.0,0,Good,Mortgage,North,Current,No,Good (670-739),Upper-Middle ($65k-$95k),0
CUST-3849,Female,64,Bachelor,Employed,Married,0,41200.0,647.0,2,LN-2023-12849,Personal,31800.0,36,17.99,1149.49,0.41,2.0,0,Fair,Rent,East,Current,No,Fair (580-669),Lower-Middle ($40k-$65k),0
CUST-3850,Male,47,Master,Employed,Married,1,73800.0,646.0,2,LN-2023-12850,Home,67700.0,36,11.82,2242.79,0.451,19.0,0,Fair,Own,East,Defaulted,Yes,Fair (580-669),Upper-Middle ($65k-$95k),1
CUST-3851,Female,41,Bachelor,Self-Employed,Divorced,0,47200.0,559.0,0,LN-2023-12851,Home,46600.0,24,13.7,2230.8,0.567,14.0,0,Poor,Mortgage,Central,Current,No,Poor (<580),Lower-Middle ($40k-$65k),0
CUST-3852,Male,40,Bachelor,Employed,Married,2,62500.0,601.0,2,LN-2023-12852,Personal,30900.0,24,17.01,1527.91,0.487,15.0,0,Fair,Mortgage,West,Current,No,Fair (580-669),Lower-Middle ($40k-$65k),0
CUST-3853,Male,24,Bachelor,Self-Employed,Married,2,99200.0,845.0,1,LN-2023-12853,Business,35700.0,36,10.68,1163.37,0.172,1.0,0,Excellent,Rent,West,Current,No,Excellent (800+),High (>$95k),0
CUST-3854,Female,31,Bachelor,Unemployed,Divorced,0,34300.0,567.0,2,LN-2023-12854,Auto,32200.0,12,16.28,2925.8,0.75,0.0,0,Poor,Mortgage,South,Defaulted,Yes,Poor (<580),Low (<$40k),1
CUST-3855,Male,33,Bachelor,Employed,Divorced,1,69400.0,614.0,1,LN-2023-12855,Personal,31100.0,48,17.11,899.16,0.194,10.0,0,Fair,Mortgage,West,Fully Paid,No,Fair (580-669),Upper-Middle ($65k-$95k),0
CUST-3856,Male,29,Bachelor,Employed,Married,1,44900.0,662.0,1,LN-2023-12856,Auto,11900.0,48,13.46,321.97,0.123,3.0,0,Fair,Rent,East,Fully Paid,No,Fair (580-669),Lower-Middle ($40k-$65k),0
CUST-3857,Male,24,Master,Self-Employed,Single,0,106300.0,664.0,5,LN-2023-12857,Auto,20200.0,36,13.82,688.62,0.195,2.0,0,Fair,Rent,East,Defaulted,Yes,Fair (580-669),High (>$95k),1
CUST-3858,Male,32,Bachelor,Unemployed,Married,0,30500.0,702.0,1,LN-2023-12858,Home,96800.0,36,9.75,3112.11,0.75,0.0,0,Good,Rent,South,Defaulted,Yes,Good (670-739),Low (<$40k),1
CUST-3859,Male,29,High School,Employed,Single,1,20200.0,630.0,0,LN-2023-12859,Business,73400.0,36,17.98,2652.85,0.75,3.0,0,Fair,Rent,North,Defaulted,Yes,Fair (580-669),Low (<$40k),1
CUST-3860,Male,33,Master,Employed,Divorced,0,82000.0,707.0,1,LN-2023-12860,Auto,40700.0,60,11.47,894.49,0.159,5.0,0,Good,Rent,East,Fully Paid,No,Good (670-739),Upper-Middle ($65k-$95k),0
CUST-3861,Female,46,Bachelor,Employed,Single,2,57700.0,767.0,1,LN-2023-12861,Education,36100.0,36,13.17,1219.31,0.309,12.0,0,Excellent,Rent,Central,Fully Paid,No,Very Good (740-799),Lower-Middle ($40k-$65k),0
CUST-3862,Male,58,High School,Employed,Married,0,75400.0,777.0,0,LN-2023-12862,Business,31800.0,48,13.5,861.03,0.137,11.0,0,Excellent,Rent,North,Current,No,Very Good (740-799),Upper-Middle ($65k-$95k),0
CUST-3863,Female,62,High School,Self-Employed,Married,0,67200.0,647.0,2,LN-2023-12863,Personal,13700.0,24,16.3,672.76,0.183,28.0,0,Fair,Rent,South,Fully Paid,No,Fair (580-669),Upper-Middle ($65k-$95k),0
CUST-3864,Female,33,Bachelor,Unemployed,Single,0,27400.0,721.0,1,LN-2023-12864,Personal,23700.0,12,15.41,2143.71,0.75,0.0,0,Good,Rent,Central,Current,No,Good (670-739),Low (<$40k),0
CUST-3865,Male,59,High School,Employed,Single,0,39500.0,572.0,1,LN-2023-12865,Home,105800.0,12,13.47,9473.11,0.75,21.0,0,Poor,Mortgage,North,Current,No,Poor (<580),Low (<$40k),0
CUST-3866,Female,48,High School,Self-Employed,Single,1,56500.0,608.0,2,LN-2023-12866,Education,16500.0,36,16.08,580.74,0.24,16.0,0,Fair,Mortgage,East,Fully Paid,No,Fair (580-669),Lower-Middle ($40k-$65k),0
CUST-3867,Male,39,Bachelor,Employed,Married,0,96100.0,570.0,2,LN-2023-12867,Education,16300.0,48,16.48,465.96,0.109,4.0,2,Poor,Rent,East,Current,No,Poor (<580),High (>$95k),0
CUST-3868,Female,44,Bachelor,Employed,Single,2,61100.0,666.0,5,LN-2023-12868,Education,16900.0,48,14.65,467.35,0.287,19.0,0,Fair,Mortgage,West,Current,No,Fair (580-669),Lower-Middle ($40k-$65k),0
CUST-3869,Male,39,Bachelor,Employed,Single,3,68000.0,596.0,0,LN-2023-12869,Home,120800.0,48,13.92,3296.19,0.582,10.0,0,Fair,Rent,North,Current,No,Fair (580-669),Upper-Middle ($65k-$95k),0
CUST-3870,Male,33,Master,Employed,Married,2,39000.0,540.0,1,LN-2023-12870,Auto,44600.0,60,16.3,1091.71,0.367,2.0,1,Poor,Mortgage,East,Current,No,Poor (<580),Low (<$40k),0
CUST-3871,Female,33,Master,Employed,Married,0,75500.0,637.0,0,LN-2023-12871,Auto,10600.0,12,14.96,956.54,0.152,8.0,1,Fair,Rent,North,Fully Paid,No,Fair (580-669),Upper-Middle ($65k-$95k),0
CUST-3872,Female,48,Bachelor,Employed,Married,3,25400.0,523.0,3,LN-2023-12872,Home,72600.0,48,15.16,2026.41,0.75,4.0,1,Poor,Rent,South,Defaulted,Yes,Poor (<580),Low (<$40k),1
CUST-3873,Female,22,High School,Self-Employed,Single,0,44800.0,782.0,1,LN-2023-12873,Personal,14400.0,36,14.53,495.87,0.206,0.0,0,Excellent,Mortgage,North,Current,No,Very Good (740-799),Lower-Middle ($40k-$65k),0
CUST-3874,Male,30,PhD,Self-Employed,Single,1,109800.0,622.0,3,LN-2023-12874,Auto,47300.0,24,14.36,2279.06,0.301,4.0,0,Fair,Mortgage,South,Current,No,Fair (580-669),High (>$95k),0
CUST-3875,Female,42,High School,Employed,Single,1,69300.0,753.0,5,LN-2023-12875,Auto,45900.0,48,12.69,1224.33,0.38,10.0,0,Excellent,Rent,North,Fully Paid,No,Very Good (740-799),Upper-Middle ($65k-$95k),0
CUST-3876,Male,33,Master,Employed,Married,0,49600.0,628.0,1,LN-2023-12876,Auto,33900.0,36,13.94,1157.63,0.322,2.0,0,Fair,Own,North,Fully Paid,No,Fair (580-669),Lower-Middle ($40k-$65k),0
CUST-3877,Male,29,High School,Employed,Divorced,3,58100.0,568.0,0,LN-2023-12877,Personal,4300.0,36,16.9,153.09,0.08,2.0,3,Poor,Own,South,Defaulted,Yes,Poor (<580),Lower-Middle ($40k-$65k),1
CUST-3878,Male,53,PhD,Unemployed,Single,0,62900.0,769.0,1,LN-2023-12878,Personal,8500.0,24,12.93,403.83,0.13,0.0,0,Excellent,Rent,North,Current,No,Very Good (740-799),Lower-Middle ($40k-$65k),0
CUST-3879,Female,34,Bachelor,Employed,Married,1,47100.0,677.0,0,LN-2023-12879,Auto,26500.0,36,13.17,895.06,0.228,11.0,0,Good,Mortgage,West,Fully Paid,No,Good (670-739),Lower-Middle ($40k-$65k),0
CUST-3880,Male,40,Bachelor,Employed,Married,0,31300.0,830.0,3,LN-2023-12880,Business,87100.0,24,12.52,4121.28,0.75,5.0,0,Excellent,Mortgage,North,Current,No,Excellent (800+),Low (<$40k),0
CUST-3881,Male,35,Bachelor,Employed,Married,2,71600.0,630.0,0,LN-2023-12881,Business,26600.0,12,16.75,2422.89,0.406,2.0,0,Fair,Rent,West,Fully Paid,No,Fair (580-669),Upper-Middle ($65k-$95k),0
CUST-3882,Female,52,Bachelor,Employed,Divorced,2,36800.0,632.0,1,LN-2023-12882,Home,112300.0,48,12.95,3009.94,0.75,27.0,3,Fair,Rent,West,Defaulted,Yes,Fair (580-669),Low (<$40k),1
CUST-3883,Male,53,Bachelor,Employed,Married,0,43500.0,755.0,0,LN-2023-12883,Education,12500.0,36,11.35,411.31,0.113,8.0,0,Excellent,Own,West,Defaulted,Yes,Very Good (740-799),Lower-Middle ($40k-$65k),1
CUST-3884,Male,37,Bachelor,Self-Employed,Married,2,109500.0,755.0,0,LN-2023-12884,Personal,17700.0,36,15.4,617.05,0.08,9.0,0,Excellent,Own,West,Current,No,Very Good (740-799),High (>$95k),0
CUST-3885,Male,44,Master,Self-Employed,Married,2,208300.0,683.0,0,LN-2023-12885,Education,32100.0,36,14.72,1108.36,0.08,5.0,0,Good,Rent,East,Fully Paid,No,Good (670-739),High (>$95k),0
CUST-3886,Female,50,High School,Employed,Single,1,31300.0,850.0,1,LN-2023-12886,Home,103900.0,60,8.25,2119.17,0.75,14.0,0,Excellent,Rent,South,Fully Paid,No,Excellent (800+),Low (<$40k),0
CUST-3887,Male,33,High School,Employed,Married,1,35200.0,646.0,0,LN-2023-12887,Education,32400.0,24,15.47,1578.21,0.538,4.0,0,Fair,Rent,South,Defaulted,Yes,Fair (580-669),Low (<$40k),1
CUST-3888,Male,67,Bachelor,Employed,Married,1,51600.0,562.0,2,LN-2023-12888,Personal,26600.0,36,17.35,953.0,0.341,38.0,1,Poor,Mortgage,East,Fully Paid,No,Poor (<580),Lower-Middle ($40k-$65k),0
CUST-3889,Female,36,High School,Self-Employed,Married,0,44100.0,584.0,2,LN-2023-12889,Education,16400.0,48,16.44,468.48,0.215,6.0,0,Fair,Mortgage,South,Fully Paid,No,Fair (580-669),Lower-Middle ($40k-$65k),0
CUST-3890,Female,22,Bachelor,Employed,Married,1,150100.0,646.0,4,LN-2023-12890,Auto,23800.0,24,14.61,1149.58,0.141,1.0,0,Fair,Rent,South,Fully Paid,No,Fair (580-669),High (>$95k),0
CUST-3891,Male,37,High School,Employed,Married,1,38700.0,799.0,3,LN-2023-12891,Personal,26700.0,36,13.9,911.25,0.484,13.0,0,Excellent,Rent,North,Defaulted,Yes,Very Good (740-799),Low (<$40k),1
CUST-3892,Female,52,Bachelor,Employed,Married,1,52800.0,654.0,1,LN-2023-12892,Home,48300.0,36,12.5,1615.81,0.398,26.0,0,Fair,Mortgage,West,Fully Paid,No,Fair (580-669),Lower-Middle ($40k-$65k),0
CUST-3893,Female,63,High School,Employed,Single,2,101600.0,803.0,2,LN-2023-12893,Personal,17900.0,36,13.45,607.01,0.116,4.0,0,Excellent,Mortgage,West,Fully Paid,No,Excellent (800+),High (>$95k),0
CUST-3894,Female,28,Bachelor,Employed,Single,0,81500.0,706.0,1,LN-2023-12894,Home,123200.0,48,11.05,3187.16,0.488,5.0,0,Good,Mortgage,East,Defaulted,Yes,Good (670-739),Upper-Middle ($65k-$95k),1
CUST-3895,Male,23,High School,Employed,Single,0,76500.0,762.0,1,LN-2023-12895,Home,120200.0,60,10.37,2575.83,0.428,1.0,0,Excellent,Mortgage,South,Fully Paid,No,Very Good (740-799),Upper-Middle ($65k-$95k),0
CUST-3896,Female,32,High School,Employed,Married,0,32700.0,702.0,1,LN-2023-12896,Home,113400.0,48,10.42,2899.04,0.75,6.0,0,Good,Rent,West,Defaulted,Yes,Good (670-739),Low (<$40k),1
CUST-3897,Female,40,High School,Employed,Single,0,38700.0,702.0,1,LN-2023-12897,Education,6700.0,24,13.61,320.45,0.169,6.0,0,Good,Mortgage,North,Fully Paid,No,Good (670-739),Low (<$40k),0
CUST-3898,Male,36,PhD,Employed,Married,0,58100.0,733.0,2,LN-2023-12898,Business,82100.0,24,14.09,3945.35,0.75,5.0,0,Good,Rent,North,Fully Paid,No,Good (670-739),Lower-Middle ($40k-$65k),0
CUST-3899,Male,34,High School,Employed,Married,4,70400.0,621.0,1,LN-2023-12899,Personal,29400.0,36,17.03,1048.63,0.223,2.0,0,Fair,Mortgage,West,Fully Paid,No,Fair (580-669),Upper-Middle ($65k-$95k),0
CUST-3900,Male,36,Bachelor,Employed,Divorced,0,109100.0,622.0,1,LN-2023-12900,Personal,22200.0,48,15.25,620.66,0.099,8.0,0,Fair,Rent,East,Fully Paid,No,Fair (580-669),High (>$95k),0
CUST-3901,Male,63,High School,Employed,Single,1,37500.0,699.0,1,LN-2023-12901,Home,70400.0,36,10.31,2281.87,0.75,20.0,0,Good,Own,West,Fully Paid,No,Good (670-739),Low (<$40k),0
CUST-3902,Female,53,High School,Employed,Single,0,41700.0,834.0,3,LN-2023-12902,Personal,17200.0,60,12.15,383.91,0.259,5.0,0,Excellent,Own,South,Current,No,Excellent (800+),Lower-Middle ($40k-$65k),0
CUST-3903,Male,50,Bachelor,Self-Employed,Divorced,1,62600.0,539.0,0,LN-2023-12903,Education,31900.0,12,16.65,2904.14,0.557,14.0,0,Poor,Mortgage,North,Current,No,Poor (<580),Lower-Middle ($40k-$65k),0
CUST-3904,Male,32,Bachelor,Employed,Divorced,4,31300.0,497.0,1,LN-2023-12904,Home,114100.0,24,15.13,5539.38,0.75,9.0,0,Poor,Mortgage,South,Fully Paid,No,Poor (<580),Low (<$40k),0
CUST-3905,Male,35,PhD,Employed,Single,0,68500.0,647.0,3,LN-2023-12905,Auto,23000.0,24,13.24,1096.06,0.27,9.0,0,Fair,Rent,South,Current,No,Fair (580-669),Upper-Middle ($65k-$95k),0
CUST-3906,Male,38,PhD,Employed,Single,2,131400.0,757.0,0,LN-2023-12906,Personal,12500.0,48,13.91,341.02,0.08,7.0,0,Excellent,Mortgage,West,Fully Paid,No,Very Good (740-799),High (>$95k),0
CUST-3907,Female,48,Master,Employed,Single,4,52500.0,674.0,4,LN-2023-12907,Auto,38000.0,36,14.23,1303.0,0.413,21.0,0,Good,Mortgage,North,Fully Paid,No,Good (670-739),Lower-Middle ($40k-$65k),0
CUST-3908,Male,43,Bachelor,Employed,Married,1,65600.0,570.0,3,LN-2023-12908,Business,68000.0,12,17.85,6229.39,0.75,6.0,1,Poor,Rent,Central,Current,No,Poor (<580),Upper-Middle ($65k-$95k),0
CUST-3909,Male,34,Bachelor,Self-Employed,Married,0,40100.0,676.0,1,LN-2023-12909,Home,88600.0,48,12.34,2348.0,0.75,2.0,0,Good,Own,North,Defaulted,Yes,Good (670-739),Lower-Middle ($40k-$65k),1
CUST-3910,Male,50,Bachelor,Employed,Single,1,58900.0,522.0,2,LN-2023-12910,Business,49400.0,36,19.98,1835.38,0.44,14.0,0,Poor,Mortgage,South,Defaulted,Yes,Poor (<580),Lower-Middle ($40k-$65k),1
CUST-3911,Male,53,PhD,Employed,Married,2,72000.0,723.0,5,LN-2023-12911,Personal,22100.0,24,14.48,1066.1,0.292,5.0,0,Good,Own,West,Current,No,Good (670-739),Upper-Middle ($65k-$95k),0
CUST-3912,Male,65,Bachelor,Self-Employed,Married,0,41700.0,643.0,1,LN-2023-12912,Personal,3900.0,24,17.05,192.92,0.09,29.0,0,Fair,Rent,West,Current,No,Fair (580-669),Lower-Middle ($40k-$65k),0
CUST-3913,Female,35,Bachelor,Self-Employed,Married,1,103200.0,663.0,0,LN-2023-12913,Business,25300.0,60,15.09,603.08,0.08,12.0,0,Fair,Rent,East,Current,No,Fair (580-669),High (>$95k),0
CUST-3914,Female,27,High School,Unemployed,Married,0,25200.0,706.0,3,LN-2023-12914,Auto,31800.0,60,12.03,707.86,0.645,0.0,0,Good,Rent,North,Defaulted,Yes,Good (670-739),Low (<$40k),1
CUST-3915,Male,35,High School,Self-Employed,Divorced,0,36500.0,687.0,0,LN-2023-12915,Personal,9100.0,12,15.76,824.62,0.271,4.0,0,Good,Mortgage,Central,Current,No,Good (670-739),Low (<$40k),0
CUST-3916,Female,62,PhD,Self-Employed,Single,2,96800.0,623.0,0,LN-2023-12916,Home,110900.0,24,12.95,5269.78,0.653,15.0,0,Fair,Own,East,Current,No,Fair (580-669),High (>$95k),0
CUST-3917,Female,66,Bachelor,Employed,Single,1,64100.0,757.0,3,LN-2023-12917,Home,110700.0,36,10.78,3612.65,0.75,16.0,0,Excellent,Mortgage,West,Fully Paid,No,Very Good (740-799),Lower-Middle ($40k-$65k),0
CUST-3918,Female,58,Bachelor,Employed,Divorced,0,27800.0,737.0,0,LN-2023-12918,Auto,37000.0,36,11.97,1228.4,0.53,9.0,0,Good,Mortgage,South,Current,No,Good (670-739),Low (<$40k),0
CUST-3919,Male,66,High School,Employed,Divorced,1,26200.0,519.0,2,LN-2023-12919,Education,36700.0,36,17.5,1317.61,0.75,31.0,0,Poor,Rent,South,Defaulted,Yes,Poor (<580),Low (<$40k),1
CUST-3920,Male,64,Master,Self-Employed,Married,0,159700.0,650.0,1,LN-2023-12920,Personal,7100.0,36,16.57,251.62,0.08,23.0,0,Fair,Rent,West,Defaulted,Yes,Fair (580-669),High (>$95k),1
CUST-3921,Male,31,High School,Unemployed,Divorced,0,18000.0,578.0,2,LN-2023-12921,Auto,19900.0,48,16.84,572.57,0.649,0.0,0,Poor,Rent,West,Defaulted,Yes,Poor (<580),Low (<$40k),1
CUST-3922,Female,49,Master,Employed,Married,1,137100.0,562.0,0,LN-2023-12922,Home,66400.0,60,14.88,1575.47,0.138,2.0,0,Poor,Mortgage,West,Current,No,Poor (<580),High (>$95k),0
CUST-3923,Female,51,High School,Employed,Married,0,26800.0,715.0,1,LN-2023-12923,Auto,39700.0,48,12.84,1061.9,0.541,22.0,0,Good,Own,West,Defaulted,Yes,Good (670-739),Low (<$40k),1
CUST-3924,Male,45,Master,Self-Employed,Married,0,120400.0,634.0,1,LN-2023-12924,Home,89300.0,12,12.91,7972.26,0.75,4.0,0,Fair,Rent,North,Fully Paid,No,Fair (580-669),High (>$95k),0
CUST-3925,Male,44,Bachelor,Unemployed,Single,0,19100.0,657.0,0,LN-2023-12925,Home,66500.0,48,12.09,1754.14,0.75,0.0,1,Fair,Rent,North,Defaulted,Yes,Fair (580-669),Low (<$40k),1
CUST-3926,Female,39,High School,Employed,Married,1,45500.0,613.0,1,LN-2023-12926,Personal,7000.0,12,18.07,641.99,0.201,15.0,0,Fair,Mortgage,East,Current,No,Fair (580-669),Lower-Middle ($40k-$65k),0
CUST-3927,Female,22,Bachelor,Unemployed,Single,2,50700.0,701.0,1,LN-2023-12927,Home,120900.0,36,11.48,3985.65,0.75,0.0,0,Good,Rent,East,Current,No,Good (670-739),Lower-Middle ($40k-$65k),0
CUST-3928,Female,42,Bachelor,Employed,Single,2,35800.0,727.0,4,LN-2023-12928,Personal,23100.0,36,14.59,796.14,0.462,7.0,0,Good,Rent,East,Current,No,Good (670-739),Low (<$40k),0
CUST-3929,Female,40,High School,Employed,Married,0,64200.0,850.0,1,LN-2023-12929,Personal,18300.0,48,12.17,483.44,0.124,10.0,0,Excellent,Own,West,Fully Paid,No,Excellent (800+),Lower-Middle ($40k-$65k),0
CUST-3930,Male,53,Master,Employed,Married,1,99900.0,654.0,1,LN-2023-12930,Home,127100.0,12,12.03,11294.46,0.75,2.0,0,Fair,Mortgage,North,Fully Paid,No,Fair (580-669),High (>$95k),0
CUST-3931,Female,28,Bachelor,Employed,Single,2,220000.0,546.0,1,LN-2023-12931,Personal,27600.0,60,18.89,714.29,0.08,2.0,1,Poor,Rent,West,Defaulted,Yes,Poor (<580),High (>$95k),1
CUST-3932,Female,45,Bachelor,Employed,Married,0,38700.0,627.0,5,LN-2023-12932,Auto,16800.0,36,14.15,575.41,0.337,17.0,0,Fair,Rent,North,Fully Paid,No,Fair (580-669),Low (<$40k),0
CUST-3933,Male,66,High School,Self-Employed,Single,3,42600.0,742.0,2,LN-2023-12933,Personal,17700.0,12,14.71,1595.15,0.537,18.0,0,Excellent,Mortgage,South,Current,No,Very Good (740-799),Lower-Middle ($40k-$65k),0
CUST-3934,Female,29,Bachelor,Self-Employed,Single,3,104400.0,604.0,2,LN-2023-12934,Home,86300.0,24,12.66,4089.09,0.496,6.0,0,Fair,Own,North,Fully Paid,No,Fair (580-669),High (>$95k),0
CUST-3935,Female,54,Master,Self-Employed,Single,0,81800.0,544.0,1,LN-2023-12935,Business,79100.0,12,18.22,7260.17,0.75,16.0,0,Poor,Mortgage,East,Defaulted,Yes,Poor (<580),Upper-Middle ($65k-$95k),1
CUST-3936,Male,43,Bachelor,Employed,Married,0,51000.0,606.0,1,LN-2023-12936,Personal,7300.0,48,17.38,212.08,0.107,18.0,0,Fair,Rent,East,Fully Paid,No,Fair (580-669),Lower-Middle ($40k-$65k),0
CUST-3937,Female,25,PhD,Employed,Single,0,94000.0,624.0,0,LN-2023-12937,Home,83400.0,24,12.76,3955.59,0.332,4.0,2,Fair,Rent,East,Current,No,Fair (580-669),Upper-Middle ($65k-$95k),0
CUST-3938,Female,45,PhD,Employed,Single,0,82300.0,577.0,2,LN-2023-12938,Auto,34200.0,12,16.46,3110.44,0.529,9.0,0,Poor,Rent,South,Current,No,Poor (<580),Upper-Middle ($65k-$95k),0
CUST-3939,Female,28,High School,Employed,Divorced,3,32900.0,688.0,1,LN-2023-12939,Personal,30400.0,24,16.16,1490.8,0.611,4.0,0,Good,Rent,East,Current,No,Good (670-739),Low (<$40k),0
CUST-3940,Male,36,High School,Employed,Single,3,68100.0,663.0,2,LN-2023-12940,Auto,44200.0,36,14.49,1521.19,0.359,11.0,0,Fair,Rent,West,Current,No,Fair (580-669),Upper-Middle ($65k-$95k),0
CUST-3941,Male,65,Master,Employed,Single,0,92200.0,737.0,0,LN-2023-12941,Personal,18500.0,36,15.83,648.85,0.084,8.0,0,Good,Rent,South,Fully Paid,No,Good (670-739),Upper-Middle ($65k-$95k),0
CUST-3942,Female,35,Bachelor,Employed,Married,1,54600.0,632.0,1,LN-2023-12942,Personal,20600.0,24,16.49,1013.47,0.265,11.0,0,Fair,Mortgage,Central,Fully Paid,No,Fair (580-669),Lower-Middle ($40k-$65k),0
CUST-3943,Male,21,High School,Self-Employed,Single,1,48000.0,717.0,1,LN-2023-12943,Education,35000.0,60,13.52,805.71,0.243,0.0,0,Good,Rent,North,Current,No,Good (670-739),Lower-Middle ($40k-$65k),0
CUST-3944,Female,42,Bachelor,Employed,Divorced,0,41700.0,628.0,0,LN-2023-12944,Personal,24600.0,48,17.51,716.34,0.206,13.0,0,Fair,Mortgage,Central,Current,No,Fair (580-669),Lower-Middle ($40k-$65k),0
CUST-3945,Female,23,Bachelor,Unemployed,Married,1,30500.0,573.0,0,LN-2023-12945,Home,119700.0,24,13.87,5739.79,0.75,0.0,1,Poor,Mortgage,West,Defaulted,Yes,Poor (<580),Low (<$40k),1
CUST-3946,Male,58,Master,Employed,Married,3,66200.0,623.0,1,LN-2023-12946,Personal,29000.0,36,17.72,1044.35,0.227,3.0,0,Fair,Rent,East,Fully Paid,No,Fair (580-669),Upper-Middle ($65k-$95k),0
CUST-3947,Male,34,High School,Unemployed,Married,0,18000.0,532.0,1,LN-2023-12947,Personal,27100.0,36,19.16,995.57,0.75,0.0,0,Poor,Own,North,Defaulted,Yes,Poor (<580),Low (<$40k),1
CUST-3948,Male,56,High School,Employed,Single,0,27500.0,821.0,2,LN-2023-12948,Personal,3300.0,48,13.21,88.88,0.242,23.0,0,Excellent,Rent,East,Fully Paid,No,Excellent (800+),Low (<$40k),0
CUST-3949,Male,38,Master,Employed,Married,0,92900.0,682.0,1,LN-2023-12949,Home,71400.0,36,10.3,2313.95,0.314,5.0,0,Good,Mortgage,West,Current,No,Good (670-739),Upper-Middle ($65k-$95k),0
CUST-3950,Female,67,Master,Employed,Married,0,61900.0,602.0,1,LN-2023-12950,Auto,25300.0,36,15.06,877.78,0.215,32.0,0,Fair,Rent,South,Current,No,Fair (580-669),Lower-Middle ($40k-$65k),0
CUST-3951,Female,61,Bachelor,Self-Employed,Divorced,0,29200.0,637.0,1,LN-2023-12951,Auto,35800.0,36,14.78,1237.17,0.604,17.0,1,Fair,Mortgage,North,Defaulted,Yes,Fair (580-669),Low (<$40k),1
CUST-3952,Female,38,Master,Employed,Single,1,45300.0,461.0,1,LN-2023-12952,Home,71100.0,48,16.88,2047.18,0.593,4.0,0,Poor,Mortgage,South,Current,No,Poor (<580),Lower-Middle ($40k-$65k),0
CUST-3953,Female,23,Bachelor,Employed,Married,1,56600.0,791.0,0,LN-2023-12953,Auto,22300.0,36,10.3,722.7,0.153,2.0,0,Excellent,Mortgage,South,Fully Paid,No,Very Good (740-799),Lower-Middle ($40k-$65k),0
CUST-3954,Male,30,Master,Self-Employed,Married,2,81600.0,783.0,1,LN-2023-12954,Education,19600.0,48,11.52,511.54,0.104,6.0,0,Excellent,Rent,South,Fully Paid,No,Very Good (740-799),Upper-Middle ($65k-$95k),0
CUST-3955,Female,59,Bachelor,Employed,Married,0,56300.0,679.0,0,LN-2023-12955,Business,86900.0,12,14.92,7840.17,0.75,32.0,0,Good,Rent,West,Current,No,Good (670-739),Lower-Middle ($40k-$65k),0
CUST-3956,Female,67,High School,Employed,Married,0,41300.0,697.0,1,LN-2023-12956,Home,82200.0,60,10.69,1774.55,0.56,14.0,0,Good,Mortgage,North,Fully Paid,No,Good (670-739),Lower-Middle ($40k-$65k),0
CUST-3957,Female,21,Bachelor,Employed,Married,2,32400.0,562.0,2,LN-2023-12957,Business,29800.0,48,18.46,882.55,0.457,0.0,0,Poor,Mortgage,East,Defaulted,Yes,Poor (<580),Low (<$40k),1
CUST-3958,Female,47,Bachelor,Employed,Single,2,42400.0,568.0,1,LN-2023-12958,Home,45500.0,48,14.53,1255.49,0.418,14.0,0,Poor,Rent,North,Current,No,Poor (<580),Lower-Middle ($40k-$65k),0
CUST-3959,Male,47,PhD,Employed,Single,0,158100.0,525.0,0,LN-2023-12959,Education,14000.0,24,17.88,698.13,0.08,15.0,0,Poor,Mortgage,Central,Fully Paid,No,Poor (<580),High (>$95k),0
CUST-3960,Female,31,Bachelor,Employed,Single,0,100200.0,656.0,0,LN-2023-12960,Auto,45700.0,24,14.02,2194.62,0.263,0.0,1,Fair,Mortgage,East,Defaulted,Yes,Fair (580-669),High (>$95k),1
CUST-3961,Male,25,Master,Employed,Married,2,101000.0,760.0,0,LN-2023-12961,Education,38500.0,60,11.62,849.04,0.101,1.0,0,Excellent,Mortgage,Central,Fully Paid,No,Very Good (740-799),High (>$95k),0
CUST-3962,Male,27,Master,Employed,Single,0,97000.0,637.0,1,LN-2023-12962,Home,90000.0,60,12.19,2010.65,0.276,5.0,0,Fair,Rent,Central,Current,No,Fair (580-669),High (>$95k),0
CUST-3963,Male,39,High School,Self-Employed,Single,0,84800.0,699.0,1,LN-2023-12963,Auto,34600.0,24,14.7,1672.71,0.253,7.0,0,Good,Rent,Central,Fully Paid,No,Good (670-739),Upper-Middle ($65k-$95k),0
CUST-3964,Female,49,Master,Employed,Married,1,47000.0,753.0,0,LN-2023-12964,Home,112700.0,36,8.75,3570.73,0.75,23.0,0,Excellent,Rent,North,Current,No,Very Good (740-799),Lower-Middle ($40k-$65k),0
CUST-3965,Female,35,Bachelor,Employed,Married,0,63800.0,531.0,2,LN-2023-12965,Education,7900.0,24,16.27,387.83,0.121,3.0,1,Poor,Own,West,Defaulted,Yes,Poor (<580),Lower-Middle ($40k-$65k),1
CUST-3966,Female,55,Master,Employed,Single,0,47000.0,826.0,1,LN-2023-12966,Business,46200.0,24,12.55,2186.68,0.625,29.0,0,Excellent,Rent,South,Fully Paid,No,Excellent (800+),Lower-Middle ($40k-$65k),0
CUST-3967,Female,67,Bachelor,Employed,Single,1,38300.0,768.0,2,LN-2023-12967,Personal,21600.0,24,14.4,1041.16,0.465,28.0,0,Excellent,Rent,South,Fully Paid,No,Very Good (740-799),Low (<$40k),0
CUST-3968,Female,57,Master,Employed,Married,2,91900.0,713.0,2,LN-2023-12968,Home,121400.0,12,11.22,10742.0,0.75,24.0,0,Good,Rent,South,Defaulted,Yes,Good (670-739),Upper-Middle ($65k-$95k),1
CUST-3969,Female,32,Bachelor,Employed,Single,2,96300.0,748.0,2,LN-2023-12969,Personal,24100.0,36,14.55,830.13,0.158,4.0,0,Excellent,Rent,North,Fully Paid,No,Very Good (740-799),High (>$95k),0
CUST-3970,Male,50,High School,Employed,Single,4,45000.0,752.0,3,LN-2023-12970,Personal,13200.0,24,13.19,628.73,0.387,23.0,0,Excellent,Rent,South,Fully Paid,No,Very Good (740-799),Lower-Middle ($40k-$65k),0
CUST-3971,Male,40,High School,Unemployed,Divorced,0,36100.0,694.0,0,LN-2023-12971,Business,83700.0,60,15.18,1999.13,0.665,0.0,0,Good,Rent,East,Fully Paid,No,Good (670-739),Low (<$40k),0
CUST-3972,Male,57,Bachelor,Employed,Married,0,69200.0,791.0,0,LN-2023-12972,Auto,35300.0,36,9.66,1133.41,0.197,17.0,0,Excellent,Rent,South,Current,No,Very Good (740-799),Upper-Middle ($65k-$95k),0
CUST-3973,Female,23,Master,Employed,Single,2,54900.0,631.0,2,LN-2023-12973,Home,115600.0,36,12.69,3877.78,0.75,1.0,0,Fair,Mortgage,West,Defaulted,Yes,Fair (580-669),Lower-Middle ($40k-$65k),1
CUST-3974,Female,29,Bachelor,Employed,Married,1,38600.0,709.0,1,LN-2023-12974,Auto,24600.0,60,13.02,559.98,0.205,1.0,0,Good,Own,West,Current,No,Good (670-739),Low (<$40k),0
CUST-3975,Male,61,Bachelor,Employed,Single,0,99400.0,782.0,5,LN-2023-12975,Auto,10100.0,36,11.01,330.71,0.103,22.0,0,Excellent,Own,North,Current,No,Very Good (740-799),High (>$95k),0
CUST-3976,Male,59,Bachelor,Self-Employed,Single,0,76600.0,441.0,0,LN-2023-12976,Personal,7800.0,24,20.27,398.02,0.08,29.0,0,Poor,Mortgage,North,Current,No,Poor (<580),Upper-Middle ($65k-$95k),0
CUST-3977,Female,46,Bachelor,Employed,Married,0,85200.0,707.0,0,LN-2023-12977,Personal,29900.0,36,14.67,1031.67,0.145,4.0,0,Good,Rent,Central,Current,No,Good (670-739),Upper-Middle ($65k-$95k),0
CUST-3978,Male,22,High School,Employed,Single,1,18000.0,731.0,1,LN-2023-12978,Auto,11300.0,36,11.08,370.38,0.365,1.0,0,Good,Mortgage,Central,Fully Paid,No,Good (670-739),Low (<$40k),0
CUST-3979,Female,43,Master,Employed,Married,0,86900.0,524.0,0,LN-2023-12979,Personal,20300.0,48,19.24,609.55,0.084,0.0,0,Poor,Mortgage,South,Fully Paid,No,Poor (<580),Upper-Middle ($65k-$95k),0
CUST-3980,Female,43,PhD,Employed,Single,3,73700.0,693.0,1,LN-2023-12980,Personal,14900.0,48,17.77,435.9,0.111,18.0,0,Good,Rent,North,Fully Paid,No,Good (670-739),Upper-Middle ($65k-$95k),0
CUST-3981,Male,41,Bachelor,Employed,Married,0,33600.0,602.0,3,LN-2023-12981,Home,81500.0,36,12.98,2745.27,0.75,17.0,0,Fair,Mortgage,Central,Fully Paid,No,Fair (580-669),Low (<$40k),0
CUST-3982,Male,36,High School,Employed,Single,4,47700.0,703.0,0,LN-2023-12982,Education,19600.0,36,13.04,660.78,0.166,5.0,0,Good,Own,North,Fully Paid,No,Good (670-739),Lower-Middle ($40k-$65k),0
CUST-3983,Female,29,High School,Employed,Married,2,80200.0,661.0,1,LN-2023-12983,Personal,5000.0,36,16.41,176.8,0.08,1.0,0,Fair,Rent,North,Fully Paid,No,Fair (580-669),Upper-Middle ($65k-$95k),0
CUST-3984,Female,33,Bachelor,Employed,Single,1,174300.0,589.0,1,LN-2023-12984,Education,10200.0,36,15.04,353.79,0.08,7.0,0,Fair,Rent,North,Current,No,Fair (580-669),High (>$95k),0
CUST-3985,Female,48,Bachelor,Employed,Single,2,70100.0,764.0,1,LN-2023-12985,Auto,12400.0,12,10.71,1094.26,0.214,1.0,0,Excellent,Mortgage,South,Fully Paid,No,Very Good (740-799),Upper-Middle ($65k-$95k),0
CUST-3986,Female,47,Master,Employed,Single,1,56600.0,634.0,0,LN-2023-12986,Personal,4600.0,60,16.42,112.89,0.08,11.0,0,Fair,Mortgage,Central,Current,No,Fair (580-669),Lower-Middle ($40k-$65k),0
CUST-3987,Male,37,Bachelor,Employed,Married,0,44500.0,692.0,0,LN-2023-12987,Auto,13300.0,36,13.7,452.63,0.122,4.0,0,Good,Mortgage,East,Fully Paid,No,Good (670-739),Lower-Middle ($40k-$65k),0
CUST-3988,Male,58,Master,Employed,Single,0,120100.0,781.0,0,LN-2023-12988,Home,104200.0,36,9.35,3330.53,0.333,15.0,0,Excellent,Mortgage,North,Current,No,Very Good (740-799),High (>$95k),0
CUST-3989,Female,56,Bachelor,Unemployed,Married,1,18000.0,592.0,5,LN-2023-12989,Education,9900.0,36,15.66,346.4,0.609,0.0,0,Fair,Rent,Central,Current,No,Fair (580-669),Low (<$40k),0
CUST-3990,Female,21,Bachelor,Employed,Single,1,83200.0,670.0,2,LN-2023-12990,Business,38300.0,24,16.38,1882.25,0.333,0.0,0,Good,Mortgage,East,Fully Paid,No,Good (670-739),Upper-Middle ($65k-$95k),0
CUST-3991,Male,38,Bachelor,Unemployed,Single,1,25100.0,627.0,2,LN-2023-12991,Personal,22100.0,36,18.2,801.19,0.576,0.0,0,Fair,Rent,South,Defaulted,Yes,Fair (580-669),Low (<$40k),1
CUST-3992,Female,29,High School,Employed,Single,1,53300.0,646.0,0,LN-2023-12992,Education,9800.0,48,15.1,273.24,0.08,0.0,0,Fair,Rent,West,Current,No,Fair (580-669),Lower-Middle ($40k-$65k),0
CUST-3993,Female,33,Bachelor,Self-Employed,Single,1,35700.0,850.0,0,LN-2023-12993,Home,122400.0,36,6.89,3773.2,0.75,0.0,0,Excellent,Mortgage,East,Current,No,Excellent (800+),Low (<$40k),0
CUST-3994,Male,60,Master,Employed,Married,1,66300.0,708.0,2,LN-2023-12994,Personal,16800.0,36,13.91,573.45,0.146,21.0,0,Good,Own,Central,Current,No,Good (670-739),Upper-Middle ($65k-$95k),0
CUST-3995,Male,65,Bachelor,Employed,Single,1,32600.0,696.0,2,LN-2023-12995,Personal,30900.0,36,14.27,1060.15,0.536,21.0,0,Good,Mortgage,West,Current,No,Good (670-739),Low (<$40k),0
CUST-3996,Female,35,Master,Self-Employed,Married,1,68700.0,714.0,1,LN-2023-12996,Auto,17300.0,48,13.2,465.83,0.1,3.0,0,Good,Rent,West,Fully Paid,No,Good (670-739),Upper-Middle ($65k-$95k),0
CUST-3997,Male,63,Bachelor,Self-Employed,Divorced,3,109200.0,706.0,1,LN-2023-12997,Personal,3900.0,48,14.74,108.03,0.08,23.0,0,Good,Mortgage,South,Current,No,Good (670-739),High (>$95k),0
CUST-3998,Male,64,High School,Employed,Single,1,85400.0,514.0,1,LN-2023-12998,Home,95200.0,48,15.56,2676.59,0.415,33.0,0,Poor,Own,Central,Current,No,Poor (<580),Upper-Middle ($65k-$95k),0
CUST-3999,Male,66,Bachelor,Employed,Single,2,69200.0,850.0,0,LN-2023-12999,Education,17200.0,24,9.78,791.95,0.137,11.0,0,Excellent,Mortgage,East,Current,No,Excellent (800+),Upper-Middle ($65k-$95k),0
CUST-4000,Female,24,Bachelor,Employed,Divorced,1,48600.0,545.0,2,LN-2023-13000,Education,25500.0,36,17.08,910.16,0.338,2.0,0,Poor,Rent,South,Fully Paid,No,Poor (<580),Lower-Middle ($40k-$65k),0
CUST-4001,Female,53,Bachelor,Self-Employed,Married,1,147700.0,817.0,0,LN-2023-13001,Education,22100.0,48,11.32,574.63,0.08,18.0,0,Excellent,Rent,North,Current,No,Excellent (800+),High (>$95k),0
CUST-4002,Female,44,High School,Employed,Divorced,1,37800.0,722.0,1,LN-2023-13002,Personal,16300.0,36,14.37,560.03,0.248,1.0,0,Good,Rent,East,Current,No,Good (670-739),Low (<$40k),0
CUST-4003,Male,56,Bachelor,Employed,Married,0,37700.0,685.0,2,LN-2023-13003,Auto,42300.0,48,13.81,1151.88,0.505,11.0,0,Good,Own,West,Fully Paid,No,Good (670-739),Low (<$40k),0
CUST-4004,Female,61,High School,Self-Employed,Single,4,77200.0,644.0,0,LN-2023-13004,Business,33400.0,48,15.97,946.05,0.147,17.0,0,Fair,Rent,South,Defaulted,Yes,Fair (580-669),Upper-Middle ($65k-$95k),1
CUST-4005,Female,30,High School,Self-Employed,Single,0,69400.0,850.0,2,LN-2023-13005,Personal,17500.0,24,11.61,820.6,0.221,6.0,0,Excellent,Rent,North,Fully Paid,No,Excellent (800+),Upper-Middle ($65k-$95k),0
CUST-4006,Female,56,Bachelor,Employed,Married,0,49200.0,721.0,3,LN-2023-13006,Education,20100.0,24,13.51,960.41,0.406,9.0,2,Fair,Rent,West,Fully Paid,No,Good (670-739),Lower-Middle ($40k-$65k),0
CUST-4007,Female,40,Bachelor,Employed,Married,0,65800.0,671.0,0,LN-2023-13007,Personal,22500.0,36,16.48,796.38,0.145,16.0,0,Good,Rent,East,Fully Paid,No,Good (670-739),Upper-Middle ($65k-$95k),0
CUST-4008,Male,61,Master,Unemployed,Married,0,33200.0,624.0,1,LN-2023-13008,Auto,11900.0,24,14.89,576.37,0.276,0.0,0,Fair,Own,West,Current,No,Fair (580-669),Low (<$40k),0
CUST-4009,Female,65,Bachelor,Employed,Divorced,2,68900.0,614.0,1,LN-2023-13009,Auto,30100.0,60,14.02,700.69,0.154,26.0,0,Fair,Mortgage,South,Current,No,Fair (580-669),Upper-Middle ($65k-$95k),0
CUST-4010,Male,64,Master,Self-Employed,Married,1,110000.0,674.0,0,LN-2023-13010,Business,53500.0,24,15.5,2606.76,0.284,14.0,0,Good,Mortgage,North,Fully Paid,No,Good (670-739),High (>$95k),0
CUST-4011,Female,31,Bachelor,Employed,Single,2,50100.0,590.0,2,LN-2023-13011,Home,127800.0,36,13.8,4355.5,0.75,1.0,0,Fair,Rent,South,Current,No,Fair (580-669),Lower-Middle ($40k-$65k),0
CUST-4012,Male,32,Bachelor,Employed,Single,0,79700.0,727.0,2,LN-2023-13012,Education,31700.0,60,14.4,744.19,0.144,2.0,0,Good,Rent,South,Current,No,Good (670-739),Upper-Middle ($65k-$95k),0
CUST-4013,Male,38,Bachelor,Employed,Married,0,63400.0,615.0,2,LN-2023-13013,Personal,7500.0,24,18.54,376.39,0.155,7.0,0,Fair,Mortgage,West,Fully Paid,No,Fair (580-669),Lower-Middle ($40k-$65k),0
CUST-4014,Male,50,PhD,Employed,Married,0,75100.0,755.0,2,LN-2023-13014,Home,88300.0,36,9.36,2822.73,0.535,12.0,0,Excellent,Rent,East,Fully Paid,No,Very Good (740-799),Upper-Middle ($65k-$95k),0
CUST-4015,Female,64,Bachelor,Self-Employed,Single,1,64700.0,753.0,1,LN-2023-13015,Home,111600.0,24,9.27,5112.25,0.75,28.0,0,Excellent,Rent,North,Current,No,Very Good (740-799),Lower-Middle ($40k-$65k),0
CUST-4016,Male,57,Master,Employed,Married,2,74500.0,665.0,2,LN-2023-13016,Home,89600.0,48,12.88,2398.41,0.452,22.0,0,Fair,Mortgage,North,Current,No,Fair (580-669),Upper-Middle ($65k-$95k),0
CUST-4017,Female,40,Bachelor,Employed,Single,1,32800.0,719.0,2,LN-2023-13017,Home,75300.0,24,10.9,3506.08,0.75,3.0,0,Good,Own,Central,Fully Paid,No,Good (670-739),Low (<$40k),0
CUST-4018,Male,45,High School,Employed,Married,0,36900.0,723.0,0,LN-2023-13018,Business,46400.0,24,14.37,2235.92,0.727,12.0,0,Good,Mortgage,East,Current,No,Good (670-739),Low (<$40k),0
CUST-4019,Male,32,Bachelor,Employed,Married,4,64700.0,545.0,4,LN-2023-13019,Personal,13600.0,60,18.9,352.04,0.239,0.0,0,Poor,Mortgage,South,Defaulted,Yes,Poor (<580),Lower-Middle ($40k-$65k),1
CUST-4020,Female,41,High School,Employed,Single,0,26700.0,817.0,1,LN-2023-13020,Personal,3600.0,24,11.95,169.38,0.141,7.0,0,Excellent,Own,West,Fully Paid,No,Excellent (800+),Low (<$40k),0
CUST-4021,Male,45,Bachelor,Employed,Married,1,47600.0,648.0,2,LN-2023-13021,Business,71100.0,48,17.05,2053.43,0.641,16.0,0,Fair,Rent,West,Defaulted,Yes,Fair (580-669),Lower-Middle ($40k-$65k),1
CUST-4022,Male,31,High School,Employed,Divorced,0,143600.0,729.0,2,LN-2023-13022,Home,96900.0,24,11.24,4527.1,0.409,4.0,0,Good,Mortgage,North,Fully Paid,No,Good (670-739),High (>$95k),0
CUST-4023,Female,29,Bachelor,Self-Employed,Divorced,0,43500.0,731.0,1,LN-2023-13023,Auto,20200.0,24,13.3,963.19,0.337,6.0,0,Good,Own,Central,Fully Paid,No,Good (670-739),Lower-Middle ($40k-$65k),0
CUST-4024,Male,45,PhD,Self-Employed,Married,0,89800.0,458.0,0,LN-2023-13024,Personal,21300.0,48,21.51,665.43,0.089,20.0,0,Poor,Mortgage,Central,Current,No,Poor (<580),Upper-Middle ($65k-$95k),0
CUST-4025,Male,55,Bachelor,Employed,Married,0,43200.0,614.0,0,LN-2023-13025,Personal,12000.0,12,17.07,1094.86,0.304,18.0,0,Fair,Mortgage,North,Defaulted,Yes,Fair (580-669),Lower-Middle ($40k-$65k),1
CUST-4026,Male,52,Master,Employed,Married,2,73800.0,741.0,0,LN-2023-13026,Personal,10100.0,36,15.12,350.71,0.08,4.0,0,Excellent,Mortgage,South,Fully Paid,No,Very Good (740-799),Upper-Middle ($65k-$95k),0
CUST-4027,Female,34,Bachelor,Employed,Married,1,43600.0,675.0,1,LN-2023-13027,Personal,24500.0,48,16.97,706.57,0.223,4.0,0,Good,Mortgage,North,Current,No,Good (670-739),Lower-Middle ($40k-$65k),0
CUST-4028,Female,21,Bachelor,Employed,Single,2,56300.0,728.0,0,LN-2023-13028,Auto,40700.0,36,12.95,1370.36,0.292,0.0,0,Good,Mortgage,South,Fully Paid,No,Good (670-739),Lower-Middle ($40k-$65k),0
CUST-4029,Female,37,Master,Self-Employed,Single,1,64800.0,677.0,1,LN-2023-13029,Education,27300.0,48,14.5,752.88,0.182,8.0,0,Good,Rent,North,Fully Paid,No,Good (670-739),Lower-Middle ($40k-$65k),0
CUST-4030,Female,45,Master,Employed,Married,1,125100.0,774.0,1,LN-2023-13030,Education,32700.0,12,11.91,2903.98,0.291,17.0,0,Excellent,Mortgage,South,Current,No,Very Good (740-799),High (>$95k),0
CUST-4031,Male,28,Master,Employed,Married,2,80700.0,679.0,0,LN-2023-13031,Personal,13600.0,48,15.23,380.09,0.08,4.0,0,Good,Rent,South,Fully Paid,No,Good (670-739),Upper-Middle ($65k-$95k),0
CUST-4032,Male,25,Bachelor,Employed,Married,3,40000.0,791.0,1,LN-2023-13032,Home,51100.0,24,10.2,2362.73,0.75,3.0,0,Excellent,Rent,North,Fully Paid,No,Very Good (740-799),Low (<$40k),0
CUST-4033,Female,25,Bachelor,Employed,Married,0,91800.0,586.0,2,LN-2023-13033,Auto,33000.0,48,15.38,924.78,0.18,3.0,0,Fair,Mortgage,North,Current,No,Fair (580-669),Upper-Middle ($65k-$95k),0
CUST-4034,Male,61,High School,Employed,Single,0,31900.0,659.0,2,LN-2023-13034,Personal,10400.0,36,17.15,371.57,0.288,29.0,0,Fair,Mortgage,East,Current,No,Fair (580-669),Low (<$40k),0
CUST-4035,Male,55,Bachelor,Employed,Married,2,31100.0,619.0,0,LN-2023-13035,Education,32400.0,48,16.92,933.56,0.36,8.0,0,Fair,Mortgage,East,Current,No,Fair (580-669),Low (<$40k),0
CUST-4036,Male,39,Bachelor,Employed,Married,3,62800.0,703.0,0,LN-2023-13036,Home,75400.0,24,11.47,3530.71,0.675,14.0,0,Good,Rent,North,Fully Paid,No,Good (670-739),Lower-Middle ($40k-$65k),0
CUST-4037,Male,43,Master,Unemployed,Married,4,64300.0,646.0,5,LN-2023-13037,Business,66900.0,36,17.21,2392.17,0.563,0.0,1,Fair,Own,West,Defaulted,Yes,Fair (580-669),Lower-Middle ($40k-$65k),1
CUST-4038,Female,29,Master,Self-Employed,Divorced,1,39300.0,650.0,0,LN-2023-13038,Personal,19000.0,48,15.85,537.01,0.164,5.0,0,Fair,Rent,North,Current,No,Fair (580-669),Low (<$40k),0
CUST-4039,Male,50,Bachelor,Self-Employed,Married,0,39700.0,610.0,2,LN-2023-13039,Personal,26700.0,60,16.87,661.7,0.28,7.0,0,Fair,Mortgage,East,Current,No,Fair (580-669),Low (<$40k),0
CUST-4040,Male,36,High School,Self-Employed,Single,0,79200.0,630.0,1,LN-2023-13040,Home,115700.0,24,13.33,5518.54,0.75,13.0,0,Fair,Rent,South,Defaulted,Yes,Fair (580-669),Upper-Middle ($65k-$95k),1
CUST-4041,Male,53,Master,Employed,Married,3,58300.0,669.0,0,LN-2023-13041,Personal,5000.0,48,15.7,140.93,0.08,26.0,0,Fair,Mortgage,Central,Fully Paid,No,Fair (580-669),Lower-Middle ($40k-$65k),0
CUST-4042,Female,22,High School,Self-Employed,Divorced,1,74400.0,498.0,2,LN-2023-13042,Auto,21200.0,12,16.41,1927.61,0.39,1.0,1,Poor,Rent,East,Fully Paid,No,Poor (<580),Upper-Middle ($65k-$95k),0
CUST-4043,Male,34,Bachelor,Employed,Single,0,43100.0,474.0,4,LN-2023-13043,Business,81000.0,36,19.01,2969.55,0.75,10.0,0,Poor,Mortgage,West,Current,No,Poor (<580),Lower-Middle ($40k-$65k),0
CUST-4044,Male,66,High School,Employed,Married,3,52300.0,675.0,3,LN-2023-13044,Personal,14700.0,60,15.8,355.92,0.242,10.0,0,Good,Mortgage,Central,Defaulted,Yes,Good (670-739),Lower-Middle ($40k-$65k),1
CUST-4045,Female,21,Bachelor,Self-Employed,Single,0,158500.0,434.0,2,LN-2023-13045,Personal,17900.0,60,21.09,485.16,0.08,0.0,0,Poor,Rent,North,Current,No,Poor (<580),High (>$95k),0
CUST-4046,Female,46,PhD,Employed,Single,2,54200.0,653.0,1,LN-2023-13046,Personal,8300.0,24,17.13,410.89,0.14,4.0,0,Fair,Mortgage,North,Fully Paid,No,Fair (580-669),Lower-Middle ($40k-$65k),0
CUST-4047,Male,45,High School,Unemployed,Married,1,27200.0,637.0,1,LN-2023-13047,Home,92000.0,24,11.59,4313.17,0.75,0.0,0,Fair,Rent,West,Defaulted,Yes,Fair (580-669),Low (<$40k),1
CUST-4048,Male,36,Bachelor,Employed,Married,0,85400.0,716.0,1,LN-2023-13048,Home,67500.0,24,11.51,3162.04,0.471,7.0,0,Good,Mortgage,East,Current,No,Good (670-739),Upper-Middle ($65k-$95k),0
CUST-4049,Male,35,Bachelor,Self-Employed,Single,0,37000.0,612.0,1,LN-2023-13049,Auto,41500.0,36,13.99,1418.17,0.541,6.0,1,Fair,Own,East,Fully Paid,No,Fair (580-669),Low (<$40k),0
CUST-4050,Male,46,Master,Employed,Single,0,100100.0,803.0,3,LN-2023-13050,Auto,17600.0,12,9.8,1545.68,0.228,5.0,0,Excellent,Own,South,Current,No,Excellent (800+),High (>$95k),0
CUST-4051,Male,67,Master,Employed,Single,1,80400.0,742.0,0,LN-2023-13051,Auto,23700.0,36,12.07,787.97,0.118,27.0,0,Excellent,Rent,North,Current,No,Very Good (740-799),Upper-Middle ($65k-$95k),0
CUST-4052,Male,64,High School,Employed,Single,1,51200.0,541.0,1,LN-2023-13052,Auto,13600.0,12,16.44,1236.77,0.332,4.0,1,Poor,Rent,West,Defaulted,Yes,Poor (<580),Lower-Middle ($40k-$65k),1
CUST-4053,Male,36,High School,Self-Employed,Single,0,65700.0,645.0,1,LN-2023-13053,Education,26000.0,24,15.02,1260.9,0.276,1.0,0,Fair,Mortgage,East,Current,No,Fair (580-669),Upper-Middle ($65k-$95k),0
CUST-4054,Male,34,Bachelor,Employed,Single,4,53700.0,799.0,1,LN-2023-13054,Home,125100.0,60,7.9,2530.59,0.286,4.0,0,Excellent,Mortgage,East,Current,No,Very Good (740-799),Lower-Middle ($40k-$65k),0
CUST-4055,Female,49,Bachelor,Employed,Single,0,64900.0,610.0,0,LN-2023-13055,Personal,8000.0,36,17.63,287.74,0.08,10.0,0,Fair,Rent,West,Current,No,Fair (580-669),Lower-Middle ($40k-$65k),0
CUST-4056,Female,44,Bachelor,Employed,Married,0,70100.0,665.0,0,LN-2023-13056,Personal,3600.0,12,15.0,324.93,0.08,6.0,0,Fair,Mortgage,Central,Fully Paid,No,Fair (580-669),Upper-Middle ($65k-$95k),0
CUST-4057,Female,67,High School,Employed,Divorced,0,68700.0,789.0,1,LN-2023-13057,Personal,15300.0,36,11.91,507.52,0.114,10.0,0,Excellent,Rent,West,Current,No,Very Good (740-799),Upper-Middle ($65k-$95k),0
CUST-4058,Male,35,High School,Employed,Married,0,24700.0,624.0,2,LN-2023-13058,Home,108600.0,60,13.85,2518.49,0.75,4.0,0,Fair,Rent,Central,Defaulted,Yes,Fair (580-669),Low (<$40k),1
CUST-4059,Male,39,Bachelor,Employed,Married,4,112400.0,765.0,1,LN-2023-13059,Home,127900.0,36,10.2,4138.99,0.465,3.0,0,Excellent,Mortgage,South,Defaulted,Yes,Very Good (740-799),High (>$95k),1
CUST-4060,Female,28,High School,Self-Employed,Single,0,33600.0,592.0,1,LN-2023-13060,Personal,4500.0,36,17.77,162.17,0.101,3.0,0,Fair,Rent,Central,Defaulted,Yes,Fair (580-669),Low (<$40k),1
CUST-4061,Male,54,Master,Employed,Married,0,109700.0,424.0,2,LN-2023-13061,Auto,39900.0,60,17.56,1003.67,0.15,26.0,0,Poor,Rent,West,Defaulted,Yes,Poor (<580),High (>$95k),1
CUST-4062,Male,22,High School,Employed,Married,2,50900.0,774.0,2,LN-2023-13062,Auto,24000.0,36,10.95,785.16,0.286,0.0,0,Excellent,Mortgage,South,Fully Paid,No,Very Good (740-799),Lower-Middle ($40k-$65k),0
CUST-4063,Female,47,High School,Employed,Married,1,27600.0,707.0,0,LN-2023-13063,Personal,7500.0,36,15.56,262.05,0.114,15.0,0,Good,Rent,East,Fully Paid,No,Good (670-739),Low (<$40k),0
CUST-4064,Female,30,PhD,Employed,Single,0,117700.0,712.0,0,LN-2023-13064,Auto,17300.0,36,12.31,577.17,0.08,1.0,0,Good,Rent,North,Fully Paid,No,Good (670-739),High (>$95k),0
CUST-4065,Female,55,Bachelor,Employed,Divorced,3,41100.0,577.0,2,LN-2023-13065,Auto,45100.0,60,16.7,1113.59,0.468,10.0,1,Poor,Mortgage,North,Defaulted,Yes,Poor (<580),Lower-Middle ($40k-$65k),1
CUST-4066,Male,43,Bachelor,Self-Employed,Single,2,117000.0,583.0,1,LN-2023-13066,Personal,26500.0,36,18.41,963.5,0.125,6.0,2,Fair,Mortgage,East,Current,No,Fair (580-669),High (>$95k),0
CUST-4067,Male,28,High School,Employed,Married,0,35700.0,767.0,0,LN-2023-13067,Business,41800.0,60,13.08,952.79,0.32,6.0,0,Excellent,Mortgage,Central,Current,No,Very Good (740-799),Low (<$40k),0
CUST-4068,Female,48,Bachelor,Employed,Married,1,32100.0,690.0,0,LN-2023-13068,Personal,30300.0,36,14.5,1042.96,0.39,10.0,0,Good,Rent,Central,Current,No,Good (670-739),Low (<$40k),0
CUST-4069,Male,43,Bachelor,Employed,Married,3,125400.0,660.0,2,LN-2023-13069,Education,9600.0,36,14.89,332.27,0.08,13.0,0,Fair,Mortgage,North,Fully Paid,No,Fair (580-669),High (>$95k),0
CUST-4070,Female,24,Bachelor,Employed,Married,1,68200.0,688.0,2,LN-2023-13070,Business,42600.0,36,16.05,1498.74,0.323,2.0,0,Good,Rent,Central,Fully Paid,No,Good (670-739),Upper-Middle ($65k-$95k),0
CUST-4071,Female,34,Master,Employed,Married,2,115000.0,798.0,4,LN-2023-13071,Auto,34800.0,60,11.27,761.33,0.138,2.0,0,Excellent,Own,East,Fully Paid,No,Very Good (740-799),High (>$95k),0
CUST-4072,Female,62,Bachelor,Employed,Married,4,42900.0,731.0,1,LN-2023-13072,Auto,48000.0,36,13.4,1626.57,0.51,33.0,0,Good,Mortgage,North,Fully Paid,No,Good (670-739),Lower-Middle ($40k-$65k),0
CUST-4073,Male,49,Bachelor,Self-Employed,Married,2,30900.0,629.0,0,LN-2023-13073,Business,52600.0,12,17.08,4799.37,0.75,8.0,0,Fair,Rent,Central,Defaulted,Yes,Fair (580-669),Low (<$40k),1
CUST-4074,Male,21,Bachelor,Employed,Married,0,133600.0,550.0,2,LN-2023-13074,Personal,26500.0,12,18.77,2439.24,0.257,0.0,0,Poor,Rent,Central,Fully Paid,No,Poor (<580),High (>$95k),0
CUST-4075,Female,24,Bachelor,Employed,Single,0,62700.0,719.0,0,LN-2023-13075,Personal,29600.0,36,15.52,1033.65,0.198,1.0,0,Good,Own,Central,Fully Paid,No,Good (670-739),Lower-Middle ($40k-$65k),0
CUST-4076,Female,52,High School,Employed,Divorced,1,61200.0,591.0,1,LN-2023-13076,Auto,10400.0,12,16.16,944.39,0.24,9.0,0,Fair,Rent,East,Current,No,Fair (580-669),Lower-Middle ($40k-$65k),0
CUST-4077,Female,53,Bachelor,Employed,Divorced,0,84500.0,569.0,0,LN-2023-13077,Education,15800.0,48,16.76,453.95,0.08,3.0,0,Poor,Own,North,Fully Paid,No,Poor (<580),Upper-Middle ($65k-$95k),0
CUST-4078,Male,46,Bachelor,Unemployed,Single,3,18900.0,781.0,1,LN-2023-13078,Auto,13800.0,36,11.14,452.71,0.361,0.0,0,Excellent,Own,South,Current,No,Very Good (740-799),Low (<$40k),0
CUST-4079,Male,37,Bachelor,Employed,Married,0,69600.0,744.0,3,LN-2023-13079,Business,74300.0,36,14.91,2572.36,0.51,9.0,0,Excellent,Rent,Central,Fully Paid,No,Very Good (740-799),Upper-Middle ($65k-$95k),0
CUST-4080,Female,59,Master,Unemployed,Single,1,55800.0,702.0,1,LN-2023-13080,Personal,19400.0,24,15.42,944.52,0.23,0.0,0,Good,Mortgage,South,Current,No,Good (670-739),Lower-Middle ($40k-$65k),0
CUST-4081,Female,43,Bachelor,Employed,Married,2,62000.0,668.0,0,LN-2023-13081,Education,9200.0,24,16.05,450.68,0.087,7.0,1,Poor,Mortgage,South,Defaulted,Yes,Fair (580-669),Lower-Middle ($40k-$65k),1
CUST-4082,Female,52,PhD,Employed,Single,1,141800.0,822.0,1,LN-2023-13082,Business,49500.0,36,12.6,1658.33,0.15,17.0,0,Excellent,Mortgage,West,Fully Paid,No,Excellent (800+),High (>$95k),0
CUST-4083,Male,35,Bachelor,Employed,Single,0,25700.0,757.0,2,LN-2023-13083,Home,88700.0,36,9.42,2838.01,0.75,0.0,0,Excellent,Rent,West,Defaulted,Yes,Very Good (740-799),Low (<$40k),1
CUST-4084,Female,33,Bachelor,Employed,Single,0,104200.0,644.0,3,LN-2023-13084,Business,68800.0,24,16.37,3380.84,0.428,10.0,0,Fair,Mortgage,South,Current,No,Fair (580-669),High (>$95k),0
CUST-4085,Female,22,Master,Employed,Divorced,1,39200.0,626.0,3,LN-2023-13085,Personal,25600.0,24,16.44,1258.84,0.542,0.0,1,Fair,Rent,South,Defaulted,Yes,Fair (580-669),Low (<$40k),1
CUST-4086,Female,39,Bachelor,Employed,Single,2,99000.0,676.0,0,LN-2023-13086,Business,26200.0,24,16.43,1288.22,0.156,10.0,0,Good,Rent,South,Current,No,Good (670-739),High (>$95k),0
CUST-4087,Male,44,Bachelor,Employed,Single,2,74900.0,629.0,3,LN-2023-13087,Business,54100.0,60,16.91,1341.91,0.345,14.0,0,Fair,Mortgage,South,Current,No,Fair (580-669),Upper-Middle ($65k-$95k),0
CUST-4088,Male,65,High School,Employed,Married,0,47000.0,850.0,0,LN-2023-13088,Personal,7700.0,36,12.6,257.96,0.08,6.0,0,Excellent,Rent,West,Fully Paid,No,Excellent (800+),Lower-Middle ($40k-$65k),0
CUST-4089,Female,44,Bachelor,Employed,Divorced,0,60100.0,637.0,0,LN-2023-13089,Home,109000.0,36,12.62,3652.72,0.729,2.0,0,Fair,Rent,North,Fully Paid,No,Fair (580-669),Lower-Middle ($40k-$65k),0
CUST-4090,Male,31,Bachelor,Employed,Married,2,56100.0,579.0,0,LN-2023-13090,Home,100900.0,60,12.93,2292.17,0.49,1.0,1,Poor,Own,West,Defaulted,Yes,Poor (<580),Lower-Middle ($40k-$65k),1
CUST-4091,Male,42,PhD,Self-Employed,Divorced,3,73800.0,805.0,0,LN-2023-13091,Personal,24000.0,48,14.02,656.08,0.107,4.0,0,Excellent,Rent,North,Fully Paid,No,Excellent (800+),Upper-Middle ($65k-$95k),0
CUST-4092,Female,35,Bachelor,Employed,Married,0,57300.0,621.0,2,LN-2023-13092,Personal,5200.0,60,16.98,129.18,0.093,2.0,0,Fair,Own,North,Current,No,Fair (580-669),Lower-Middle ($40k-$65k),0
CUST-4093,Male,30,Master,Self-Employed,Married,2,220000.0,736.0,2,LN-2023-13093,Personal,17800.0,36,14.36,611.48,0.08,5.0,0,Good,Rent,North,Fully Paid,No,Good (670-739),High (>$95k),0
CUST-4094,Female,61,Bachelor,Employed,Single,0,113000.0,727.0,2,LN-2023-13094,Home,116400.0,24,10.46,5396.02,0.617,14.0,0,Good,Rent,North,Fully Paid,No,Good (670-739),High (>$95k),0
CUST-4095,Male,47,Bachelor,Employed,Married,1,42500.0,665.0,3,LN-2023-13095,Home,105600.0,36,11.83,3498.86,0.75,12.0,0,Fair,Rent,West,Fully Paid,No,Fair (580-669),Lower-Middle ($40k-$65k),0
CUST-4096,Female,29,Bachelor,Employed,Single,2,70900.0,587.0,1,LN-2023-13096,Business,80300.0,24,19.51,4067.74,0.708,0.0,0,Fair,Rent,East,Fully Paid,No,Fair (580-669),Upper-Middle ($65k-$95k),0
CUST-4097,Female,48,Master,Employed,Married,0,81300.0,665.0,0,LN-2023-13097,Home,62500.0,36,12.09,2078.58,0.307,20.0,0,Fair,Mortgage,South,Fully Paid,No,Fair (580-669),Upper-Middle ($65k-$95k),0
CUST-4098,Male,21,Master,Employed,Divorced,1,73000.0,570.0,2,LN-2023-13098,Auto,20900.0,36,15.42,728.81,0.183,0.0,3,Poor,Own,North,Defaulted,Yes,Poor (<580),Upper-Middle ($65k-$95k),1
CUST-4099,Male,37,High School,Employed,Single,0,31300.0,667.0,3,LN-2023-13099,Personal,15800.0,24,17.45,784.61,0.544,5.0,0,Fair,Mortgage,West,Fully Paid,No,Fair (580-669),Low (<$40k),0
CUST-4100,Male,51,Bachelor,Employed,Single,0,76800.0,735.0,4,LN-2023-13100,Auto,29900.0,12,10.99,2642.47,0.549,2.0,0,Good,Rent,East,Fully Paid,No,Good (670-739),Upper-Middle ($65k-$95k),0
CUST-4101,Male,64,Bachelor,Employed,Married,1,92000.0,816.0,1,LN-2023-13101,Business,37700.0,36,12.31,1257.77,0.198,5.0,0,Excellent,Rent,North,Fully Paid,No,Excellent (800+),Upper-Middle ($65k-$95k),0
CUST-4102,Female,30,High School,Self-Employed,Married,0,38800.0,577.0,3,LN-2023-13102,Home,77400.0,48,13.22,2084.91,0.75,5.0,0,Poor,Rent,South,Defaulted,Yes,Poor (<580),Low (<$40k),1
CUST-4103,Female,57,Bachelor,Employed,Single,1,151600.0,648.0,3,LN-2023-13103,Home,103400.0,12,12.04,9188.9,0.75,21.0,0,Fair,Mortgage,South,Current,No,Fair (580-669),High (>$95k),0
CUST-4104,Male,49,Master,Employed,Married,0,154400.0,625.0,0,LN-2023-13104,Auto,34500.0,12,14.79,3110.49,0.242,16.0,1,Fair,Rent,South,Fully Paid,No,Fair (580-669),High (>$95k),0
CUST-4105,Male,38,Bachelor,Employed,Married,1,80500.0,693.0,2,LN-2023-13105,Home,54400.0,48,11.36,1415.53,0.277,8.0,0,Good,Rent,South,Fully Paid,No,Good (670-739),Upper-Middle ($65k-$95k),0
CUST-4106,Male,67,Master,Self-Employed,Single,0,51400.0,540.0,0,LN-2023-13106,Home,128800.0,24,14.71,6227.35,0.75,38.0,2,Poor,Mortgage,South,Defaulted,Yes,Poor (<580),Lower-Middle ($40k-$65k),1
CUST-4107,Female,58,Bachelor,Employed,Married,2,75300.0,591.0,1,LN-2023-13107,Personal,19300.0,60,18.24,492.62,0.119,6.0,0,Fair,Rent,West,Current,No,Fair (580-669),Upper-Middle ($65k-$95k),0
CUST-4108,Male,59,Bachelor,Employed,Married,1,71400.0,526.0,3,LN-2023-13108,Home,86100.0,36,14.69,2971.63,0.581,15.0,0,Poor,Rent,Central,Defaulted,Yes,Poor (<580),Upper-Middle ($65k-$95k),1
CUST-4109,Female,26,High School,Unemployed,Married,4,21600.0,547.0,2,LN-2023-13109,Auto,46800.0,48,17.17,1354.54,0.75,0.0,0,Poor,Rent,North,Defaulted,Yes,Poor (<580),Low (<$40k),1
CUST-4110,Female,60,Bachelor,Self-Employed,Married,3,147900.0,613.0,1,LN-2023-13110,Business,29800.0,24,15.99,1458.96,0.135,8.0,0,Fair,Rent,East,Fully Paid,No,Fair (580-669),High (>$95k),0
CUST-4111,Female,32,Master,Employed,Single,0,71900.0,812.0,2,LN-2023-13111,Auto,30700.0,12,8.65,2679.78,0.499,1.0,0,Excellent,Rent,North,Fully Paid,No,Excellent (800+),Upper-Middle ($65k-$95k),0
CUST-4112,Male,34,Bachelor,Employed,Married,0,158000.0,699.0,0,LN-2023-13112,Personal,26300.0,60,15.94,638.73,0.08,6.0,0,Good,Mortgage,North,Fully Paid,No,Good (670-739),High (>$95k),0
CUST-4113,Female,64,High School,Self-Employed,Divorced,1,67800.0,675.0,0,LN-2023-13113,Personal,14600.0,60,15.72,352.88,0.08,12.0,0,Good,Mortgage,East,Defaulted,Yes,Good (670-739),Upper-Middle ($65k-$95k),1
CUST-4114,Male,30,High School,Self-Employed,Married,1,49500.0,784.0,0,LN-2023-13114,Business,71500.0,48,14.55,1973.63,0.478,4.0,0,Excellent,Rent,West,Fully Paid,No,Very Good (740-799),Lower-Middle ($40k-$65k),0
CUST-4115,Male,40,High School,Employed,Married,0,144500.0,702.0,2,LN-2023-13115,Business,82900.0,48,15.89,2344.74,0.221,3.0,0,Good,Mortgage,South,Current,No,Good (670-739),High (>$95k),0
CUST-4116,Female,35,Bachelor,Employed,Single,0,91300.0,710.0,3,LN-2023-13116,Personal,10600.0,12,15.59,959.69,0.221,10.0,0,Good,Rent,Central,Fully Paid,No,Good (670-739),Upper-Middle ($65k-$95k),0
CUST-4117,Female,51,Master,Employed,Married,1,63400.0,629.0,1,LN-2023-13117,Business,36900.0,48,16.42,1053.71,0.252,26.0,0,Fair,Own,West,Fully Paid,No,Fair (580-669),Lower-Middle ($40k-$65k),0
CUST-4118,Male,27,High School,Employed,Single,3,51000.0,615.0,4,LN-2023-13118,Business,45200.0,36,17.54,1623.68,0.64,2.0,0,Fair,Rent,North,Fully Paid,No,Fair (580-669),Lower-Middle ($40k-$65k),0
CUST-4119,Male,61,Master,Employed,Single,3,103600.0,558.0,2,LN-2023-13119,Home,80600.0,36,13.75,2744.94,0.368,29.0,0,Poor,Mortgage,West,Defaulted,Yes,Poor (<580),High (>$95k),1
CUST-4120,Male,30,Bachelor,Employed,Married,0,58700.0,618.0,1,LN-2023-13120,Auto,14200.0,36,14.75,490.51,0.141,7.0,0,Fair,Rent,South,Fully Paid,No,Fair (580-669),Lower-Middle ($40k-$65k),0
CUST-4121,Male,30,Bachelor,Unemployed,Single,0,23400.0,646.0,2,LN-2023-13121,Auto,18800.0,24,13.86,901.4,0.622,0.0,0,Fair,Mortgage,West,Fully Paid,No,Fair (580-669),Low (<$40k),0
CUST-4122,Male,59,PhD,Self-Employed,Married,0,73900.0,699.0,3,LN-2023-13122,Home,119200.0,48,11.1,3086.58,0.625,33.0,0,Good,Mortgage,North,Fully Paid,No,Good (670-739),Upper-Middle ($65k-$95k),0
CUST-4123,Male,48,High School,Employed,Married,1,23000.0,666.0,0,LN-2023-13123,Personal,19400.0,24,15.97,949.61,0.495,8.0,0,Fair,Rent,North,Current,No,Fair (580-669),Low (<$40k),0
CUST-4124,Male,50,Master,Employed,Married,2,81700.0,638.0,0,LN-2023-13124,Home,67800.0,36,12.96,2283.14,0.335,19.0,2,Fair,Mortgage,East,Defaulted,Yes,Fair (580-669),Upper-Middle ($65k-$95k),1
CUST-4125,Female,57,High School,Employed,Divorced,2,52300.0,592.0,0,LN-2023-13125,Business,86100.0,24,17.89,4293.89,0.75,7.0,0,Fair,Rent,East,Fully Paid,No,Fair (580-669),Lower-Middle ($40k-$65k),0
CUST-4126,Female,23,Bachelor,Employed,Married,1,79700.0,703.0,3,LN-2023-13126,Education,32300.0,36,12.98,1088.0,0.235,1.0,0,Good,Mortgage,East,Current,No,Good (670-739),Upper-Middle ($65k-$95k),0
CUST-4127,Female,63,Master,Employed,Single,0,60100.0,627.0,4,LN-2023-13127,Home,75800.0,24,12.19,3574.9,0.75,25.0,0,Fair,Rent,South,Defaulted,Yes,Fair (580-669),Lower-Middle ($40k-$65k),1
CUST-4128,Male,35,Master,Employed,Single,0,42600.0,700.0,1,LN-2023-13128,Auto,39100.0,24,12.01,1840.76,0.555,9.0,0,Good,Own,North,Current,No,Good (670-739),Lower-Middle ($40k-$65k),0
CUST-4129,Female,41,Bachelor,Employed,Married,3,40700.0,507.0,3,LN-2023-13129,Home,95700.0,12,13.78,8582.72,0.75,4.0,3,Poor,Own,Central,Defaulted,Yes,Poor (<580),Lower-Middle ($40k-$65k),1
CUST-4130,Female,57,Bachelor,Employed,Married,0,101100.0,698.0,1,LN-2023-13130,Home,103100.0,24,11.6,4834.04,0.587,26.0,0,Good,Mortgage,East,Fully Paid,No,Good (670-739),High (>$95k),0
CUST-4131,Female,32,Bachelor,Self-Employed,Single,0,53600.0,733.0,1,LN-2023-13131,Education,16900.0,24,12.42,798.86,0.235,4.0,0,Good,Mortgage,South,Fully Paid,No,Good (670-739),Lower-Middle ($40k-$65k),0
CUST-4132,Female,24,Master,Employed,Single,2,63800.0,722.0,3,LN-2023-13132,Auto,18000.0,24,11.56,843.63,0.289,1.0,0,Good,Own,West,Current,No,Good (670-739),Lower-Middle ($40k-$65k),0
CUST-4133,Female,67,High School,Employed,Married,2,42700.0,653.0,1,LN-2023-13133,Personal,10400.0,36,16.75,369.5,0.154,21.0,0,Fair,Mortgage,North,Fully Paid,No,Fair (580-669),Lower-Middle ($40k-$65k),0
CUST-4134,Female,29,Master,Self-Employed,Single,3,67700.0,747.0,1,LN-2023-13134,Personal,5400.0,12,13.86,484.49,0.117,6.0,0,Excellent,Mortgage,West,Current,No,Very Good (740-799),Upper-Middle ($65k-$95k),0
CUST-4135,Male,59,Bachelor,Employed,Married,0,46000.0,561.0,0,LN-2023-13135,Auto,27900.0,60,15.91,677.14,0.177,32.0,0,Poor,Mortgage,North,Defaulted,Yes,Poor (<580),Lower-Middle ($40k-$65k),1
CUST-4136,Female,62,Bachelor,Employed,Divorced,1,42500.0,662.0,0,LN-2023-13136,Auto,25400.0,12,12.83,2266.63,0.64,26.0,0,Fair,Own,North,Fully Paid,No,Fair (580-669),Lower-Middle ($40k-$65k),0
CUST-4137,Female,48,Bachelor,Employed,Single,1,118100.0,653.0,2,LN-2023-13137,Home,45200.0,48,12.39,1198.96,0.175,0.0,0,Fair,Rent,East,Fully Paid,No,Fair (580-669),High (>$95k),0
CUST-4138,Female,43,Bachelor,Unemployed,Single,3,29900.0,758.0,0,LN-2023-13138,Auto,42500.0,36,11.69,1405.32,0.564,0.0,0,Excellent,Own,South,Current,No,Very Good (740-799),Low (<$40k),0
CUST-4139,Male,65,PhD,Employed,Single,2,162700.0,498.0,2,LN-2023-13139,Education,29200.0,36,18.19,1058.44,0.113,5.0,1,Poor,Mortgage,West,Current,No,Poor (<580),High (>$95k),0
CUST-4140,Male,60,Bachelor,Employed,Single,2,120700.0,580.0,2,LN-2023-13140,Auto,27000.0,12,15.24,2440.03,0.264,3.0,0,Fair,Mortgage,East,Current,No,Fair (580-669),High (>$95k),0
CUST-4141,Male,64,PhD,Employed,Single,0,32200.0,818.0,1,LN-2023-13141,Business,87700.0,24,12.78,4160.36,0.75,4.0,0,Excellent,Own,South,Fully Paid,No,Excellent (800+),Low (<$40k),0
CUST-4142,Female,42,High School,Employed,Single,2,57300.0,463.0,2,LN-2023-13142,Personal,30300.0,48,19.6,915.59,0.297,7.0,0,Poor,Rent,Central,Defaulted,Yes,Poor (<580),Lower-Middle ($40k-$65k),1
CUST-4143,Female,44,Bachelor,Employed,Married,1,48300.0,739.0,5,LN-2023-13143,Business,26700.0,36,15.93,937.77,0.457,7.0,0,Good,Mortgage,East,Current,No,Good (670-739),Lower-Middle ($40k-$65k),0
CUST-4144,Female,46,Master,Employed,Single,0,128700.0,610.0,0,LN-2023-13144,Personal,20800.0,36,17.67,748.53,0.08,2.0,2,Fair,Mortgage,South,Current,No,Fair (580-669),High (>$95k),0
CUST-4145,Male,50,Bachelor,Unemployed,Married,0,18000.0,691.0,1,LN-2023-13145,Home,114400.0,36,12.29,3815.58,0.75,0.0,0,Good,Own,South,Defaulted,Yes,Good (670-739),Low (<$40k),1
CUST-4146,Male,53,Bachelor,Unemployed,Married,1,18000.0,790.0,3,LN-2023-13146,Home,59700.0,36,8.73,1890.95,0.75,0.0,0,Excellent,Mortgage,South,Defaulted,Yes,Very Good (740-799),Low (<$40k),1
CUST-4147,Female,36,Bachelor,Employed,Married,0,33000.0,694.0,0,LN-2023-13147,Home,55900.0,48,10.3,1425.84,0.518,12.0,0,Good,Rent,North,Fully Paid,No,Good (670-739),Low (<$40k),0
CUST-4148,Female,42,Master,Employed,Married,2,67900.0,791.0,0,LN-2023-13148,Business,38200.0,48,12.85,1021.97,0.181,11.0,0,Excellent,Mortgage,South,Fully Paid,No,Very Good (740-799),Upper-Middle ($65k-$95k),0
CUST-4149,Female,63,Master,Employed,Married,2,117500.0,628.0,1,LN-2023-13149,Personal,11100.0,24,16.95,548.54,0.08,29.0,0,Fair,Own,South,Fully Paid,No,Fair (580-669),High (>$95k),0
CUST-4150,Male,38,High School,Self-Employed,Single,0,63400.0,668.0,1,LN-2023-13150,Auto,46700.0,48,14.16,1279.9,0.292,5.0,0,Fair,Mortgage,South,Fully Paid,No,Fair (580-669),Lower-Middle ($40k-$65k),0
CUST-4151,Female,27,Master,Employed,Married,2,45300.0,736.0,0,LN-2023-13151,Education,32500.0,36,13.91,1109.35,0.294,2.0,0,Good,Rent,East,Fully Paid,No,Good (670-739),Lower-Middle ($40k-$65k),0
CUST-4152,Male,46,Bachelor,Employed,Single,0,165600.0,632.0,1,LN-2023-13152,Personal,4700.0,36,16.3,165.94,0.08,7.0,0,Fair,Mortgage,North,Fully Paid,No,Fair (580-669),High (>$95k),0
CUST-4153,Female,28,Bachelor,Self-Employed,Married,1,96800.0,720.0,1,LN-2023-13153,Business,75100.0,60,14.34,1760.71,0.235,3.0,0,Good,Rent,North,Fully Paid,No,Good (670-739),High (>$95k),0
CUST-4154,Male,26,Master,Self-Employed,Married,1,127000.0,770.0,1,LN-2023-13154,Auto,16400.0,36,11.86,543.62,0.08,3.0,0,Excellent,Mortgage,West,Fully Paid,No,Very Good (740-799),High (>$95k),0
CUST-4155,Male,50,Bachelor,Employed,Married,2,112100.0,743.0,2,LN-2023-13155,Business,45000.0,48,13.14,1210.37,0.18,12.0,0,Excellent,Rent,North,Current,No,Very Good (740-799),High (>$95k),0
CUST-4156,Female,59,Master,Self-Employed,Married,1,42800.0,535.0,2,LN-2023-13156,Auto,22100.0,36,16.5,782.44,0.341,27.0,0,Poor,Rent,South,Fully Paid,No,Poor (<580),Lower-Middle ($40k-$65k),0
CUST-4157,Female,43,Bachelor,Self-Employed,Single,2,48000.0,640.0,1,LN-2023-13157,Auto,20400.0,36,14.32,700.4,0.231,17.0,0,Fair,Mortgage,East,Current,No,Fair (580-669),Lower-Middle ($40k-$65k),0
CUST-4158,Male,52,High School,Employed,Single,2,71100.0,693.0,1,LN-2023-13158,Home,71200.0,48,11.36,1852.67,0.337,13.0,0,Good,Rent,Central,Fully Paid,No,Good (670-739),Upper-Middle ($65k-$95k),0
CUST-4159,Female,42,Bachelor,Employed,Married,0,43600.0,649.0,2,LN-2023-13159,Education,31600.0,12,14.77,2848.73,0.75,4.0,0,Fair,Rent,North,Fully Paid,No,Fair (580-669),Lower-Middle ($40k-$65k),0
CUST-4160,Male,62,High School,Unemployed,Married,1,18000.0,676.0,1,LN-2023-13160,Personal,10700.0,36,17.32,383.19,0.353,0.0,1,Good,Mortgage,West,Fully Paid,No,Good (670-739),Low (<$40k),0
CUST-4161,Male,63,Master,Employed,Single,2,75200.0,695.0,3,LN-2023-13161,Auto,40400.0,12,12.39,3596.87,0.628,34.0,0,Good,Own,East,Fully Paid,No,Good (670-739),Upper-Middle ($65k-$95k),0
CUST-4162,Male,65,Bachelor,Employed,Married,0,35400.0,625.0,1,LN-2023-13162,Personal,5600.0,24,16.6,275.8,0.14,28.0,1,Fair,Own,North,Fully Paid,No,Fair (580-669),Low (<$40k),0
CUST-4163,Male,29,Bachelor,Employed,Married,3,53400.0,653.0,1,LN-2023-13163,Home,95600.0,36,12.36,3191.75,0.75,5.0,0,Fair,Own,North,Defaulted,Yes,Fair (580-669),Lower-Middle ($40k-$65k),1
CUST-4164,Male,51,High School,Self-Employed,Single,2,85200.0,569.0,0,LN-2023-13164,Personal,28000.0,24,18.44,1403.83,0.198,19.0,1,Poor,Own,West,Current,No,Poor (<580),Upper-Middle ($65k-$95k),0
CUST-4165,Male,27,Bachelor,Self-Employed,Married,0,100400.0,629.0,3,LN-2023-13165,Business,25600.0,24,17.01,1265.84,0.197,0.0,0,Fair,Own,Central,Defaulted,Yes,Fair (580-669),High (>$95k),1
CUST-4166,Male,29,Master,Employed,Divorced,4,128400.0,540.0,1,LN-2023-13166,Auto,34100.0,60,15.44,819.13,0.098,0.0,1,Poor,Mortgage,North,Defaulted,Yes,Poor (<580),High (>$95k),1
CUST-4167,Female,33,High School,Unemployed,Single,0,27100.0,679.0,2,LN-2023-13167,Auto,29400.0,36,14.89,1017.58,0.635,0.0,0,Good,Rent,North,Current,No,Good (670-739),Low (<$40k),0
CUST-4168,Male,23,Bachelor,Self-Employed,Married,3,86800.0,653.0,1,LN-2023-13168,Education,17300.0,36,14.75,597.59,0.115,0.0,0,Fair,Mortgage,South,Fully Paid,No,Fair (580-669),Upper-Middle ($65k-$95k),0
CUST-4169,Female,55,Master,Self-Employed,Married,0,103700.0,592.0,0,LN-2023-13169,Auto,13800.0,36,14.17,472.79,0.08,4.0,0,Fair,Rent,Central,Fully Paid,No,Fair (580-669),High (>$95k),0
CUST-4170,Male,53,Bachelor,Employed,Single,2,70500.0,821.0,1,LN-2023-13170,Personal,22600.0,12,13.17,2020.37,0.368,12.0,0,Excellent,Mortgage,East,Current,No,Excellent (800+),Upper-Middle ($65k-$95k),0
CUST-4171,Female,41,Master,Employed,Married,1,58700.0,649.0,0,LN-2023-13171,Auto,21800.0,36,13.25,737.16,0.151,3.0,1,Fair,Mortgage,South,Current,No,Fair (580-669),Lower-Middle ($40k-$65k),0
CUST-4172,Male,51,High School,Employed,Divorced,2,30900.0,694.0,1,LN-2023-13172,Business,43700.0,36,15.98,1535.93,0.648,22.0,0,Good,Rent,North,Current,No,Good (670-739),Low (<$40k),0
CUST-4173,Male,54,Bachelor,Employed,Single,0,46100.0,615.0,1,LN-2023-13173,Personal,23800.0,36,16.35,840.86,0.257,16.0,2,Fair,Mortgage,North,Defaulted,Yes,Fair (580-669),Lower-Middle ($40k-$65k),1
CUST-4174,Male,52,Master,Employed,Married,0,67200.0,634.0,0,LN-2023-13174,Auto,45900.0,12,15.06,4144.16,0.74,10.0,0,Fair,Mortgage,North,Fully Paid,No,Fair (580-669),Upper-Middle ($65k-$95k),0
CUST-4175,Male,55,Bachelor,Self-Employed,Single,0,53800.0,697.0,0,LN-2023-13175,Auto,22700.0,24,12.11,1069.73,0.239,2.0,0,Good,Rent,Central,Fully Paid,No,Good (670-739),Lower-Middle ($40k-$65k),0
CUST-4176,Male,35,Bachelor,Employed,Married,2,75700.0,641.0,2,LN-2023-13176,Home,108500.0,60,11.52,2387.29,0.455,7.0,0,Fair,Rent,Central,Fully Paid,No,Fair (580-669),Upper-Middle ($65k-$95k),0
CUST-4177,Female,52,Bachelor,Self-Employed,Married,0,79200.0,670.0,2,LN-2023-13177,Business,87000.0,24,15.96,4258.13,0.677,3.0,0,Good,Own,North,Defaulted,Yes,Good (670-739),Upper-Middle ($65k-$95k),1
CUST-4178,Female,26,Bachelor,Employed,Single,2,72300.0,738.0,0,LN-2023-13178,Home,53300.0,24,9.64,2450.68,0.407,3.0,0,Good,Mortgage,South,Defaulted,Yes,Good (670-739),Upper-Middle ($65k-$95k),1
CUST-4179,Female,65,High School,Employed,Single,2,57500.0,625.0,1,LN-2023-13179,Personal,18300.0,24,16.66,901.81,0.23,30.0,0,Fair,Mortgage,North,Fully Paid,No,Fair (580-669),Lower-Middle ($40k-$65k),0
CUST-4180,Female,41,Master,Employed,Single,3,133300.0,556.0,1,LN-2023-13180,Business,20800.0,60,17.3,520.29,0.08,9.0,3,Poor,Mortgage,South,Defaulted,Yes,Poor (<580),High (>$95k),1
CUST-4181,Male,53,Bachelor,Employed,Married,0,62500.0,540.0,1,LN-2023-13181,Auto,41400.0,48,16.19,1177.32,0.274,4.0,0,Poor,Rent,Central,Defaulted,Yes,Poor (<580),Lower-Middle ($40k-$65k),1
CUST-4182,Male,52,Bachelor,Employed,Single,3,99000.0,792.0,0,LN-2023-13182,Home,69400.0,60,9.49,1457.19,0.177,21.0,0,Excellent,Mortgage,Central,Current,No,Very Good (740-799),High (>$95k),0
CUST-4183,Male,39,Master,Self-Employed,Married,0,112900.0,749.0,0,LN-2023-13183,Personal,12700.0,60,15.64,306.42,0.08,5.0,0,Excellent,Rent,West,Fully Paid,No,Very Good (740-799),High (>$95k),0
CUST-4184,Male,53,Bachelor,Employed,Single,2,104500.0,725.0,3,LN-2023-13184,Business,68100.0,60,15.23,1628.33,0.256,6.0,1,Good,Rent,Central,Current,No,Good (670-739),High (>$95k),0
CUST-4185,Male,48,Bachelor,Employed,Single,2,130000.0,632.0,3,LN-2023-13185,Personal,25900.0,36,17.38,928.31,0.156,11.0,1,Fair,Mortgage,West,Fully Paid,No,Fair (580-669),High (>$95k),0
CUST-4186,Female,51,Master,Employed,Single,0,100900.0,556.0,1,LN-2023-13186,Home,79000.0,36,12.89,2657.64,0.335,24.0,0,Poor,Rent,South,Fully Paid,No,Poor (<580),High (>$95k),0
CUST-4187,Male,41,Master,Employed,Divorced,0,81600.0,646.0,2,LN-2023-13187,Personal,22300.0,48,16.57,638.52,0.138,5.0,0,Fair,Rent,West,Fully Paid,No,Fair (580-669),Upper-Middle ($65k-$95k),0
CUST-4188,Male,54,Bachelor,Employed,Single,1,65700.0,662.0,1,LN-2023-13188,Business,86900.0,36,15.58,3037.16,0.601,26.0,0,Fair,Mortgage,East,Fully Paid,No,Fair (580-669),Upper-Middle ($65k-$95k),0
CUST-4189,Female,35,High School,Employed,Divorced,1,39700.0,573.0,0,LN-2023-13189,Education,36200.0,12,15.14,3269.74,0.75,1.0,3,Poor,Mortgage,East,Defaulted,Yes,Poor (<580),Low (<$40k),1
CUST-4190,Female,34,High School,Employed,Divorced,3,39100.0,545.0,3,LN-2023-13190,Auto,36600.0,36,15.42,1276.29,0.607,1.0,0,Poor,Mortgage,West,Fully Paid,No,Poor (<580),Low (<$40k),0
CUST-4191,Male,39,Bachelor,Self-Employed,Single,0,108500.0,522.0,0,LN-2023-13191,Auto,45800.0,48,17.28,1328.2,0.147,11.0,1,Poor,Mortgage,East,Current,No,Poor (<580),High (>$95k),0
CUST-4192,Female,63,Bachelor,Employed,Divorced,3,40700.0,725.0,2,LN-2023-13192,Business,81300.0,24,14.26,3913.44,0.75,7.0,0,Good,Own,South,Defaulted,Yes,Good (670-739),Lower-Middle ($40k-$65k),1
CUST-4193,Female,35,Master,Self-Employed,Single,1,185100.0,567.0,1,LN-2023-13193,Business,71000.0,48,17.09,2052.02,0.149,4.0,0,Poor,Rent,Central,Current,No,Poor (<580),High (>$95k),0
CUST-4194,Male,26,PhD,Employed,Single,3,86700.0,696.0,2,LN-2023-13194,Education,37200.0,48,13.04,998.72,0.205,1.0,0,Good,Rent,North,Fully Paid,No,Good (670-739),Upper-Middle ($65k-$95k),0
CUST-4195,Male,29,Master,Unemployed,Married,2,98800.0,636.0,1,LN-2023-13195,Education,33800.0,12,15.01,3050.89,0.393,0.0,0,Fair,Mortgage,East,Fully Paid,No,Fair (580-669),High (>$95k),0
CUST-4196,Male,57,Bachelor,Employed,Married,2,46000.0,720.0,2,LN-2023-13196,Home,87700.0,12,9.99,7709.82,0.75,10.0,0,Good,Mortgage,West,Fully Paid,No,Good (670-739),Lower-Middle ($40k-$65k),0
CUST-4197,Female,40,Master,Employed,Single,0,87100.0,698.0,0,LN-2023-13197,Home,87700.0,24,10.1,4050.96,0.558,5.0,0,Good,Rent,North,Defaulted,Yes,Good (670-739),Upper-Middle ($65k-$95k),1
CUST-4198,Female,54,Bachelor,Employed,Married,1,53700.0,650.0,0,LN-2023-13198,Education,6300.0,36,13.86,214.89,0.08,21.0,0,Fair,Mortgage,North,Fully Paid,No,Fair (580-669),Lower-Middle ($40k-$65k),0
CUST-4199,Male,58,High School,Unemployed,Single,0,18000.0,681.0,3,LN-2023-13199,Auto,11100.0,36,13.94,379.05,0.468,0.0,0,Good,Mortgage,North,Defaulted,Yes,Good (670-739),Low (<$40k),1
CUST-4200,Male,46,High School,Employed,Married,0,79200.0,660.0,2,LN-2023-13200,Business,72200.0,36,14.63,2489.77,0.411,15.0,0,Fair,Mortgage,Central,Fully Paid,No,Fair (580-669),Upper-Middle ($65k-$95k),0
CUST-4201,Female,38,Bachelor,Employed,Married,1,38200.0,617.0,3,LN-2023-13201,Personal,19100.0,48,17.04,551.53,0.289,14.0,0,Fair,Mortgage,East,Fully Paid,No,Fair (580-669),Low (<$40k),0
CUST-4202,Male,48,Master,Employed,Single,2,57400.0,753.0,1,LN-2023-13202,Auto,38900.0,24,11.65,1824.81,0.412,17.0,0,Excellent,Rent,North,Current,No,Very Good (740-799),Lower-Middle ($40k-$65k),0
CUST-4203,Male,29,High School,Employed,Divorced,0,63900.0,634.0,1,LN-2023-13203,Auto,46100.0,48,13.82,1255.59,0.28,5.0,0,Fair,Rent,Central,Current,No,Fair (580-669),Lower-Middle ($40k-$65k),0
CUST-4204,Female,52,High School,Employed,Married,1,68700.0,662.0,1,LN-2023-13204,Education,21400.0,36,13.57,726.94,0.146,19.0,1,Fair,Rent,South,Defaulted,Yes,Fair (580-669),Upper-Middle ($65k-$95k),1
CUST-4205,Female,26,PhD,Employed,Single,1,49600.0,549.0,0,LN-2023-13205,Personal,5600.0,48,19.41,168.65,0.08,4.0,0,Poor,Mortgage,West,Fully Paid,No,Poor (<580),Lower-Middle ($40k-$65k),0
CUST-4206,Female,34,High School,Employed,Single,0,63800.0,693.0,2,LN-2023-13206,Education,27300.0,36,14.24,936.23,0.232,3.0,0,Good,Mortgage,South,Fully Paid,No,Good (670-739),Lower-Middle ($40k-$65k),0
CUST-4207,Female,48,Master,Employed,Married,1,82500.0,618.0,3,LN-2023-13207,Home,53500.0,36,12.78,1796.96,0.33,7.0,0,Fair,Mortgage,North,Fully Paid,No,Fair (580-669),Upper-Middle ($65k-$95k),0
CUST-4208,Female,44,Bachelor,Employed,Married,2,41600.0,629.0,3,LN-2023-13208,Auto,33600.0,12,14.08,3018.11,0.75,15.0,0,Fair,Own,West,Fully Paid,No,Fair (580-669),Lower-Middle ($40k-$65k),0
CUST-4209,Male,33,High School,Employed,Married,0,34400.0,598.0,1,LN-2023-13209,Auto,30100.0,12,15.22,2719.9,0.75,2.0,0,Fair,Mortgage,South,Current,No,Fair (580-669),Low (<$40k),0
CUST-4210,Female,63,Master,Employed,Married,2,31200.0,659.0,1,LN-2023-13210,Home,105500.0,36,12.09,3508.65,0.75,33.0,0,Fair,Rent,South,Fully Paid,No,Fair (580-669),Low (<$40k),0
CUST-4211,Male,32,High School,Unemployed,Married,1,37200.0,499.0,3,LN-2023-13211,Auto,23300.0,36,17.24,833.49,0.382,0.0,1,Poor,Rent,North,Defaulted,Yes,Poor (<580),Low (<$40k),1
CUST-4212,Female,39,Bachelor,Employed,Married,2,99300.0,728.0,2,LN-2023-13212,Business,30100.0,12,14.89,2715.21,0.357,8.0,0,Good,Rent,West,Current,No,Good (670-739),High (>$95k),0
CUST-4213,Male,41,Bachelor,Self-Employed,Married,0,40500.0,666.0,3,LN-2023-13213,Home,65100.0,48,11.4,1695.22,0.698,5.0,0,Fair,Rent,North,Current,No,Fair (580-669),Lower-Middle ($40k-$65k),0
CUST-4214,Female,47,High School,Employed,Single,2,70300.0,630.0,2,LN-2023-13214,Auto,36000.0,60,12.23,804.99,0.192,17.0,2,Fair,Rent,North,Current,No,Fair (580-669),Upper-Middle ($65k-$95k),0
CUST-4215,Male,39,High School,Self-Employed,Single,0,43600.0,538.0,3,LN-2023-13215,Home,85600.0,36,14.33,2939.34,0.75,5.0,1,Poor,Rent,South,Defaulted,Yes,Poor (<580),Lower-Middle ($40k-$65k),1
CUST-4216,Male,44,High School,Employed,Single,0,74100.0,706.0,0,LN-2023-13216,Education,24400.0,12,13.75,2187.94,0.354,19.0,0,Good,Mortgage,North,Fully Paid,No,Good (670-739),Upper-Middle ($65k-$95k),0
CUST-4217,Male,46,High School,Employed,Married,0,39300.0,616.0,2,LN-2023-13217,Home,72500.0,48,12.77,1936.73,0.674,21.0,0,Fair,Rent,North,Fully Paid,No,Fair (580-669),Low (<$40k),0
CUST-4218,Male,65,Master,Employed,Single,2,66100.0,781.0,0,LN-2023-13218,Home,116100.0,24,9.36,5323.2,0.75,25.0,0,Excellent,Rent,East,Fully Paid,No,Very Good (740-799),Upper-Middle ($65k-$95k),0
CUST-4219,Female,48,Bachelor,Self-Employed,Single,2,63500.0,711.0,2,LN-2023-13219,Education,40000.0,48,12.97,1072.5,0.271,3.0,0,Good,Rent,Central,Current,No,Good (670-739),Lower-Middle ($40k-$65k),0
CUST-4220,Female,66,Bachelor,Employed,Single,0,46800.0,800.0,2,LN-2023-13220,Home,71500.0,36,8.56,2259.07,0.646,10.0,0,Excellent,Rent,West,Fully Paid,No,Excellent (800+),Lower-Middle ($40k-$65k),0
CUST-4221,Male,38,Bachelor,Employed,Divorced,0,118000.0,681.0,0,LN-2023-13221,Personal,23800.0,12,15.94,2158.72,0.22,8.0,0,Good,Rent,North,Fully Paid,No,Good (670-739),High (>$95k),0
CUST-4222,Male,64,Master,Employed,Single,0,116600.0,761.0,1,LN-2023-13222,Business,32000.0,24,15.22,1554.92,0.178,31.0,0,Excellent,Mortgage,East,Current,No,Very Good (740-799),High (>$95k),0
CUST-4223,Male,56,Master,Employed,Single,0,81800.0,709.0,0,LN-2023-13223,Auto,38200.0,36,13.29,1292.45,0.19,6.0,0,Good,Rent,West,Fully Paid,No,Good (670-739),Upper-Middle ($65k-$95k),0
CUST-4224,Male,62,Bachelor,Employed,Single,1,99700.0,631.0,0,LN-2023-13224,Auto,26400.0,48,14.91,733.53,0.088,4.0,2,Fair,Mortgage,North,Fully Paid,No,Fair (580-669),High (>$95k),0
CUST-4225,Male,49,Master,Employed,Married,1,37400.0,685.0,0,LN-2023-13225,Auto,33000.0,24,13.37,1574.62,0.505,2.0,0,Good,Mortgage,North,Fully Paid,No,Good (670-739),Low (<$40k),0
CUST-4226,Female,37,Bachelor,Employed,Married,3,36200.0,599.0,1,LN-2023-13226,Education,14100.0,24,14.69,681.59,0.281,7.0,0,Fair,Own,Central,Fully Paid,No,Fair (580-669),Low (<$40k),0
CUST-4227,Male,24,Bachelor,Employed,Married,3,77800.0,845.0,0,LN-2023-13227,Personal,27700.0,12,13.07,2475.0,0.382,3.0,0,Excellent,Mortgage,South,Fully Paid,No,Excellent (800+),Upper-Middle ($65k-$95k),0
CUST-4228,Male,64,Bachelor,Self-Employed,Married,1,100700.0,661.0,0,LN-2023-13228,Personal,8000.0,36,16.89,284.78,0.08,2.0,0,Fair,Mortgage,East,Current,No,Fair (580-669),High (>$95k),0
CUST-4229,Male,65,Bachelor,Employed,Married,0,71300.0,672.0,0,LN-2023-13229,Home,123900.0,36,11.77,4101.66,0.69,8.0,0,Good,Mortgage,North,Defaulted,Yes,Good (670-739),Upper-Middle ($65k-$95k),1
CUST-4230,Male,49,Bachelor,Employed,Divorced,0,26900.0,703.0,0,LN-2023-13230,Auto,12300.0,60,12.8,278.61,0.124,17.0,0,Good,Rent,North,Fully Paid,No,Good (670-739),Low (<$40k),0
CUST-4231,Male,24,Bachelor,Self-Employed,Married,1,44800.0,577.0,0,LN-2023-13231,Personal,11400.0,48,18.49,337.8,0.09,2.0,0,Poor,Mortgage,East,Defaulted,Yes,Poor (<580),Lower-Middle ($40k-$65k),1
CUST-4232,Female,30,PhD,Employed,Divorced,1,111900.0,782.0,2,LN-2023-13232,Auto,31400.0,48,10.93,810.48,0.141,6.0,0,Excellent,Mortgage,South,Current,No,Very Good (740-799),High (>$95k),0
CUST-4233,Male,45,Master,Employed,Single,1,220000.0,582.0,2,LN-2023-13233,Personal,27900.0,24,18.51,1399.77,0.095,16.0,0,Fair,Mortgage,West,Fully Paid,No,Fair (580-669),High (>$95k),0
CUST-4234,Male,51,Bachelor,Self-Employed,Married,3,125100.0,563.0,4,LN-2023-13234,Education,25600.0,24,15.83,1251.38,0.184,3.0,0,Poor,Rent,Central,Fully Paid,No,Poor (<580),High (>$95k),0
CUST-4235,Male,23,Bachelor,Employed,Married,3,127800.0,655.0,0,LN-2023-13235,Auto,18200.0,36,12.55,609.29,0.08,6.0,0,Fair,Own,North,Fully Paid,No,Fair (580-669),High (>$95k),0
CUST-4236,Male,67,Bachelor,Employed,Married,0,73300.0,561.0,3,LN-2023-13236,Personal,27900.0,12,17.62,2552.83,0.488,39.0,0,Poor,Own,North,Current,No,Poor (<580),Upper-Middle ($65k-$95k),0
CUST-4237,Male,22,High School,Unemployed,Divorced,0,20000.0,802.0,1,LN-2023-13237,Personal,20300.0,60,13.25,464.49,0.416,0.0,0,Excellent,Mortgage,Central,Current,No,Excellent (800+),Low (<$40k),0
CUST-4238,Female,45,Bachelor,Unemployed,Single,2,18000.0,650.0,1,LN-2023-13238,Education,13900.0,48,14.29,381.86,0.33,0.0,1,Fair,Rent,South,Defaulted,Yes,Fair (580-669),Low (<$40k),1
CUST-4239,Female,26,Bachelor,Employed,Married,2,96500.0,396.0,1,LN-2023-13239,Education,25100.0,12,19.98,2324.89,0.316,5.0,1,Poor,Mortgage,Central,Defaulted,Yes,Poor (<580),High (>$95k),1
CUST-4240,Female,46,High School,Employed,Divorced,0,47500.0,686.0,0,LN-2023-13240,Education,29000.0,48,12.8,775.12,0.196,13.0,0,Good,Mortgage,South,Fully Paid,No,Good (670-739),Lower-Middle ($40k-$65k),0
CUST-4241,Male,28,Master,Employed,Single,2,106300.0,717.0,1,LN-2023-13241,Home,102800.0,12,10.74,9073.17,0.75,4.0,0,Good,Mortgage,South,Fully Paid,No,Good (670-739),High (>$95k),0
CUST-4242,Male,55,Bachelor,Employed,Married,1,63700.0,634.0,2,LN-2023-13242,Business,70700.0,12,15.93,6412.33,0.75,28.0,0,Fair,Rent,West,Current,No,Fair (580-669),Lower-Middle ($40k-$65k),0
CUST-4243,Female,47,Bachelor,Employed,Single,1,71300.0,554.0,3,LN-2023-13243,Auto,44000.0,12,16.46,4001.74,0.75,10.0,1,Poor,Own,North,Defaulted,Yes,Poor (<580),Upper-Middle ($65k-$95k),1
CUST-4244,Female,45,High School,Employed,Single,0,47200.0,661.0,4,LN-2023-13244,Personal,26900.0,36,15.27,936.06,0.471,3.0,0,Fair,Rent,South,Fully Paid,No,Fair (580-669),Lower-Middle ($40k-$65k),0
CUST-4245,Female,38,High School,Unemployed,Married,3,19000.0,629.0,2,LN-2023-13245,Home,96700.0,48,11.87,2540.31,0.75,0.0,2,Fair,Rent,South,Defaulted,Yes,Fair (580-669),Low (<$40k),1
CUST-4246,Male,21,Master,Self-Employed,Single,1,140400.0,587.0,2,LN-2023-13246,Auto,11200.0,24,14.7,541.46,0.08,0.0,0,Fair,Rent,North,Current,No,Fair (580-669),High (>$95k),0
CUST-4247,Male,59,Bachelor,Employed,Married,0,35600.0,579.0,1,LN-2023-13247,Personal,24700.0,48,18.46,731.51,0.311,31.0,0,Poor,Rent,South,Current,No,Poor (<580),Low (<$40k),0
CUST-4248,Male,23,PhD,Employed,Married,2,47400.0,683.0,3,LN-2023-13248,Business,88200.0,24,15.25,4287.01,0.75,1.0,0,Good,Rent,South,Defaulted,Yes,Good (670-739),Lower-Middle ($40k-$65k),1
CUST-4249,Female,24,PhD,Employed,Married,2,112400.0,746.0,2,LN-2023-13249,Auto,21600.0,60,12.19,482.56,0.093,2.0,0,Excellent,Own,North,Fully Paid,No,Very Good (740-799),High (>$95k),0
CUST-4250,Female,61,Bachelor,Employed,Divorced,3,120200.0,709.0,0,LN-2023-13250,Personal,20600.0,48,16.0,583.81,0.08,15.0,0,Good,Mortgage,North,Fully Paid,No,Good (670-739),High (>$95k),0
CUST-4251,Female,57,Bachelor,Employed,Single,0,134700.0,523.0,2,LN-2023-13251,Business,73800.0,48,20.34,2259.15,0.228,3.0,0,Poor,Rent,East,Defaulted,Yes,Poor (<580),High (>$95k),1
CUST-4252,Male,35,Master,Self-Employed,Married,4,51600.0,722.0,1,LN-2023-13252,Home,99300.0,36,10.58,3231.24,0.75,2.0,0,Good,Mortgage,North,Fully Paid,No,Good (670-739),Lower-Middle ($40k-$65k),0
CUST-4253,Female,28,PhD,Employed,Married,0,77400.0,735.0,1,LN-2023-13253,Home,123400.0,24,9.36,5657.9,0.75,6.0,0,Good,Rent,South,Defaulted,Yes,Good (670-739),Upper-Middle ($65k-$95k),1
CUST-4254,Male,58,Bachelor,Self-Employed,Married,1,37200.0,788.0,3,LN-2023-13254,Education,22100.0,12,12.34,1967.08,0.75,16.0,0,Excellent,Mortgage,North,Fully Paid,No,Very Good (740-799),Low (<$40k),0
CUST-4255,Male,39,Master,Employed,Single,1,60800.0,589.0,2,LN-2023-13255,Auto,30200.0,36,16.4,1067.72,0.275,0.0,0,Fair,Mortgage,North,Defaulted,Yes,Fair (580-669),Lower-Middle ($40k-$65k),1
CUST-4256,Male,67,Master,Employed,Married,0,129000.0,665.0,3,LN-2023-13256,Home,48300.0,36,11.63,1595.73,0.195,38.0,0,Fair,Own,North,Fully Paid,No,Fair (580-669),High (>$95k),0
CUST-4257,Female,46,Bachelor,Employed,Single,1,62500.0,718.0,3,LN-2023-13257,Personal,29100.0,36,15.93,1022.06,0.314,11.0,0,Good,Rent,North,Fully Paid,No,Good (670-739),Lower-Middle ($40k-$65k),0
CUST-4258,Male,59,Bachelor,Employed,Divorced,3,53100.0,625.0,0,LN-2023-13258,Home,67300.0,24,12.78,3192.61,0.721,27.0,0,Fair,Mortgage,West,Fully Paid,No,Fair (580-669),Lower-Middle ($40k-$65k),0
CUST-4259,Male,30,Master,Self-Employed,Single,1,114400.0,716.0,0,LN-2023-13259,Auto,47200.0,36,11.39,1554.0,0.163,4.0,0,Good,Rent,Central,Fully Paid,No,Good (670-739),High (>$95k),0
CUST-4260,Female,58,Bachelor,Self-Employed,Married,1,50600.0,667.0,1,LN-2023-13260,Auto,17700.0,48,13.18,476.43,0.174,3.0,0,Fair,Own,East,Current,No,Fair (580-669),Lower-Middle ($40k-$65k),0
CUST-4261,Male,34,High School,Employed,Married,0,100500.0,598.0,3,LN-2023-13261,Auto,19600.0,24,14.79,948.38,0.173,7.0,0,Fair,Mortgage,West,Current,No,Fair (580-669),High (>$95k),0
CUST-4262,Male,61,Bachelor,Employed,Married,0,63100.0,605.0,0,LN-2023-13262,Auto,28400.0,48,14.74,786.66,0.15,34.0,0,Fair,Rent,North,Current,No,Fair (580-669),Lower-Middle ($40k-$65k),0
CUST-4263,Male,39,High School,Employed,Single,0,41000.0,776.0,2,LN-2023-13263,Home,101100.0,36,8.57,3194.76,0.75,1.0,0,Excellent,Rent,South,Fully Paid,No,Very Good (740-799),Lower-Middle ($40k-$65k),0
CUST-4264,Male,50,High School,Unemployed,Single,3,22400.0,585.0,1,LN-2023-13264,Auto,26700.0,24,14.75,1291.42,0.75,6.0,0,Fair,Mortgage,North,Defaulted,Yes,Fair (580-669),Low (<$40k),1
CUST-4265,Female,25,Master,Self-Employed,Single,2,136600.0,570.0,2,LN-2023-13265,Personal,13200.0,24,19.2,666.68,0.098,3.0,0,Poor,Mortgage,Central,Current,No,Poor (<580),High (>$95k),0
CUST-4266,Male,51,High School,Employed,Married,3,100700.0,699.0,0,LN-2023-13266,Personal,18700.0,24,14.21,899.7,0.107,6.0,0,Good,Rent,North,Current,No,Good (670-739),High (>$95k),0
CUST-4267,Male,27,High School,Employed,Divorced,0,44700.0,667.0,0,LN-2023-13267,Auto,46400.0,24,13.12,2208.56,0.593,2.0,0,Fair,Rent,South,Fully Paid,No,Fair (580-669),Lower-Middle ($40k-$65k),0
CUST-4268,Female,39,Bachelor,Employed,Married,2,102500.0,558.0,0,LN-2023-13268,Personal,30900.0,36,18.96,1132.05,0.133,6.0,0,Poor,Rent,North,Fully Paid,No,Poor (<580),High (>$95k),0
CUST-4269,Female,51,Bachelor,Employed,Married,0,65800.0,625.0,1,LN-2023-13269,Personal,12500.0,60,16.66,308.38,0.092,23.0,3,Fair,Own,North,Fully Paid,No,Fair (580-669),Upper-Middle ($65k-$95k),0
CUST-4270,Female,59,Bachelor,Employed,Single,2,47700.0,600.0,1,LN-2023-13270,Personal,22700.0,60,17.88,574.95,0.177,16.0,0,Fair,Own,West,Fully Paid,No,Fair (580-669),Lower-Middle ($40k-$65k),0
CUST-4271,Male,44,High School,Employed,Married,0,34600.0,615.0,2,LN-2023-13271,Personal,23900.0,36,16.99,851.98,0.473,9.0,0,Fair,Mortgage,North,Current,No,Fair (580-669),Low (<$40k),0
CUST-4272,Male,54,High School,Unemployed,Single,0,18000.0,850.0,1,LN-2023-13272,Home,100500.0,60,7.91,2033.45,0.75,0.0,0,Excellent,Rent,North,Fully Paid,No,Excellent (800+),Low (<$40k),0
CUST-4273,Female,43,High School,Employed,Single,1,35200.0,644.0,2,LN-2023-13273,Home,54600.0,60,11.41,1198.33,0.491,16.0,0,Fair,Own,Central,Current,No,Fair (580-669),Low (<$40k),0
CUST-4274,Female,65,Bachelor,Employed,Single,0,103900.0,595.0,4,LN-2023-13274,Personal,18600.0,24,16.41,914.36,0.21,2.0,0,Fair,Rent,North,Current,No,Fair (580-669),High (>$95k),0
CUST-4275,Female,60,Bachelor,Self-Employed,Married,1,99400.0,841.0,2,LN-2023-13275,Personal,25100.0,60,12.02,558.59,0.103,3.0,0,Excellent,Own,Central,Fully Paid,No,Excellent (800+),High (>$95k),0
CUST-4276,Female,26,PhD,Employed,Married,1,53100.0,745.0,0,LN-2023-13276,Personal,8800.0,60,13.16,200.95,0.08,0.0,0,Excellent,Rent,Central,Fully Paid,No,Very Good (740-799),Lower-Middle ($40k-$65k),0
CUST-4277,Female,58,Bachelor,Employed,Married,2,28700.0,731.0,3,LN-2023-13277,Home,74600.0,48,10.17,1898.14,0.75,22.0,0,Good,Mortgage,West,Current,No,Good (670-739),Low (<$40k),0
CUST-4278,Male,61,High School,Employed,Married,4,29800.0,599.0,0,LN-2023-13278,Education,12900.0,36,14.83,446.11,0.18,18.0,0,Fair,Rent,North,Fully Paid,No,Fair (580-669),Low (<$40k),0
CUST-4279,Male,56,Bachelor,Employed,Divorced,0,44300.0,771.0,0,LN-2023-13279,Personal,28700.0,36,13.05,967.71,0.262,26.0,0,Excellent,Rent,North,Fully Paid,No,Very Good (740-799),Lower-Middle ($40k-$65k),0
CUST-4280,Female,47,Bachelor,Employed,Single,1,54800.0,739.0,1,LN-2023-13280,Auto,42600.0,36,13.07,1436.8,0.366,11.0,0,Good,Mortgage,North,Current,No,Good (670-739),Lower-Middle ($40k-$65k),0
CUST-4281,Male,31,Bachelor,Employed,Married,2,106600.0,682.0,0,LN-2023-13281,Personal,7900.0,60,15.99,192.07,0.08,2.0,0,Good,Rent,East,Fully Paid,No,Good (670-739),High (>$95k),0
CUST-4282,Male,25,Bachelor,Self-Employed,Divorced,1,56500.0,524.0,2,LN-2023-13282,Personal,25100.0,12,18.2,2303.56,0.588,3.0,1,Poor,Rent,North,Defaulted,Yes,Poor (<580),Lower-Middle ($40k-$65k),1
CUST-4283,Female,37,Bachelor,Employed,Single,0,62500.0,668.0,1,LN-2023-13283,Home,75900.0,60,11.57,1671.91,0.173,4.0,0,Fair,Mortgage,North,Current,No,Fair (580-669),Lower-Middle ($40k-$65k),0
CUST-4284,Female,27,Master,Self-Employed,Married,2,42000.0,817.0,1,LN-2023-13284,Home,103300.0,12,8.23,8996.89,0.75,5.0,0,Excellent,Mortgage,South,Fully Paid,No,Excellent (800+),Lower-Middle ($40k-$65k),0
CUST-4285,Male,47,Master,Employed,Married,0,66500.0,688.0,1,LN-2023-13285,Personal,17300.0,12,14.22,1555.11,0.322,6.0,0,Good,Rent,East,Fully Paid,No,Good (670-739),Upper-Middle ($65k-$95k),0
CUST-4286,Male,67,Bachelor,Self-Employed,Married,0,103000.0,638.0,1,LN-2023-13286,Personal,16700.0,60,17.01,415.13,0.08,7.0,0,Fair,Rent,East,Fully Paid,No,Fair (580-669),High (>$95k),0
CUST-4287,Male,35,Bachelor,Employed,Divorced,0,92000.0,650.0,1,LN-2023-13287,Personal,28600.0,60,17.17,713.4,0.286,6.0,0,Fair,Rent,East,Fully Paid,No,Fair (580-669),Upper-Middle ($65k-$95k),0
CUST-4288,Female,66,Bachelor,Employed,Married,0,54100.0,656.0,0,LN-2023-13288,Education,27700.0,36,14.07,947.66,0.21,2.0,0,Fair,Mortgage,South,Fully Paid,No,Fair (580-669),Lower-Middle ($40k-$65k),0
CUST-4289,Female,33,Master,Employed,Divorced,0,122200.0,602.0,1,LN-2023-13289,Home,65000.0,60,12.85,1473.96,0.161,0.0,0,Fair,Rent,South,Fully Paid,No,Fair (580-669),High (>$95k),0
CUST-4290,Male,31,Master,Employed,Married,0,112200.0,666.0,2,LN-2023-13290,Personal,6200.0,60,15.76,149.98,0.08,4.0,1,Fair,Rent,Central,Fully Paid,No,Fair (580-669),High (>$95k),0
CUST-4291,Male,65,High School,Employed,Single,1,36100.0,792.0,2,LN-2023-13291,Education,37700.0,60,11.65,831.96,0.419,8.0,0,Excellent,Rent,West,Fully Paid,No,Very Good (740-799),Low (<$40k),0
CUST-4292,Female,46,High School,Self-Employed,Married,0,65100.0,783.0,1,LN-2023-13292,Personal,7400.0,36,13.4,250.76,0.08,0.0,0,Excellent,Mortgage,South,Current,No,Very Good (740-799),Upper-Middle ($65k-$95k),0
CUST-4293,Male,42,Bachelor,Employed,Divorced,0,86300.0,605.0,4,LN-2023-13293,Personal,24300.0,60,17.34,608.37,0.225,5.0,0,Fair,Mortgage,North,Current,No,Fair (580-669),Upper-Middle ($65k-$95k),0
CUST-4294,Female,48,High School,Employed,Divorced,1,37300.0,778.0,0,LN-2023-13294,Personal,17400.0,48,13.12,467.84,0.151,11.0,0,Excellent,Rent,Central,Fully Paid,No,Very Good (740-799),Low (<$40k),0
CUST-4295,Female,44,Bachelor,Employed,Married,0,134800.0,734.0,2,LN-2023-13295,Personal,7100.0,60,16.08,172.96,0.08,8.0,0,Good,Mortgage,West,Fully Paid,No,Good (670-739),High (>$95k),0
CUST-4296,Male,49,High School,Self-Employed,Single,0,38800.0,723.0,0,LN-2023-13296,Personal,25500.0,24,14.71,1232.9,0.286,3.0,0,Good,Own,North,Current,No,Good (670-739),Low (<$40k),0
CUST-4297,Female,29,Bachelor,Employed,Single,0,67100.0,706.0,2,LN-2023-13297,Business,83300.0,36,15.56,2910.52,0.61,4.0,0,Good,Mortgage,West,Defaulted,Yes,Good (670-739),Upper-Middle ($65k-$95k),1
CUST-4298,Male,62,PhD,Unemployed,Divorced,0,18500.0,590.0,1,LN-2023-13298,Education,10100.0,60,16.01,245.67,0.32,0.0,0,Fair,Mortgage,South,Fully Paid,No,Fair (580-669),Low (<$40k),0
CUST-4299,Male,24,PhD,Unemployed,Married,0,34000.0,635.0,1,LN-2023-13299,Home,50700.0,36,10.54,1648.83,0.664,0.0,0,Fair,Own,North,Current,No,Fair (580-669),Low (<$40k),0
CUST-4300,Female,66,Bachelor,Employed,Married,1,38900.0,740.0,0,LN-2023-13300,Home,117200.0,48,9.76,2959.0,0.75,27.0,0,Excellent,Rent,West,Current,No,Very Good (740-799),Low (<$40k),0
CUST-4301,Male,38,Bachelor,Employed,Single,1,55100.0,567.0,1,LN-2023-13301,Home,87600.0,60,13.02,1994.07,0.47,10.0,0,Poor,Mortgage,South,Fully Paid,No,Poor (<580),Lower-Middle ($40k-$65k),0
CUST-4302,Female,63,Master,Self-Employed,Single,1,43800.0,581.0,2,LN-2023-13302,Home,102300.0,48,14.2,2805.77,0.75,14.0,0,Fair,Mortgage,Central,Current,No,Fair (580-669),Lower-Middle ($40k-$65k),0
CUST-4303,Female,36,High School,Employed,Married,3,70400.0,696.0,2,LN-2023-13303,Education,21000.0,24,12.6,994.44,0.243,2.0,0,Good,Own,North,Fully Paid,No,Good (670-739),Upper-Middle ($65k-$95k),0
CUST-4304,Male,53,Bachelor,Employed,Single,1,73800.0,602.0,0,LN-2023-13304,Home,80100.0,12,13.4,7169.35,0.286,14.0,0,Fair,Mortgage,Central,Current,No,Fair (580-669),Upper-Middle ($65k-$95k),0
CUST-4305,Male,49,Bachelor,Self-Employed,Married,1,117900.0,740.0,1,LN-2023-13305,Personal,11700.0,24,15.22,568.52,0.083,22.0,0,Excellent,Mortgage,North,Fully Paid,No,Very Good (740-799),High (>$95k),0
CUST-4306,Male,59,High School,Unemployed,Single,0,18000.0,605.0,0,LN-2023-13306,Personal,19300.0,36,17.69,694.74,0.463,0.0,0,Fair,Mortgage,North,Current,No,Fair (580-669),Low (<$40k),0
CUST-4307,Male,30,Bachelor,Unemployed,Married,2,36700.0,690.0,0,LN-2023-13307,Business,31200.0,12,15.42,2822.25,0.75,0.0,0,Good,Rent,East,Defaulted,Yes,Good (670-739),Low (<$40k),1
CUST-4308,Male,29,High School,Employed,Married,0,50000.0,697.0,0,LN-2023-13308,Personal,23800.0,24,15.19,1156.13,0.277,3.0,0,Good,Own,East,Current,No,Good (670-739),Lower-Middle ($40k-$65k),0
CUST-4309,Male,51,Bachelor,Employed,Married,1,66200.0,629.0,1,LN-2023-13309,Education,24700.0,36,14.88,854.78,0.178,5.0,0,Fair,Own,North,Fully Paid,No,Fair (580-669),Upper-Middle ($65k-$95k),0
CUST-4310,Male,48,Bachelor,Employed,Married,1,162800.0,649.0,2,LN-2023-13310,Auto,42200.0,60,13.08,961.91,0.106,2.0,1,Fair,Mortgage,Central,Fully Paid,No,Fair (580-669),High (>$95k),0
CUST-4311,Female,23,Bachelor,Employed,Single,1,50500.0,612.0,1,LN-2023-13311,Home,123300.0,12,12.96,11010.51,0.75,2.0,0,Fair,Rent,West,Fully Paid,No,Fair (580-669),Lower-Middle ($40k-$65k),0
CUST-4312,Female,34,High School,Employed,Single,3,85300.0,668.0,2,LN-2023-13312,Personal,29100.0,12,16.84,2651.85,0.42,8.0,1,Fair,Rent,South,Current,No,Fair (580-669),Upper-Middle ($65k-$95k),0
CUST-4313,Female,45,Master,Employed,Married,3,96600.0,588.0,2,LN-2023-13313,Home,96100.0,36,12.75,3226.43,0.428,6.0,0,Fair,Rent,South,Fully Paid,No,Fair (580-669),High (>$95k),0
CUST-4314,Male,35,Bachelor,Employed,Married,0,48600.0,651.0,1,LN-2023-13314,Home,72100.0,24,11.99,3393.66,0.75,4.0,0,Fair,Rent,West,Fully Paid,No,Fair (580-669),Lower-Middle ($40k-$65k),0
CUST-4315,Male,22,Bachelor,Self-Employed,Single,0,40000.0,733.0,1,LN-2023-13315,Auto,23600.0,24,12.1,1112.04,0.396,1.0,0,Good,Mortgage,West,Defaulted,Yes,Good (670-739),Low (<$40k),1
CUST-4316,Female,44,Bachelor,Self-Employed,Married,2,45400.0,573.0,3,LN-2023-13316,Auto,34800.0,24,15.91,1702.42,0.619,4.0,0,Poor,Rent,West,Fully Paid,No,Poor (<580),Lower-Middle ($40k-$65k),0
CUST-4317,Male,34,Bachelor,Self-Employed,Married,1,120300.0,628.0,1,LN-2023-13317,Home,105500.0,36,12.11,3509.66,0.369,6.0,0,Fair,Rent,South,Fully Paid,No,Fair (580-669),High (>$95k),0
CUST-4318,Male,27,High School,Employed,Single,1,107200.0,714.0,1,LN-2023-13318,Home,58700.0,12,9.54,5148.11,0.606,4.0,0,Good,Rent,West,Current,No,Good (670-739),High (>$95k),0
CUST-4319,Female,56,Master,Employed,Divorced,2,81100.0,493.0,3,LN-2023-13319,Education,39900.0,60,17.17,995.27,0.234,12.0,0,Poor,Rent,East,Defaulted,Yes,Poor (<580),Upper-Middle ($65k-$95k),1
CUST-4320,Female,44,High School,Self-Employed,Single,1,60200.0,827.0,0,LN-2023-13320,Business,27500.0,24,10.78,1278.91,0.255,1.0,0,Excellent,Mortgage,East,Current,No,Excellent (800+),Lower-Middle ($40k-$65k),0
CUST-4321,Female,47,High School,Employed,Married,4,69600.0,758.0,2,LN-2023-13321,Business,62500.0,60,14.47,1469.54,0.349,5.0,0,Excellent,Rent,Central,Fully Paid,No,Very Good (740-799),Upper-Middle ($65k-$95k),0
CUST-4322,Male,57,Bachelor,Employed,Single,1,65000.0,539.0,0,LN-2023-13322,Auto,30200.0,48,16.72,867.05,0.16,28.0,2,Poor,Own,East,Defaulted,Yes,Poor (<580),Lower-Middle ($40k-$65k),1
CUST-4323,Female,58,High School,Employed,Divorced,1,80500.0,491.0,2,LN-2023-13323,Personal,20100.0,48,19.99,611.54,0.135,17.0,0,Poor,Own,Central,Defaulted,Yes,Poor (<580),Upper-Middle ($65k-$95k),1
CUST-4324,Female,50,Bachelor,Employed,Married,1,71700.0,672.0,2,LN-2023-13324,Personal,18500.0,24,15.53,901.67,0.216,20.0,0,Good,Rent,West,Current,No,Good (670-739),Upper-Middle ($65k-$95k),0
CUST-4325,Female,47,Bachelor,Employed,Divorced,2,66800.0,574.0,1,LN-2023-13325,Home,49900.0,36,13.56,1694.82,0.328,12.0,0,Poor,Own,North,Current,No,Poor (<580),Upper-Middle ($65k-$95k),0
CUST-4326,Female,59,Bachelor,Self-Employed,Single,1,52800.0,751.0,2,LN-2023-13326,Auto,47800.0,48,11.76,1253.13,0.376,31.0,0,Excellent,Rent,South,Current,No,Very Good (740-799),Lower-Middle ($40k-$65k),0
CUST-4327,Female,35,Bachelor,Self-Employed,Married,1,47200.0,703.0,2,LN-2023-13327,Home,128400.0,36,10.47,4171.5,0.75,11.0,0,Good,Rent,East,Fully Paid,No,Good (670-739),Lower-Middle ($40k-$65k),0
CUST-4328,Male,46,Bachelor,Employed,Married,4,18000.0,680.0,1,LN-2023-13328,Auto,29900.0,36,13.0,1007.45,0.746,10.0,0,Good,Own,South,Fully Paid,No,Good (670-739),Low (<$40k),0
CUST-4329,Male,21,Bachelor,Employed,Single,1,109600.0,621.0,3,LN-2023-13329,Education,13100.0,24,16.05,641.73,0.143,0.0,0,Fair,Mortgage,Central,Current,No,Fair (580-669),High (>$95k),0
CUST-4330,Female,24,Bachelor,Self-Employed,Married,0,67700.0,806.0,1,LN-2023-13330,Personal,8300.0,36,12.19,276.43,0.08,2.0,0,Excellent,Rent,East,Fully Paid,No,Excellent (800+),Upper-Middle ($65k-$95k),0
CUST-4331,Female,49,Bachelor,Employed,Married,2,52500.0,734.0,3,LN-2023-13331,Business,24000.0,24,15.15,1165.39,0.372,16.0,0,Good,Mortgage,Central,Fully Paid,No,Good (670-739),Lower-Middle ($40k-$65k),0
CUST-4332,Female,21,Bachelor,Employed,Married,1,26100.0,721.0,1,LN-2023-13332,Home,97000.0,60,9.31,2028.19,0.75,0.0,0,Good,Mortgage,North,Defaulted,Yes,Good (670-739),Low (<$40k),1
CUST-4333,Male,63,Bachelor,Self-Employed,Married,0,54200.0,772.0,1,LN-2023-13333,Personal,16900.0,48,14.94,469.83,0.133,30.0,0,Excellent,Own,Central,Fully Paid,No,Very Good (740-799),Lower-Middle ($40k-$65k),0
CUST-4334,Male,66,Bachelor,Self-Employed,Married,1,51100.0,583.0,0,LN-2023-13334,Education,20200.0,12,14.3,1816.55,0.427,7.0,0,Fair,Own,East,Fully Paid,No,Fair (580-669),Lower-Middle ($40k-$65k),0
CUST-4335,Female,42,PhD,Self-Employed,Single,2,74600.0,779.0,1,LN-2023-13335,Business,56800.0,36,13.79,1935.5,0.344,6.0,0,Excellent,Own,North,Fully Paid,No,Very Good (740-799),Upper-Middle ($65k-$95k),0
CUST-4336,Female,31,Master,Employed,Married,1,90400.0,647.0,3,LN-2023-13336,Education,35700.0,36,14.1,1221.88,0.214,6.0,0,Fair,Mortgage,South,Fully Paid,No,Fair (580-669),Upper-Middle ($65k-$95k),0
CUST-4337,Female,30,High School,Employed,Divorced,2,51900.0,698.0,1,LN-2023-13337,Education,8400.0,12,13.33,751.57,0.208,2.0,0,Good,Mortgage,Central,Current,No,Good (670-739),Lower-Middle ($40k-$65k),0
CUST-4338,Female,37,High School,Self-Employed,Married,1,30600.0,656.0,1,LN-2023-13338,Education,24500.0,36,14.27,840.57,0.412,6.0,0,Fair,Own,Central,Current,No,Fair (580-669),Low (<$40k),0
CUST-4339,Female,56,High School,Employed,Married,4,27400.0,510.0,1,LN-2023-13339,Home,104600.0,24,15.5,5096.59,0.75,29.0,0,Poor,Rent,North,Defaulted,Yes,Poor (<580),Low (<$40k),1
CUST-4340,Female,67,High School,Self-Employed,Married,0,31500.0,751.0,1,LN-2023-13340,Auto,46900.0,36,10.4,1522.15,0.663,25.0,0,Excellent,Mortgage,South,Defaulted,Yes,Very Good (740-799),Low (<$40k),1
CUST-4341,Female,46,High School,Employed,Married,0,110900.0,514.0,1,LN-2023-13341,Personal,24500.0,36,19.47,903.91,0.125,20.0,2,Poor,Rent,Central,Current,No,Poor (<580),High (>$95k),0
CUST-4342,Female,41,Bachelor,Self-Employed,Married,1,141500.0,587.0,1,LN-2023-13342,Personal,18900.0,36,18.02,683.47,0.08,13.0,0,Fair,Own,North,Fully Paid,No,Fair (580-669),High (>$95k),0
CUST-4343,Female,33,Master,Employed,Single,1,53000.0,631.0,3,LN-2023-13343,Auto,39100.0,36,13.96,1335.59,0.379,8.0,2,Fair,Rent,Central,Defaulted,Yes,Fair (580-669),Lower-Middle ($40k-$65k),1
CUST-4344,Male,29,Master,Employed,Single,0,75900.0,668.0,1,LN-2023-13344,Auto,47900.0,48,17.16,1386.12,0.602,4.0,1,Poor,Mortgage,South,Current,No,Fair (580-669),Upper-Middle ($65k-$95k),0
CUST-4345,Male,31,High School,Employed,Married,0,52000.0,576.0,3,LN-2023-13345,Home,120500.0,24,13.16,5737.85,0.75,1.0,0,Poor,Mortgage,North,Fully Paid,No,Poor (<580),Lower-Middle ($40k-$65k),0
CUST-4346,Female,31,Bachelor,Employed,Married,1,64200.0,668.0,2,LN-2023-13346,Home,52600.0,36,11.51,1734.79,0.392,5.0,0,Good,Rent,South,Current,No,Fair (580-669),Lower-Middle ($40k-$65k),0
CUST-4347,Male,26,Bachelor,Employed,Married,0,72500.0,640.0,0,LN-2023-13347,Business,60200.0,48,16.77,1729.92,0.286,1.0,0,Fair,Mortgage,West,Current,No,Fair (580-669),Upper-Middle ($65k-$95k),0
CUST-4348,Male,21,Master,Employed,Single,1,108700.0,647.0,3,LN-2023-13348,Home,111900.0,24,12.22,5279.03,0.651,0.0,0,Fair,Rent,Central,Current,No,Fair (580-669),High (>$95k),0
CUST-4349,Male,26,Master,Self-Employed,Single,2,109700.0,592.0,0,LN-2023-13349,Business,67000.0,12,18.04,6143.84,0.672,1.0,0,Fair,Rent,North,Current,No,Fair (580-669),High (>$95k),0
CUST-4350,Male,33,Master,Employed,Married,2,47100.0,673.0,1,LN-2023-13350,Education,20200.0,48,14.87,560.85,0.191,2.0,0,Good,Rent,East,Fully Paid,No,Good (670-739),Lower-Middle ($40k-$65k),0
CUST-4351,Male,42,Bachelor,Employed,Married,0,71800.0,642.0,0,LN-2023-13351,Auto,22300.0,36,13.48,756.54,0.126,11.0,0,Fair,Mortgage,Central,Current,No,Fair (580-669),Upper-Middle ($65k-$95k),0
CUST-4352,Male,51,Bachelor,Employed,Divorced,1,92300.0,530.0,1,LN-2023-13352,Personal,21200.0,48,20.7,653.06,0.102,13.0,0,Poor,Rent,Central,Current,No,Poor (<580),Upper-Middle ($65k-$95k),0
CUST-4353,Female,42,High School,Unemployed,Married,1,18000.0,652.0,1,LN-2023-13353,Personal,15000.0,24,16.73,739.69,0.642,0.0,1,Fair,Own,South,Current,No,Fair (580-669),Low (<$40k),0
CUST-4354,Male,57,Bachelor,Employed,Single,2,72000.0,564.0,2,LN-2023-13354,Home,78300.0,48,13.54,2121.64,0.431,1.0,3,Poor,Rent,Central,Fully Paid,No,Poor (<580),Upper-Middle ($65k-$95k),0
CUST-4355,Male,67,High School,Employed,Married,2,38300.0,746.0,3,LN-2023-13355,Auto,41800.0,12,13.5,3743.27,0.75,5.0,0,Excellent,Mortgage,North,Current,No,Very Good (740-799),Low (<$40k),0
CUST-4356,Male,47,Bachelor,Self-Employed,Single,0,177500.0,636.0,2,LN-2023-13356,Home,71800.0,60,12.02,1597.88,0.145,18.0,0,Fair,Mortgage,East,Fully Paid,No,Fair (580-669),High (>$95k),0
CUST-4357,Female,34,Bachelor,Employed,Divorced,0,34600.0,850.0,1,LN-2023-13357,Education,27900.0,48,9.25,697.61,0.308,6.0,0,Excellent,Mortgage,East,Current,No,Excellent (800+),Low (<$40k),0
CUST-4358,Male,67,Bachelor,Employed,Divorced,0,105800.0,752.0,2,LN-2023-13358,Auto,43200.0,36,11.4,1422.51,0.202,6.0,0,Excellent,Rent,West,Fully Paid,No,Very Good (740-799),High (>$95k),0
CUST-4359,Female,25,High School,Employed,Single,0,23100.0,658.0,3,LN-2023-13359,Home,97900.0,36,11.43,3225.09,0.75,2.0,0,Fair,Own,North,Defaulted,Yes,Fair (580-669),Low (<$40k),1
CUST-4360,Female,56,High School,Self-Employed,Married,1,126500.0,719.0,0,LN-2023-13360,Education,22800.0,36,13.74,776.37,0.08,8.0,0,Good,Mortgage,East,Fully Paid,No,Good (670-739),High (>$95k),0
CUST-4361,Female,52,High School,Employed,Married,1,29400.0,492.0,0,LN-2023-13361,Home,48000.0,24,15.4,2336.49,0.75,6.0,1,Poor,Rent,East,Defaulted,Yes,Poor (<580),Low (<$40k),1
CUST-4362,Male,54,High School,Self-Employed,Married,0,61500.0,751.0,0,LN-2023-13362,Personal,22800.0,36,14.35,783.13,0.153,27.0,0,Excellent,Rent,North,Fully Paid,No,Very Good (740-799),Lower-Middle ($40k-$65k),0
CUST-4363,Female,27,High School,Self-Employed,Divorced,1,27100.0,600.0,1,LN-2023-13363,Personal,31900.0,36,17.64,1147.51,0.625,2.0,0,Fair,Mortgage,South,Defaulted,Yes,Fair (580-669),Low (<$40k),1
CUST-4364,Male,62,High School,Employed,Single,3,26700.0,677.0,2,LN-2023-13364,Personal,26400.0,60,16.72,652.14,0.415,2.0,0,Good,Own,North,Current,No,Good (670-739),Low (<$40k),0
CUST-4365,Female,30,High School,Self-Employed,Married,1,84600.0,608.0,2,LN-2023-13365,Education,27600.0,48,15.2,770.93,0.149,8.0,0,Fair,Rent,Central,Current,No,Fair (580-669),Upper-Middle ($65k-$95k),0
CUST-4366,Female,37,PhD,Employed,Married,0,147400.0,617.0,1,LN-2023-13366,Auto,27800.0,36,14.58,957.99,0.1,11.0,0,Fair,Own,Central,Defaulted,Yes,Fair (580-669),High (>$95k),1
CUST-4367,Male,50,Bachelor,Employed,Single,1,70000.0,654.0,2,LN-2023-13367,Auto,18500.0,48,13.43,500.27,0.138,6.0,0,Fair,Mortgage,South,Current,No,Fair (580-669),Upper-Middle ($65k-$95k),0
CUST-4368,Male,41,High School,Employed,Divorced,1,68500.0,676.0,2,LN-2023-13368,Auto,36300.0,12,13.13,3244.43,0.622,7.0,0,Good,Rent,West,Fully Paid,No,Good (670-739),Upper-Middle ($65k-$95k),0
CUST-4369,Male,33,Bachelor,Self-Employed,Single,2,115700.0,667.0,2,LN-2023-13369,Auto,16700.0,36,13.99,570.69,0.114,9.0,2,Fair,Mortgage,West,Fully Paid,No,Fair (580-669),High (>$95k),0
CUST-4370,Female,21,Master,Employed,Married,0,57200.0,669.0,0,LN-2023-13370,Auto,43700.0,36,14.09,1495.47,0.314,0.0,0,Fair,Mortgage,Central,Defaulted,Yes,Fair (580-669),Lower-Middle ($40k-$65k),1
CUST-4371,Male,21,Bachelor,Employed,Married,1,33500.0,531.0,1,LN-2023-13371,Education,18000.0,60,18.31,460.12,0.232,0.0,0,Poor,Mortgage,North,Current,No,Poor (<580),Low (<$40k),0
CUST-4372,Female,67,Bachelor,Employed,Married,1,62500.0,850.0,1,LN-2023-13372,Home,79000.0,36,7.53,2458.48,0.511,21.0,0,Excellent,Own,West,Fully Paid,No,Excellent (800+),Lower-Middle ($40k-$65k),0
CUST-4373,Male,53,Bachelor,Employed,Divorced,1,48500.0,689.0,2,LN-2023-13373,Education,13300.0,12,13.46,1190.79,0.421,11.0,0,Good,Own,North,Current,No,Good (670-739),Lower-Middle ($40k-$65k),0
CUST-4374,Female,58,Bachelor,Employed,Divorced,2,74900.0,707.0,2,LN-2023-13374,Education,22400.0,12,13.52,2006.18,0.358,20.0,0,Good,Rent,East,Defaulted,Yes,Good (670-739),Upper-Middle ($65k-$95k),1
CUST-4375,Female,45,Bachelor,Employed,Divorced,0,80500.0,641.0,0,LN-2023-13375,Personal,22700.0,48,16.37,647.63,0.097,10.0,0,Fair,Rent,Central,Current,No,Fair (580-669),Upper-Middle ($65k-$95k),0
CUST-4376,Female,46,Bachelor,Employed,Single,1,46300.0,595.0,0,LN-2023-13376,Home,70700.0,24,12.76,3353.24,0.75,0.0,0,Fair,Rent,North,Defaulted,Yes,Fair (580-669),Lower-Middle ($40k-$65k),1
CUST-4377,Female,33,Master,Employed,Single,0,106900.0,682.0,2,LN-2023-13377,Education,29900.0,60,14.02,696.03,0.118,9.0,0,Good,Own,East,Current,No,Good (670-739),High (>$95k),0
CUST-4378,Male,48,Master,Employed,Single,0,104500.0,694.0,1,LN-2023-13378,Education,27100.0,36,13.26,916.5,0.122,3.0,0,Good,Own,East,Defaulted,Yes,Good (670-739),High (>$95k),1
CUST-4379,Male,53,Bachelor,Employed,Single,1,87100.0,780.0,0,LN-2023-13379,Personal,13800.0,36,13.44,467.91,0.08,13.0,0,Excellent,Mortgage,North,Current,No,Very Good (740-799),Upper-Middle ($65k-$95k),0
CUST-4380,Female,57,Bachelor,Self-Employed,Single,0,60200.0,846.0,0,LN-2023-13380,Personal,12100.0,48,12.61,322.28,0.08,18.0,0,Excellent,Own,North,Fully Paid,No,Excellent (800+),Lower-Middle ($40k-$65k),0
CUST-4381,Male,61,Bachelor,Unemployed,Married,0,31300.0,795.0,0,LN-2023-13381,Home,118200.0,36,9.03,3760.38,0.75,0.0,0,Excellent,Rent,East,Current,No,Very Good (740-799),Low (<$40k),0
CUST-4382,Male,50,Master,Employed,Single,2,98400.0,519.0,1,LN-2023-13382,Personal,3300.0,48,20.78,101.8,0.08,18.0,2,Poor,Own,Central,Current,No,Poor (<580),High (>$95k),0
CUST-4383,Male,28,High School,Employed,Married,1,65500.0,630.0,1,LN-2023-13383,Personal,23800.0,48,17.59,694.04,0.146,3.0,0,Fair,Mortgage,West,Fully Paid,No,Fair (580-669),Upper-Middle ($65k-$95k),0
CUST-4384,Male,67,PhD,Unemployed,Married,0,69100.0,698.0,2,LN-2023-13384,Personal,15100.0,48,14.91,419.56,0.145,0.0,0,Good,Mortgage,North,Current,No,Good (670-739),Upper-Middle ($65k-$95k),0
CUST-4385,Male,21,High School,Self-Employed,Single,1,65400.0,635.0,4,LN-2023-13385,Personal,23800.0,48,16.55,681.22,0.2,0.0,0,Fair,Mortgage,North,Current,No,Fair (580-669),Upper-Middle ($65k-$95k),0
CUST-4386,Female,32,Bachelor,Employed,Divorced,0,47800.0,666.0,0,LN-2023-13386,Home,88100.0,48,10.69,2263.75,0.568,1.0,0,Fair,Own,Central,Current,No,Fair (580-669),Lower-Middle ($40k-$65k),0
CUST-4387,Male,25,Master,Employed,Single,0,47200.0,487.0,0,LN-2023-13387,Education,8900.0,36,17.4,319.08,0.081,2.0,0,Poor,Rent,East,Current,No,Poor (<580),Lower-Middle ($40k-$65k),0
CUST-4388,Female,44,High School,Employed,Married,1,81600.0,747.0,1,LN-2023-13388,Personal,31500.0,60,15.25,753.52,0.128,16.0,0,Excellent,Own,North,Fully Paid,No,Very Good (740-799),Upper-Middle ($65k-$95k),0
CUST-4389,Male,26,Bachelor,Employed,Divorced,0,73800.0,510.0,1,LN-2023-13389,Auto,13300.0,12,16.89,1212.33,0.224,4.0,0,Poor,Rent,East,Current,No,Poor (<580),Upper-Middle ($65k-$95k),0
CUST-4390,Female,45,High School,Employed,Single,4,104100.0,536.0,2,LN-2023-13390,Auto,16000.0,60,15.54,385.19,0.083,12.0,2,Poor,Mortgage,North,Defaulted,Yes,Poor (<580),High (>$95k),1
CUST-4391,Male,21,Bachelor,Self-Employed,Married,0,29000.0,583.0,1,LN-2023-13391,Education,20300.0,24,14.61,980.52,0.474,0.0,0,Fair,Mortgage,Central,Current,No,Fair (580-669),Low (<$40k),0
CUST-4392,Female,45,High School,Employed,Single,2,74000.0,661.0,0,LN-2023-13392,Home,125300.0,24,10.73,5824.27,0.75,3.0,0,Fair,Mortgage,North,Fully Paid,No,Fair (580-669),Upper-Middle ($65k-$95k),0
CUST-4393,Female,21,Bachelor,Employed,Married,2,55900.0,532.0,2,LN-2023-13393,Personal,11500.0,48,18.53,341.01,0.116,0.0,0,Poor,Rent,North,Fully Paid,No,Poor (<580),Lower-Middle ($40k-$65k),0
CUST-4394,Male,52,Bachelor,Self-Employed,Married,4,61700.0,579.0,2,LN-2023-13394,Education,25300.0,36,16.06,890.22,0.267,14.0,0,Poor,Mortgage,East,Fully Paid,No,Poor (<580),Lower-Middle ($40k-$65k),0
CUST-4395,Female,62,PhD,Self-Employed,Divorced,1,75600.0,767.0,0,LN-2023-13395,Education,23700.0,36,11.65,783.22,0.124,7.0,0,Excellent,Mortgage,West,Current,No,Very Good (740-799),Upper-Middle ($65k-$95k),0
CUST-4396,Female,62,PhD,Self-Employed,Married,2,160000.0,660.0,0,LN-2023-13396,Auto,22500.0,24,14.27,1083.16,0.081,34.0,0,Fair,Rent,South,Current,No,Fair (580-669),High (>$95k),0
CUST-4397,Female,23,High School,Unemployed,Married,3,22600.0,706.0,1,LN-2023-13397,Personal,23200.0,24,14.61,1120.6,0.733,0.0,0,Good,Mortgage,South,Fully Paid,No,Good (670-739),Low (<$40k),0
CUST-4398,Female,39,Bachelor,Employed,Married,0,37600.0,564.0,0,LN-2023-13398,Personal,17500.0,12,19.25,1614.83,0.515,14.0,0,Poor,Rent,South,Fully Paid,No,Poor (<580),Low (<$40k),0
CUST-4399,Male,63,High School,Unemployed,Married,1,18500.0,665.0,1,LN-2023-13399,Personal,19800.0,24,16.07,970.13,0.75,0.0,0,Fair,Own,West,Fully Paid,No,Fair (580-669),Low (<$40k),0
CUST-4400,Female,49,High School,Self-Employed,Married,0,77600.0,658.0,2,LN-2023-13400,Personal,9100.0,36,16.64,322.81,0.102,1.0,0,Fair,Rent,South,Current,No,Fair (580-669),Upper-Middle ($65k-$95k),0
CUST-4401,Male,22,High School,Employed,Married,1,53200.0,602.0,0,LN-2023-13401,Personal,29900.0,48,17.19,865.71,0.195,1.0,0,Fair,Mortgage,North,Current,No,Fair (580-669),Lower-Middle ($40k-$65k),0
CUST-4402,Male,29,PhD,Employed,Married,1,152800.0,665.0,2,LN-2023-13402,Personal,6200.0,48,16.88,178.52,0.08,6.0,0,Fair,Mortgage,South,Current,No,Fair (580-669),High (>$95k),0
CUST-4403,Female,37,PhD,Employed,Married,0,81400.0,509.0,2,LN-2023-13403,Home,103700.0,36,14.17,3552.79,0.577,3.0,1,Poor,Own,Central,Defaulted,Yes,Poor (<580),Upper-Middle ($65k-$95k),1
CUST-4404,Male,66,High School,Self-Employed,Married,2,20500.0,707.0,0,LN-2023-13404,Auto,43700.0,60,11.88,969.43,0.567,20.0,0,Good,Rent,South,Fully Paid,No,Good (670-739),Low (<$40k),0
CUST-4405,Female,56,High School,Employed,Married,0,53400.0,636.0,1,LN-2023-13405,Auto,13200.0,36,13.63,448.78,0.131,12.0,0,Fair,Mortgage,East,Fully Paid,No,Fair (580-669),Lower-Middle ($40k-$65k),0
CUST-4406,Female,37,High School,Employed,Single,2,53300.0,648.0,2,LN-2023-13406,Personal,3800.0,12,17.37,347.25,0.196,3.0,0,Fair,Rent,West,Fully Paid,No,Fair (580-669),Lower-Middle ($40k-$65k),0
CUST-4407,Female,32,Bachelor,Employed,Single,0,72300.0,742.0,0,LN-2023-13407,Business,43300.0,60,14.11,1009.99,0.168,6.0,0,Excellent,Mortgage,East,Current,No,Very Good (740-799),Upper-Middle ($65k-$95k),0
CUST-4408,Female,40,Bachelor,Employed,Married,1,103500.0,706.0,0,LN-2023-13408,Auto,40000.0,36,12.1,1330.48,0.154,16.0,1,Good,Own,East,Fully Paid,No,Good (670-739),High (>$95k),0
CUST-4409,Male,23,High School,Employed,Single,0,20400.0,642.0,1,LN-2023-13409,Personal,23800.0,60,16.54,585.62,0.452,1.0,0,Fair,Own,Central,Fully Paid,No,Fair (580-669),Low (<$40k),0
CUST-4410,Male,63,Master,Employed,Divorced,0,69900.0,575.0,2,LN-2023-13410,Personal,26800.0,36,18.27,972.52,0.232,20.0,1,Poor,Own,South,Current,No,Poor (<580),Upper-Middle ($65k-$95k),0
CUST-4411,Male,24,Bachelor,Self-Employed,Divorced,2,47700.0,782.0,1,LN-2023-13411,Personal,14500.0,48,12.84,387.85,0.158,1.0,0,Excellent,Rent,North,Current,No,Very Good (740-799),Lower-Middle ($40k-$65k),0
CUST-4412,Male,37,Master,Employed,Married,0,45200.0,556.0,0,LN-2023-13412,Auto,47800.0,12,16.18,4341.01,0.75,12.0,0,Poor,Mortgage,North,Defaulted,Yes,Poor (<580),Lower-Middle ($40k-$65k),1
CUST-4413,Male,57,Bachelor,Employed,Single,1,60900.0,723.0,3,LN-2023-13413,Personal,13600.0,48,14.8,377.12,0.168,27.0,0,Good,Rent,West,Fully Paid,No,Good (670-739),Lower-Middle ($40k-$65k),0
CUST-4414,Male,66,Bachelor,Employed,Married,3,86200.0,534.0,2,LN-2023-13414,Personal,26400.0,24,18.7,1326.94,0.221,7.0,1,Poor,Mortgage,East,Fully Paid,No,Poor (<580),Upper-Middle ($65k-$95k),0
CUST-4415,Female,62,Master,Employed,Married,0,89100.0,748.0,2,LN-2023-13415,Home,74800.0,12,8.96,6539.98,0.75,32.0,0,Excellent,Rent,East,Current,No,Very Good (740-799),Upper-Middle ($65k-$95k),0
CUST-4416,Female,35,Master,Employed,Married,2,57100.0,755.0,2,LN-2023-13416,Auto,18300.0,12,12.31,1628.59,0.39,2.0,0,Excellent,Mortgage,Central,Current,No,Very Good (740-799),Lower-Middle ($40k-$65k),0
CUST-4417,Male,53,Bachelor,Employed,Married,0,58900.0,507.0,1,LN-2023-13417,Home,73600.0,36,14.82,2544.89,0.566,3.0,0,Poor,Rent,East,Fully Paid,No,Poor (<580),Lower-Middle ($40k-$65k),0
CUST-4418,Female,36,Bachelor,Employed,Single,0,95500.0,708.0,5,LN-2023-13418,Home,61400.0,24,8.67,2795.76,0.464,9.0,0,Good,Own,North,Fully Paid,No,Good (670-739),High (>$95k),0
CUST-4419,Male,31,Master,Employed,Single,0,105800.0,701.0,0,LN-2023-13419,Personal,6700.0,60,15.63,161.62,0.08,3.0,0,Good,Mortgage,East,Current,No,Good (670-739),High (>$95k),0
CUST-4420,Male,40,High School,Employed,Single,4,38300.0,729.0,2,LN-2023-13420,Home,75900.0,48,10.53,1944.4,0.75,9.0,0,Good,Mortgage,North,Defaulted,Yes,Good (670-739),Low (<$40k),1
CUST-4421,Female,58,High School,Employed,Married,0,37200.0,701.0,1,LN-2023-13421,Home,57500.0,48,11.53,1500.96,0.536,21.0,0,Good,Mortgage,East,Fully Paid,No,Good (670-739),Low (<$40k),0
CUST-4422,Female,44,Bachelor,Employed,Married,3,29000.0,588.0,3,LN-2023-13422,Home,87700.0,48,13.65,2381.16,0.75,1.0,0,Fair,Rent,North,Defaulted,Yes,Fair (580-669),Low (<$40k),1
CUST-4423,Female,36,Master,Employed,Married,4,64200.0,651.0,2,LN-2023-13423,Home,48000.0,60,12.07,1069.43,0.281,4.0,1,Fair,Mortgage,East,Current,No,Fair (580-669),Lower-Middle ($40k-$65k),0
CUST-4424,Male,50,Master,Employed,Married,0,35600.0,811.0,1,LN-2023-13424,Personal,15500.0,60,12.62,349.66,0.212,12.0,0,Excellent,Own,Central,Current,No,Excellent (800+),Low (<$40k),0
CUST-4425,Female,54,Master,Self-Employed,Divorced,1,220000.0,575.0,3,LN-2023-13425,Personal,30800.0,60,17.81,778.94,0.08,8.0,0,Poor,Mortgage,North,Current,No,Poor (<580),High (>$95k),0
CUST-4426,Female,21,Bachelor,Self-Employed,Single,2,49200.0,697.0,3,LN-2023-13426,Personal,13400.0,60,15.94,325.43,0.257,0.0,0,Good,Own,South,Defaulted,Yes,Good (670-739),Lower-Middle ($40k-$65k),1
CUST-4427,Female,44,High School,Employed,Divorced,0,80900.0,767.0,0,LN-2023-13427,Personal,7000.0,24,13.82,335.5,0.08,2.0,0,Excellent,Rent,West,Current,No,Very Good (740-799),Upper-Middle ($65k-$95k),0
CUST-4428,Female,44,Bachelor,Employed,Single,0,142500.0,585.0,0,LN-2023-13428,Personal,11900.0,24,16.92,587.91,0.08,16.0,0,Fair,Rent,West,Fully Paid,No,Fair (580-669),High (>$95k),0
CUST-4429,Female,29,Master,Employed,Married,1,85800.0,549.0,2,LN-2023-13429,Personal,25900.0,36,18.48,942.6,0.193,7.0,2,Poor,Rent,East,Current,No,Poor (<580),Upper-Middle ($65k-$95k),0
CUST-4430,Female,42,High School,Employed,Married,2,46900.0,562.0,3,LN-2023-13430,Home,71700.0,24,13.9,3439.14,0.75,3.0,0,Poor,Rent,North,Defaulted,Yes,Poor (<580),Lower-Middle ($40k-$65k),1
CUST-4431,Female,32,High School,Self-Employed,Married,2,31100.0,703.0,1,LN-2023-13431,Personal,14100.0,24,13.94,676.58,0.334,2.0,0,Good,Own,South,Fully Paid,No,Good (670-739),Low (<$40k),0
CUST-4432,Female,37,High School,Self-Employed,Married,0,45000.0,561.0,0,LN-2023-13432,Education,32800.0,48,16.98,946.11,0.252,9.0,0,Poor,Mortgage,Central,Fully Paid,No,Poor (<580),Lower-Middle ($40k-$65k),0
CUST-4433,Female,45,Bachelor,Self-Employed,Single,0,148800.0,658.0,2,LN-2023-13433,Education,14900.0,36,14.32,511.57,0.084,20.0,0,Fair,Rent,West,Fully Paid,No,Fair (580-669),High (>$95k),0
CUST-4434,Male,48,Master,Self-Employed,Married,3,104800.0,786.0,0,LN-2023-13434,Home,85700.0,36,8.05,2687.5,0.308,7.0,0,Excellent,Mortgage,Central,Current,No,Very Good (740-799),High (>$95k),0
CUST-4435,Female,35,Bachelor,Self-Employed,Married,0,73200.0,665.0,1,LN-2023-13435,Home,50400.0,60,11.46,1107.42,0.2,10.0,0,Fair,Rent,South,Current,No,Fair (580-669),Upper-Middle ($65k-$95k),0
CUST-4436,Male,50,PhD,Employed,Single,2,167500.0,603.0,1,LN-2023-13436,Business,32200.0,36,17.26,1152.19,0.098,13.0,1,Fair,Rent,South,Current,No,Fair (580-669),High (>$95k),0
CUST-4437,Male,47,High School,Employed,Single,0,67200.0,680.0,1,LN-2023-13437,Home,62800.0,36,12.0,2085.86,0.416,21.0,0,Good,Mortgage,South,Fully Paid,No,Good (670-739),Upper-Middle ($65k-$95k),0
CUST-4438,Female,42,Master,Self-Employed,Married,2,83700.0,664.0,3,LN-2023-13438,Education,21800.0,24,14.83,1055.25,0.236,2.0,0,Fair,Mortgage,East,Current,No,Fair (580-669),Upper-Middle ($65k-$95k),0
CUST-4439,Female,30,Master,Employed,Single,3,85800.0,708.0,1,LN-2023-13439,Education,33900.0,36,13.98,1158.29,0.178,8.0,0,Good,Mortgage,West,Fully Paid,No,Good (670-739),Upper-Middle ($65k-$95k),0
CUST-4440,Female,51,Bachelor,Employed,Married,0,44500.0,807.0,0,LN-2023-13440,Business,44800.0,24,13.11,2132.19,0.575,11.0,0,Excellent,Rent,South,Current,No,Excellent (800+),Lower-Middle ($40k-$65k),0
CUST-4441,Male,47,PhD,Employed,Single,0,72100.0,703.0,1,LN-2023-13441,Home,77300.0,12,10.38,6809.57,0.75,21.0,0,Good,Rent,North,Fully Paid,No,Good (670-739),Upper-Middle ($65k-$95k),0
CUST-4442,Male,32,Bachelor,Self-Employed,Married,1,65900.0,842.0,1,LN-2023-13442,Personal,11700.0,24,11.64,548.79,0.14,4.0,0,Excellent,Mortgage,West,Fully Paid,No,Excellent (800+),Upper-Middle ($65k-$95k),0
CUST-4443,Male,66,Master,Employed,Married,0,100000.0,708.0,2,LN-2023-13443,Personal,12300.0,48,14.73,340.64,0.08,20.0,0,Good,Rent,West,Fully Paid,No,Good (670-739),High (>$95k),0
CUST-4444,Female,51,Master,Employed,Single,0,44400.0,604.0,1,LN-2023-13444,Auto,25300.0,48,14.97,703.73,0.244,21.0,0,Fair,Mortgage,West,Current,No,Fair (580-669),Lower-Middle ($40k-$65k),0
CUST-4445,Female,52,Master,Unemployed,Married,1,28200.0,850.0,2,LN-2023-13445,Home,121400.0,36,7.58,3780.76,0.75,0.0,0,Excellent,Own,West,Fully Paid,No,Excellent (800+),Low (<$40k),0
CUST-4446,Female,52,Bachelor,Self-Employed,Single,0,60700.0,659.0,3,LN-2023-13446,Personal,3700.0,60,17.02,91.99,0.12,19.0,0,Fair,Own,South,Current,No,Fair (580-669),Lower-Middle ($40k-$65k),0
CUST-4447,Female,61,High School,Unemployed,Divorced,0,18000.0,580.0,1,LN-2023-13447,Personal,21100.0,24,17.86,1051.97,0.75,0.0,0,Fair,Mortgage,North,Fully Paid,No,Fair (580-669),Low (<$40k),0
CUST-4448,Female,65,Bachelor,Employed,Married,2,52900.0,850.0,5,LN-2023-13448,Auto,43700.0,36,8.18,1373.03,0.517,23.0,0,Excellent,Rent,West,Current,No,Excellent (800+),Lower-Middle ($40k-$65k),0
CUST-4449,Female,55,Bachelor,Employed,Single,1,22100.0,607.0,0,LN-2023-13449,Home,80400.0,12,12.11,7147.58,0.75,12.0,1,Fair,Mortgage,Central,Defaulted,Yes,Fair (580-669),Low (<$40k),1
CUST-4450,Male,66,Master,Self-Employed,Married,0,63700.0,604.0,2,LN-2023-13450,Auto,34700.0,60,14.33,813.36,0.196,31.0,0,Fair,Mortgage,North,Fully Paid,No,Fair (580-669),Lower-Middle ($40k-$65k),0
CUST-4451,Male,41,Master,Employed,Married,1,47500.0,623.0,0,LN-2023-13451,Auto,32300.0,36,13.91,1102.53,0.279,16.0,0,Fair,Own,East,Current,No,Fair (580-669),Lower-Middle ($40k-$65k),0
CUST-4452,Female,30,Master,Employed,Single,2,68600.0,683.0,0,LN-2023-13452,Home,73800.0,24,9.31,3382.04,0.592,0.0,0,Good,Mortgage,South,Defaulted,Yes,Good (670-739),Upper-Middle ($65k-$95k),1
CUST-4453,Female,36,High School,Employed,Single,1,18000.0,749.0,2,LN-2023-13453,Personal,7000.0,24,15.42,340.81,0.587,8.0,0,Excellent,Rent,East,Defaulted,Yes,Very Good (740-799),Low (<$40k),1
CUST-4454,Male,27,Master,Employed,Married,0,84800.0,444.0,0,LN-2023-13454,Education,13500.0,48,17.5,393.04,0.08,5.0,1,Poor,Rent,North,Fully Paid,No,Poor (<580),Upper-Middle ($65k-$95k),0
CUST-4455,Female,24,Master,Employed,Divorced,0,117200.0,748.0,0,LN-2023-13455,Personal,4700.0,12,13.94,421.87,0.08,2.0,0,Excellent,Rent,South,Fully Paid,No,Very Good (740-799),High (>$95k),0
CUST-4456,Male,47,Master,Employed,Single,2,73800.0,622.0,1,LN-2023-13456,Education,32000.0,60,15.58,771.05,0.17,18.0,0,Fair,Rent,East,Current,No,Fair (580-669),Upper-Middle ($65k-$95k),0
CUST-4457,Male,45,High School,Employed,Divorced,2,61500.0,634.0,1,LN-2023-13457,Education,24100.0,36,15.26,838.51,0.214,19.0,0,Fair,Mortgage,North,Fully Paid,No,Fair (580-669),Lower-Middle ($40k-$65k),0
CUST-4458,Female,51,High School,Self-Employed,Married,2,44800.0,815.0,0,LN-2023-13458,Auto,39900.0,24,9.34,1829.05,0.49,19.0,0,Excellent,Rent,South,Fully Paid,No,Excellent (800+),Lower-Middle ($40k-$65k),0
CUST-4459,Female,31,High School,Employed,Married,0,24400.0,688.0,1,LN-2023-13459,Auto,21000.0,36,14.01,717.83,0.471,6.0,0,Good,Rent,North,Fully Paid,No,Good (670-739),Low (<$40k),0
CUST-4460,Female,40,Bachelor,Employed,Married,1,62900.0,708.0,2,LN-2023-13460,Home,113400.0,36,11.47,3737.86,0.75,6.0,0,Good,Mortgage,North,Current,No,Good (670-739),Lower-Middle ($40k-$65k),0
CUST-4461,Male,56,Bachelor,Employed,Married,2,85400.0,665.0,1,LN-2023-13461,Education,16500.0,36,14.04,564.25,0.106,26.0,0,Fair,Mortgage,Central,Defaulted,Yes,Fair (580-669),Upper-Middle ($65k-$95k),1
CUST-4462,Male,37,PhD,Employed,Single,0,51100.0,734.0,0,LN-2023-13462,Personal,6500.0,36,14.67,224.28,0.08,11.0,0,Good,Rent,East,Fully Paid,No,Good (670-739),Lower-Middle ($40k-$65k),0
CUST-4463,Female,65,Bachelor,Self-Employed,Single,0,58600.0,807.0,2,LN-2023-13463,Auto,30300.0,36,9.91,976.42,0.315,3.0,0,Excellent,Rent,South,Current,No,Excellent (800+),Lower-Middle ($40k-$65k),0
CUST-4464,Female,31,Bachelor,Employed,Married,1,56300.0,459.0,2,LN-2023-13464,Personal,30400.0,36,20.88,1143.45,0.294,2.0,1,Poor,Rent,East,Fully Paid,No,Poor (<580),Lower-Middle ($40k-$65k),0
CUST-4465,Male,50,Bachelor,Self-Employed,Married,2,220000.0,762.0,1,LN-2023-13465,Business,49000.0,24,13.99,2352.4,0.143,14.0,0,Excellent,Mortgage,South,Current,No,Very Good (740-799),High (>$95k),0
CUST-4466,Female,55,Master,Employed,Married,0,86100.0,801.0,2,LN-2023-13466,Business,56100.0,36,12.64,1880.52,0.312,21.0,0,Excellent,Own,East,Current,No,Excellent (800+),Upper-Middle ($65k-$95k),0
CUST-4467,Male,61,Master,Employed,Married,1,33000.0,712.0,0,LN-2023-13467,Auto,27100.0,36,13.09,914.28,0.332,10.0,0,Good,Mortgage,North,Current,No,Good (670-739),Low (<$40k),0
CUST-4468,Female,58,Master,Employed,Single,1,29500.0,612.0,2,LN-2023-13468,Home,83900.0,36,13.07,2829.75,0.75,3.0,0,Fair,Mortgage,North,Fully Paid,No,Fair (580-669),Low (<$40k),0
CUST-4469,Female,42,Bachelor,Employed,Single,1,87300.0,572.0,0,LN-2023-13469,Personal,9200.0,24,20.47,470.36,0.08,6.0,0,Poor,Own,Central,Fully Paid,No,Poor (<580),Upper-Middle ($65k-$95k),0
CUST-4470,Male,63,Bachelor,Employed,Divorced,1,192300.0,850.0,1,LN-2023-13470,Home,80900.0,48,6.97,1936.13,0.136,28.0,0,Excellent,Rent,North,Fully Paid,No,Excellent (800+),High (>$95k),0
CUST-4471,Male,47,Master,Employed,Married,1,75900.0,593.0,0,LN-2023-13471,Education,22900.0,48,16.69,657.11,0.115,20.0,0,Fair,Rent,North,Current,No,Fair (580-669),Upper-Middle ($65k-$95k),0
CUST-4472,Female,57,Bachelor,Employed,Single,0,53900.0,798.0,2,LN-2023-13472,Auto,38300.0,24,10.15,1770.0,0.517,28.0,0,Excellent,Mortgage,East,Current,No,Very Good (740-799),Lower-Middle ($40k-$65k),0
CUST-4473,Female,66,High School,Self-Employed,Single,0,68500.0,703.0,1,LN-2023-13473,Home,56900.0,36,11.2,1868.23,0.366,15.0,0,Good,Mortgage,South,Fully Paid,No,Good (670-739),Upper-Middle ($65k-$95k),0
CUST-4474,Female,55,High School,Self-Employed,Divorced,1,39400.0,843.0,4,LN-2023-13474,Education,25400.0,60,8.43,520.26,0.291,11.0,0,Excellent,Mortgage,East,Fully Paid,No,Excellent (800+),Low (<$40k),0
CUST-4475,Female,24,High School,Employed,Single,0,18000.0,642.0,4,LN-2023-13475,Home,101300.0,12,11.82,8991.85,0.75,1.0,1,Fair,Own,Central,Defaulted,Yes,Fair (580-669),Low (<$40k),1
CUST-4476,Female,36,Bachelor,Employed,Married,1,100300.0,533.0,5,LN-2023-13476,Education,19000.0,48,17.4,552.19,0.19,5.0,0,Poor,Rent,North,Current,No,Poor (<580),High (>$95k),0
CUST-4477,Female,36,High School,Employed,Married,1,37300.0,670.0,0,LN-2023-13477,Home,91700.0,36,11.73,3033.94,0.75,9.0,2,Fair,Mortgage,South,Fully Paid,No,Good (670-739),Low (<$40k),0
CUST-4478,Female,41,High School,Unemployed,Single,0,27600.0,543.0,2,LN-2023-13478,Personal,23600.0,36,17.45,846.7,0.537,0.0,0,Poor,Own,West,Defaulted,Yes,Poor (<580),Low (<$40k),1
CUST-4479,Male,46,Bachelor,Employed,Single,1,44600.0,850.0,1,LN-2023-13479,Auto,27700.0,48,9.31,693.4,0.231,8.0,0,Excellent,Own,North,Fully Paid,No,Excellent (800+),Lower-Middle ($40k-$65k),0
CUST-4480,Male,56,Bachelor,Employed,Single,1,66400.0,723.0,1,LN-2023-13480,Education,17300.0,36,13.93,590.68,0.155,1.0,0,Good,Rent,West,Fully Paid,No,Good (670-739),Upper-Middle ($65k-$95k),0
CUST-4481,Male,39,Bachelor,Employed,Married,0,92400.0,736.0,1,LN-2023-13481,Home,115100.0,24,10.83,5355.48,0.732,7.0,0,Good,Rent,South,Current,No,Good (670-739),Upper-Middle ($65k-$95k),0
CUST-4482,Female,37,Bachelor,Employed,Divorced,1,101800.0,736.0,0,LN-2023-13482,Home,129000.0,60,10.78,2790.64,0.329,3.0,0,Good,Mortgage,East,Fully Paid,No,Good (670-739),High (>$95k),0
CUST-4483,Male,65,High School,Employed,Married,3,54500.0,611.0,2,LN-2023-13483,Education,13400.0,48,17.0,386.66,0.186,1.0,1,Fair,Rent,East,Current,No,Fair (580-669),Lower-Middle ($40k-$65k),0
CUST-4484,Female,46,High School,Employed,Divorced,1,53300.0,658.0,4,LN-2023-13484,Education,36200.0,36,13.1,1221.47,0.365,10.0,0,Fair,Own,South,Fully Paid,No,Fair (580-669),Lower-Middle ($40k-$65k),0
CUST-4485,Female,42,Bachelor,Self-Employed,Single,1,95600.0,679.0,1,LN-2023-13485,Business,58200.0,36,15.39,2028.66,0.274,4.0,0,Good,Mortgage,East,Fully Paid,No,Good (670-739),High (>$95k),0
CUST-4486,Female,48,Bachelor,Self-Employed,Single,0,89100.0,835.0,1,LN-2023-13486,Home,83100.0,36,7.95,2602.14,0.386,11.0,0,Excellent,Rent,North,Current,No,Excellent (800+),Upper-Middle ($65k-$95k),0
CUST-4487,Male,21,Bachelor,Employed,Single,0,35200.0,571.0,3,LN-2023-13487,Auto,43900.0,48,15.23,1226.89,0.588,0.0,0,Poor,Mortgage,South,Fully Paid,No,Poor (<580),Low (<$40k),0
CUST-4488,Male,64,High School,Employed,Married,0,27700.0,608.0,1,LN-2023-13488,Education,37000.0,12,15.51,3348.47,0.75,22.0,0,Fair,Mortgage,West,Fully Paid,No,Fair (580-669),Low (<$40k),0
CUST-4489,Male,56,Master,Employed,Married,2,30100.0,668.0,3,LN-2023-13489,Home,68200.0,60,13.15,1557.0,0.75,30.0,0,Fair,Rent,Central,Defaulted,Yes,Fair (580-669),Low (<$40k),1
CUST-4490,Male,63,Bachelor,Unemployed,Married,0,31100.0,612.0,3,LN-2023-13490,Home,75500.0,12,12.91,6740.27,0.75,0.0,0,Fair,Mortgage,East,Current,No,Fair (580-669),Low (<$40k),0
CUST-4491,Male,57,High School,Self-Employed,Married,0,47300.0,545.0,1,LN-2023-13491,Auto,42400.0,36,14.77,1465.04,0.436,17.0,0,Poor,Own,West,Current,No,Poor (<580),Lower-Middle ($40k-$65k),0
CUST-4492,Female,22,High School,Employed,Single,2,71000.0,440.0,2,LN-2023-13492,Home,86700.0,36,17.09,3094.98,0.562,1.0,0,Poor,Rent,East,Fully Paid,No,Poor (<580),Upper-Middle ($65k-$95k),0
CUST-4493,Female,37,PhD,Employed,Married,0,111300.0,514.0,2,LN-2023-13493,Personal,11400.0,36,19.48,420.65,0.092,13.0,1,Poor,Own,North,Fully Paid,No,Poor (<580),High (>$95k),0
CUST-4494,Female,60,Bachelor,Employed,Single,0,40000.0,763.0,2,LN-2023-13494,Personal,30900.0,12,12.49,2752.52,0.75,13.0,0,Excellent,Mortgage,West,Defaulted,Yes,Very Good (740-799),Low (<$40k),1
CUST-4495,Female,58,Bachelor,Employed,Married,1,59600.0,669.0,0,LN-2023-13495,Auto,18200.0,36,13.15,614.55,0.124,5.0,0,Fair,Own,West,Fully Paid,No,Fair (580-669),Lower-Middle ($40k-$65k),0
CUST-4496,Male,41,Bachelor,Employed,Single,0,51200.0,741.0,2,LN-2023-13496,Home,96900.0,48,8.78,2401.25,0.645,5.0,0,Excellent,Rent,North,Fully Paid,No,Very Good (740-799),Lower-Middle ($40k-$65k),0
CUST-4497,Female,29,Master,Unemployed,Single,1,20700.0,620.0,0,LN-2023-13497,Education,20500.0,36,14.96,710.24,0.412,0.0,0,Fair,Mortgage,East,Fully Paid,No,Fair (580-669),Low (<$40k),0
CUST-4498,Female,33,Master,Employed,Married,0,117500.0,661.0,2,LN-2023-13498,Personal,16100.0,12,15.91,1460.08,0.193,4.0,0,Fair,Mortgage,Central,Fully Paid,No,Fair (580-669),High (>$95k),0
CUST-4499,Male,31,Bachelor,Employed,Married,0,194600.0,807.0,1,LN-2023-13499,Home,54000.0,12,7.48,4684.4,0.303,6.0,0,Excellent,Rent,Central,Current,No,Excellent (800+),High (>$95k),0
CUST-4500,Female,36,Bachelor,Self-Employed,Married,2,119500.0,801.0,0,LN-2023-13500,Business,38000.0,36,13.15,1283.12,0.129,0.0,0,Excellent,Mortgage,South,Current,No,Excellent (800+),High (>$95k),0
CUST-4501,Male,36,High School,Employed,Single,3,48500.0,750.0,2,LN-2023-13501,Auto,16300.0,12,11.04,1440.93,0.42,11.0,0,Excellent,Own,West,Current,No,Very Good (740-799),Lower-Middle ($40k-$65k),0
CUST-4502,Female,22,Master,Unemployed,Single,2,48000.0,687.0,1,LN-2023-13502,Home,108700.0,12,12.11,9663.46,0.75,0.0,2,Fair,Rent,North,Defaulted,Yes,Good (670-739),Lower-Middle ($40k-$65k),1
CUST-4503,Female,62,Bachelor,Employed,Married,2,135900.0,714.0,1,LN-2023-13503,Education,29700.0,36,13.21,1003.72,0.101,3.0,0,Good,Mortgage,South,Fully Paid,No,Good (670-739),High (>$95k),0
CUST-4504,Male,64,High School,Unemployed,Single,1,18000.0,701.0,0,LN-2023-13504,Auto,40200.0,24,12.7,1905.52,0.75,0.0,0,Good,Own,West,Defaulted,Yes,Good (670-739),Low (<$40k),1
CUST-4505,Female,28,Master,Employed,Married,1,135100.0,655.0,1,LN-2023-13505,Auto,36600.0,24,14.77,1770.61,0.175,6.0,0,Fair,Mortgage,East,Current,No,Fair (580-669),High (>$95k),0
CUST-4506,Female,63,Master,Employed,Single,1,110100.0,635.0,0,LN-2023-13506,Education,10400.0,36,15.01,360.57,0.08,34.0,0,Fair,Rent,West,Current,No,Fair (580-669),High (>$95k),0
CUST-4507,Female,62,PhD,Employed,Married,2,158400.0,765.0,0,LN-2023-13507,Personal,31400.0,24,14.21,1510.72,0.114,35.0,0,Excellent,Mortgage,West,Fully Paid,No,Very Good (740-799),High (>$95k),0
CUST-4508,Male,33,Master,Employed,Single,1,112200.0,559.0,0,LN-2023-13508,Home,61000.0,24,13.96,2927.63,0.313,9.0,0,Poor,Mortgage,South,Fully Paid,No,Poor (<580),High (>$95k),0
CUST-4509,Female,37,PhD,Employed,Divorced,0,83800.0,796.0,0,LN-2023-13509,Education,17900.0,36,11.07,586.62,0.084,2.0,0,Excellent,Rent,Central,Current,No,Very Good (740-799),Upper-Middle ($65k-$95k),0
CUST-4510,Male,59,High School,Unemployed,Single,2,42900.0,646.0,1,LN-2023-13510,Home,105100.0,24,12.37,4965.6,0.75,0.0,0,Fair,Rent,South,Defaulted,Yes,Fair (580-669),Lower-Middle ($40k-$65k),1
CUST-4511,Male,44,Master,Self-Employed,Married,2,104300.0,558.0,1,LN-2023-13511,Business,29800.0,12,19.39,2751.82,0.329,14.0,0,Poor,Mortgage,Central,Defaulted,Yes,Poor (<580),High (>$95k),1
CUST-4512,Male,23,Master,Employed,Married,2,64000.0,623.0,1,LN-2023-13512,Personal,7900.0,48,14.7,218.66,0.083,0.0,1,Fair,Mortgage,North,Fully Paid,No,Fair (580-669),Lower-Middle ($40k-$65k),0
CUST-4513,Female,50,High School,Employed,Single,0,61700.0,595.0,1,LN-2023-13513,Home,119500.0,36,14.52,4114.47,0.75,22.0,0,Fair,Rent,Central,Defaulted,Yes,Fair (580-669),Lower-Middle ($40k-$65k),1
CUST-4514,Female,33,High School,Self-Employed,Married,0,87500.0,621.0,3,LN-2023-13514,Home,73200.0,24,11.93,3443.39,0.564,3.0,0,Fair,Own,South,Fully Paid,No,Fair (580-669),Upper-Middle ($65k-$95k),0
CUST-4515,Female,39,PhD,Self-Employed,Married,0,111400.0,619.0,0,LN-2023-13515,Auto,35300.0,36,14.82,1220.58,0.131,5.0,0,Fair,Mortgage,East,Fully Paid,No,Fair (580-669),High (>$95k),0
CUST-4516,Female,27,Bachelor,Employed,Single,1,75000.0,616.0,2,LN-2023-13516,Personal,27900.0,60,16.05,679.22,0.15,5.0,0,Fair,Rent,North,Current,No,Fair (580-669),Upper-Middle ($65k-$95k),0
CUST-4517,Male,29,Master,Unemployed,Married,0,28300.0,643.0,3,LN-2023-13517,Personal,31200.0,60,17.7,787.19,0.536,0.0,0,Fair,Mortgage,North,Current,No,Fair (580-669),Low (<$40k),0
CUST-4518,Male,39,High School,Employed,Married,0,36500.0,664.0,0,LN-2023-13518,Business,34700.0,36,15.02,1203.23,0.396,0.0,0,Fair,Mortgage,North,Fully Paid,No,Fair (580-669),Low (<$40k),0
CUST-4519,Male,65,High School,Employed,Divorced,0,33900.0,734.0,1,LN-2023-13519,Education,10200.0,12,13.44,913.14,0.421,7.0,1,Good,Mortgage,East,Fully Paid,No,Good (670-739),Low (<$40k),0
CUST-4520,Male,60,Bachelor,Employed,Married,0,33400.0,649.0,1,LN-2023-13520,Home,108000.0,36,11.85,3579.41,0.75,14.0,0,Fair,Rent,South,Fully Paid,No,Fair (580-669),Low (<$40k),0
CUST-4521,Male,42,High School,Self-Employed,Married,2,111800.0,697.0,0,LN-2023-13521,Home,61000.0,12,10.85,5387.01,0.578,6.0,0,Good,Mortgage,South,Defaulted,Yes,Good (670-739),High (>$95k),1
CUST-4522,Male,38,Bachelor,Employed,Single,2,56900.0,670.0,0,LN-2023-13522,Home,94300.0,36,10.68,3072.99,0.648,10.0,0,Good,Rent,South,Fully Paid,No,Good (670-739),Lower-Middle ($40k-$65k),0
CUST-4523,Male,43,Bachelor,Employed,Divorced,0,18000.0,715.0,2,LN-2023-13523,Education,24100.0,60,13.92,559.77,0.627,13.0,0,Good,Mortgage,South,Current,No,Good (670-739),Low (<$40k),0
CUST-4524,Male,22,High School,Employed,Married,1,58700.0,673.0,1,LN-2023-13524,Auto,31300.0,36,13.39,1060.51,0.265,1.0,0,Good,Mortgage,Central,Fully Paid,No,Good (670-739),Lower-Middle ($40k-$65k),0
CUST-4525,Male,31,High School,Employed,Single,0,58100.0,615.0,1,LN-2023-13525,Education,28100.0,36,15.77,984.72,0.228,6.0,0,Fair,Mortgage,East,Defaulted,Yes,Fair (580-669),Lower-Middle ($40k-$65k),1
CUST-4526,Male,51,Bachelor,Employed,Single,0,27100.0,591.0,2,LN-2023-13526,Business,79600.0,24,16.15,3903.17,0.75,13.0,0,Fair,Mortgage,South,Current,No,Fair (580-669),Low (<$40k),0
CUST-4527,Female,53,High School,Employed,Married,2,33800.0,687.0,2,LN-2023-13527,Auto,20300.0,12,12.56,1808.95,0.75,20.0,0,Good,Rent,South,Current,No,Good (670-739),Low (<$40k),0
CUST-4528,Female,34,Master,Employed,Married,2,52500.0,778.0,1,LN-2023-13528,Personal,19100.0,60,13.86,443.04,0.165,7.0,0,Excellent,Mortgage,Central,Fully Paid,No,Very Good (740-799),Lower-Middle ($40k-$65k),0
CUST-4529,Female,36,Bachelor,Employed,Married,2,45000.0,650.0,1,LN-2023-13529,Home,73600.0,36,10.9,2406.09,0.675,6.0,0,Fair,Rent,South,Fully Paid,No,Fair (580-669),Lower-Middle ($40k-$65k),0
CUST-4530,Male,31,High School,Self-Employed,Single,1,97400.0,610.0,2,LN-2023-13530,Education,16800.0,24,15.63,819.61,0.154,0.0,0,Fair,Rent,South,Current,No,Fair (580-669),High (>$95k),0
CUST-4531,Male,53,Bachelor,Employed,Single,2,58800.0,648.0,1,LN-2023-13531,Auto,10800.0,36,13.58,366.92,0.13,2.0,0,Fair,Own,South,Current,No,Fair (580-669),Lower-Middle ($40k-$65k),0
CUST-4532,Female,27,High School,Self-Employed,Married,0,46600.0,622.0,2,LN-2023-13532,Education,26400.0,48,14.57,728.99,0.308,1.0,0,Fair,Rent,South,Fully Paid,No,Fair (580-669),Lower-Middle ($40k-$65k),0
CUST-4533,Male,51,High School,Employed,Single,0,81400.0,613.0,0,LN-2023-13533,Education,39100.0,24,15.67,1908.3,0.281,9.0,1,Fair,Mortgage,East,Fully Paid,No,Fair (580-669),Upper-Middle ($65k-$95k),0
CUST-4534,Male,66,High School,Employed,Single,0,61400.0,547.0,1,LN-2023-13534,Home,109700.0,36,14.39,3770.1,0.75,5.0,1,Poor,Own,West,Defaulted,Yes,Poor (<580),Lower-Middle ($40k-$65k),1
CUST-4535,Male,67,Master,Employed,Married,2,35600.0,649.0,1,LN-2023-13535,Home,65600.0,36,11.24,2155.12,0.75,17.0,0,Fair,Own,South,Fully Paid,No,Fair (580-669),Low (<$40k),0
CUST-4536,Male,34,Master,Employed,Single,0,59000.0,690.0,3,LN-2023-13536,Auto,37200.0,36,13.91,1269.78,0.327,2.0,0,Good,Own,North,Current,No,Good (670-739),Lower-Middle ($40k-$65k),0
CUST-4537,Male,48,Master,Employed,Married,0,90000.0,578.0,3,LN-2023-13537,Personal,11600.0,24,18.44,581.59,0.188,18.0,1,Poor,Own,West,Fully Paid,No,Poor (<580),Upper-Middle ($65k-$95k),0
CUST-4538,Male,63,Bachelor,Self-Employed,Divorced,1,47500.0,595.0,1,LN-2023-13538,Home,109100.0,36,11.8,3613.27,0.75,31.0,0,Fair,Rent,West,Current,No,Fair (580-669),Lower-Middle ($40k-$65k),0
CUST-4539,Female,36,Bachelor,Unemployed,Single,0,54800.0,589.0,1,LN-2023-13539,Personal,27800.0,12,17.63,2543.81,0.613,0.0,0,Fair,Rent,North,Fully Paid,No,Fair (580-669),Lower-Middle ($40k-$65k),0
CUST-4540,Male,39,Bachelor,Employed,Single,0,66100.0,552.0,0,LN-2023-13540,Education,17400.0,48,16.92,501.36,0.091,6.0,0,Poor,Rent,East,Fully Paid,No,Poor (<580),Upper-Middle ($65k-$95k),0
CUST-4541,Male,37,Bachelor,Employed,Single,0,44800.0,588.0,2,LN-2023-13541,Business,20200.0,36,17.59,726.13,0.336,7.0,0,Fair,Rent,Central,Fully Paid,No,Fair (580-669),Lower-Middle ($40k-$65k),0
CUST-4542,Female,46,PhD,Unemployed,Single,0,19600.0,653.0,1,LN-2023-13542,Personal,11800.0,60,14.11,275.24,0.277,0.0,3,Fair,Mortgage,North,Defaulted,Yes,Fair (580-669),Low (<$40k),1
CUST-4543,Male,26,High School,Employed,Single,2,74500.0,555.0,2,LN-2023-13543,Auto,17800.0,36,16.13,626.94,0.182,4.0,0,Poor,Rent,Central,Fully Paid,No,Poor (<580),Upper-Middle ($65k-$95k),0
CUST-4544,Male,63,High School,Employed,Single,1,36700.0,658.0,3,LN-2023-13544,Auto,33500.0,24,14.35,1613.98,0.668,19.0,0,Fair,Rent,North,Fully Paid,No,Fair (580-669),Low (<$40k),0
CUST-4545,Female,29,Bachelor,Unemployed,Divorced,0,26100.0,610.0,0,LN-2023-13545,Education,15900.0,36,15.32,553.67,0.255,0.0,0,Fair,Mortgage,Central,Fully Paid,No,Fair (580-669),Low (<$40k),0
CUST-4546,Male,37,Master,Unemployed,Single,0,18000.0,591.0,2,LN-2023-13546,Auto,11400.0,36,15.34,397.09,0.601,0.0,0,Fair,Rent,East,Defaulted,Yes,Fair (580-669),Low (<$40k),1
CUST-4547,Male,51,Master,Employed,Married,2,80300.0,702.0,1,LN-2023-13547,Personal,18400.0,36,16.07,647.53,0.115,26.0,0,Good,Rent,West,Fully Paid,No,Good (670-739),Upper-Middle ($65k-$95k),0
CUST-4548,Male,32,Bachelor,Employed,Divorced,1,47200.0,615.0,0,LN-2023-13548,Personal,28400.0,36,16.16,1000.7,0.254,1.0,0,Fair,Mortgage,North,Fully Paid,No,Fair (580-669),Lower-Middle ($40k-$65k),0
CUST-4549,Male,43,PhD,Employed,Single,2,80500.0,630.0,2,LN-2023-13549,Personal,16100.0,24,17.46,799.58,0.172,16.0,0,Fair,Mortgage,North,Current,No,Fair (580-669),Upper-Middle ($65k-$95k),0
CUST-4550,Female,25,Bachelor,Self-Employed,Single,1,50500.0,780.0,1,LN-2023-13550,Business,46300.0,48,13.68,1257.8,0.345,2.0,0,Excellent,Rent,Central,Fully Paid,No,Very Good (740-799),Lower-Middle ($40k-$65k),0
CUST-4551,Female,63,Master,Self-Employed,Divorced,0,142000.0,591.0,2,LN-2023-13551,Home,60200.0,60,12.16,1343.99,0.148,1.0,0,Fair,Mortgage,Central,Current,No,Fair (580-669),High (>$95k),0
CUST-4552,Male,56,PhD,Employed,Married,4,74400.0,803.0,0,LN-2023-13552,Business,47100.0,24,13.42,2248.52,0.363,29.0,0,Excellent,Rent,South,Defaulted,Yes,Excellent (800+),Upper-Middle ($65k-$95k),1
CUST-4553,Female,56,Master,Self-Employed,Married,1,83900.0,640.0,1,LN-2023-13553,Home,73100.0,48,13.48,1978.55,0.3,29.0,0,Fair,Rent,South,Current,No,Fair (580-669),Upper-Middle ($65k-$95k),0
CUST-4554,Male,23,Bachelor,Self-Employed,Married,0,69300.0,573.0,5,LN-2023-13554,Auto,47800.0,12,15.93,4335.35,0.75,1.0,1,Poor,Rent,North,Defaulted,Yes,Poor (<580),Upper-Middle ($65k-$95k),1
CUST-4555,Male,44,High School,Employed,Single,0,101400.0,622.0,2,LN-2023-13555,Education,7000.0,24,15.5,341.07,0.082,19.0,0,Fair,Rent,Central,Current,No,Fair (580-669),High (>$95k),0
CUST-4556,Female,37,Bachelor,Self-Employed,Single,0,107900.0,675.0,2,LN-2023-13556,Education,14100.0,36,13.2,476.44,0.086,2.0,1,Good,Rent,Central,Fully Paid,No,Good (670-739),High (>$95k),0
CUST-4557,Male,59,Bachelor,Employed,Divorced,0,89700.0,776.0,1,LN-2023-13557,Personal,5000.0,36,13.29,169.17,0.08,22.0,0,Excellent,Rent,North,Fully Paid,No,Very Good (740-799),Upper-Middle ($65k-$95k),0
CUST-4558,Male,46,Master,Employed,Married,3,38300.0,737.0,0,LN-2023-13558,Personal,27900.0,36,13.87,951.8,0.298,4.0,0,Good,Mortgage,South,Current,No,Good (670-739),Low (<$40k),0
CUST-4559,Male,24,High School,Employed,Single,3,36500.0,675.0,4,LN-2023-13559,Personal,15100.0,36,16.23,532.59,0.426,1.0,0,Good,Mortgage,Central,Fully Paid,No,Good (670-739),Low (<$40k),0
CUST-4560,Male,65,Bachelor,Self-Employed,Divorced,0,123400.0,777.0,0,LN-2023-13560,Education,33100.0,12,11.34,2930.68,0.285,29.0,0,Excellent,Rent,North,Fully Paid,No,Very Good (740-799),High (>$95k),0
CUST-4561,Male,32,Master,Employed,Single,0,46000.0,510.0,5,LN-2023-13561,Education,29500.0,24,17.17,1460.96,0.643,4.0,1,Poor,Rent,Central,Fully Paid,No,Poor (<580),Lower-Middle ($40k-$65k),0
CUST-4562,Female,21,High School,Employed,Married,2,51000.0,691.0,0,LN-2023-13562,Personal,29900.0,12,16.09,2714.13,0.639,0.0,0,Good,Mortgage,North,Defaulted,Yes,Good (670-739),Lower-Middle ($40k-$65k),1
CUST-4563,Male,41,Bachelor,Self-Employed,Single,0,44800.0,696.0,0,LN-2023-13563,Personal,3700.0,60,16.66,91.28,0.08,7.0,0,Good,Own,North,Fully Paid,No,Good (670-739),Lower-Middle ($40k-$65k),0
CUST-4564,Male,39,Bachelor,Employed,Divorced,1,40700.0,697.0,1,LN-2023-13564,Home,62600.0,36,10.9,2046.48,0.636,4.0,0,Good,Own,North,Current,No,Good (670-739),Lower-Middle ($40k-$65k),0
CUST-4565,Male,41,Bachelor,Unemployed,Divorced,2,46900.0,533.0,1,LN-2023-13565,Auto,36700.0,48,15.47,1030.15,0.308,0.0,0,Poor,Rent,West,Defaulted,Yes,Poor (<580),Lower-Middle ($40k-$65k),1
CUST-4566,Female,38,High School,Employed,Single,1,67900.0,583.0,2,LN-2023-13566,Home,94700.0,36,13.5,3213.67,0.61,10.0,0,Fair,Own,North,Fully Paid,No,Fair (580-669),Upper-Middle ($65k-$95k),0
CUST-4567,Female,63,Master,Employed,Divorced,2,121100.0,655.0,4,LN-2023-13567,Business,68600.0,24,16.32,3369.37,0.421,7.0,0,Fair,Rent,North,Fully Paid,No,Fair (580-669),High (>$95k),0
CUST-4568,Female,23,Bachelor,Employed,Married,2,89500.0,764.0,1,LN-2023-13568,Education,25600.0,36,12.57,857.27,0.136,2.0,0,Excellent,Mortgage,West,Fully Paid,No,Very Good (740-799),Upper-Middle ($65k-$95k),0
CUST-4569,Female,64,Master,Self-Employed,Married,3,84100.0,832.0,0,LN-2023-13569,Personal,19800.0,36,12.27,660.2,0.094,10.0,0,Excellent,Mortgage,East,Current,No,Excellent (800+),Upper-Middle ($65k-$95k),0
CUST-4570,Female,52,Bachelor,Employed,Divorced,0,46100.0,613.0,2,LN-2023-13570,Personal,30000.0,36,17.93,1083.52,0.338,10.0,0,Fair,Rent,Central,Current,No,Fair (580-669),Lower-Middle ($40k-$65k),0
CUST-4571,Male,30,Bachelor,Employed,Married,2,52500.0,558.0,2,LN-2023-13571,Home,123300.0,36,14.53,4245.91,0.75,2.0,0,Poor,Rent,East,Current,No,Poor (<580),Lower-Middle ($40k-$65k),0
CUST-4572,Female,60,High School,Self-Employed,Married,0,51800.0,739.0,1,LN-2023-13572,Home,48200.0,36,9.83,1551.43,0.41,22.0,0,Good,Rent,North,Current,No,Good (670-739),Lower-Middle ($40k-$65k),0
CUST-4573,Female,35,High School,Employed,Married,0,109200.0,850.0,0,LN-2023-13573,Education,20100.0,36,10.67,654.91,0.08,1.0,0,Excellent,Own,North,Current,No,Excellent (800+),High (>$95k),0
CUST-4574,Female,25,Bachelor,Unemployed,Single,0,18000.0,764.0,1,LN-2023-13574,Home,88400.0,24,10.14,4084.93,0.75,0.0,0,Excellent,Own,West,Defaulted,Yes,Very Good (740-799),Low (<$40k),1
CUST-4575,Female,24,High School,Self-Employed,Single,1,44000.0,606.0,2,LN-2023-13575,Home,75400.0,48,12.2,1992.98,0.612,1.0,0,Fair,Rent,Central,Defaulted,Yes,Fair (580-669),Lower-Middle ($40k-$65k),1
CUST-4576,Male,48,Bachelor,Employed,Married,0,41700.0,850.0,1,LN-2023-13576,Home,49200.0,36,8.27,1547.88,0.505,8.0,0,Excellent,Mortgage,West,Current,No,Excellent (800+),Lower-Middle ($40k-$65k),0
CUST-4577,Male,24,Bachelor,Employed,Divorced,2,101100.0,728.0,2,LN-2023-13577,Personal,16700.0,36,14.7,576.46,0.133,3.0,0,Good,Rent,South,Fully Paid,No,Good (670-739),High (>$95k),0
CUST-4578,Male,35,Bachelor,Employed,Divorced,1,144800.0,602.0,0,LN-2023-13578,Home,127900.0,48,12.88,3423.62,0.284,1.0,2,Fair,Own,West,Defaulted,Yes,Fair (580-669),High (>$95k),1
CUST-4579,Female,37,High School,Employed,Married,0,56400.0,834.0,3,LN-2023-13579,Education,8500.0,24,10.38,393.72,0.229,12.0,0,Excellent,Own,North,Fully Paid,No,Excellent (800+),Lower-Middle ($40k-$65k),0
CUST-4580,Male,64,Master,Self-Employed,Married,2,106700.0,596.0,0,LN-2023-13580,Education,33800.0,60,16.56,832.04,0.094,6.0,0,Fair,Mortgage,West,Current,No,Fair (580-669),High (>$95k),0
CUST-4581,Male,23,PhD,Unemployed,Single,2,33800.0,617.0,1,LN-2023-13581,Personal,8700.0,24,18.09,434.72,0.197,0.0,0,Fair,Own,South,Fully Paid,No,Fair (580-669),Low (<$40k),0
CUST-4582,Female,30,High School,Employed,Single,1,59800.0,731.0,1,LN-2023-13582,Auto,31900.0,24,12.55,1509.85,0.357,1.0,0,Good,Mortgage,Central,Current,No,Good (670-739),Lower-Middle ($40k-$65k),0
CUST-4583,Male,67,High School,Employed,Married,0,69500.0,667.0,2,LN-2023-13583,Auto,24700.0,48,13.81,672.61,0.155,8.0,0,Fair,Rent,South,Current,No,Fair (580-669),Upper-Middle ($65k-$95k),0
CUST-4584,Female,62,PhD,Employed,Married,2,112400.0,673.0,0,LN-2023-13584,Auto,23300.0,36,13.42,789.79,0.084,4.0,0,Good,Own,South,Fully Paid,No,Good (670-739),High (>$95k),0
CUST-4585,Male,43,High School,Employed,Married,2,61500.0,673.0,4,LN-2023-13585,Auto,43100.0,48,15.38,1207.82,0.451,10.0,0,Good,Rent,South,Fully Paid,No,Good (670-739),Lower-Middle ($40k-$65k),0
CUST-4586,Male,38,PhD,Employed,Married,0,131600.0,764.0,2,LN-2023-13586,Education,39100.0,36,11.51,1289.55,0.146,15.0,0,Excellent,Rent,East,Fully Paid,No,Very Good (740-799),High (>$95k),0
CUST-4587,Male,21,High School,Employed,Married,0,22100.0,472.0,0,LN-2023-13587,Personal,14200.0,36,20.1,528.45,0.287,0.0,1,Poor,Rent,North,Defaulted,Yes,Poor (<580),Low (<$40k),1
CUST-4588,Female,55,Master,Employed,Single,1,77900.0,694.0,2,LN-2023-13588,Home,99400.0,24,11.24,4643.9,0.75,13.0,0,Good,Mortgage,North,Defaulted,Yes,Good (670-739),Upper-Middle ($65k-$95k),1
CUST-4589,Male,51,Bachelor,Employed,Single,2,72100.0,645.0,2,LN-2023-13589,Education,24900.0,48,13.98,680.18,0.194,10.0,0,Fair,Rent,West,Current,No,Fair (580-669),Upper-Middle ($65k-$95k),0
CUST-4590,Male,64,Master,Self-Employed,Single,0,90900.0,606.0,2,LN-2023-13590,Education,8600.0,24,16.2,421.91,0.107,13.0,0,Fair,Mortgage,Central,Fully Paid,No,Fair (580-669),Upper-Middle ($65k-$95k),0
CUST-4591,Female,21,Bachelor,Employed,Married,0,58200.0,605.0,3,LN-2023-13591,Personal,4200.0,60,16.46,103.17,0.16,0.0,3,Fair,Rent,West,Current,No,Fair (580-669),Lower-Middle ($40k-$65k),0
CUST-4592,Male,23,Bachelor,Self-Employed,Single,2,77700.0,445.0,2,LN-2023-13592,Auto,39400.0,36,18.01,1424.6,0.27,2.0,0,Poor,Mortgage,South,Fully Paid,No,Poor (<580),Upper-Middle ($65k-$95k),0
CUST-4593,Female,23,High School,Employed,Married,0,35500.0,602.0,1,LN-2023-13593,Personal,14400.0,36,17.27,515.34,0.238,0.0,0,Fair,Mortgage,South,Fully Paid,No,Fair (580-669),Low (<$40k),0
CUST-4594,Female,57,High School,Self-Employed,Married,3,25400.0,779.0,2,LN-2023-13594,Education,16500.0,12,10.96,1457.99,0.75,24.0,1,Good,Mortgage,North,Defaulted,Yes,Very Good (740-799),Low (<$40k),1
CUST-4595,Male,39,Master,Employed,Single,0,121100.0,740.0,2,LN-2023-13595,Auto,47500.0,60,12.75,1074.7,0.154,4.0,0,Excellent,Rent,West,Current,No,Very Good (740-799),High (>$95k),0
CUST-4596,Female,49,Bachelor,Self-Employed,Single,1,43400.0,653.0,1,LN-2023-13596,Personal,5500.0,48,15.51,154.49,0.08,9.0,0,Fair,Own,North,Current,No,Fair (580-669),Lower-Middle ($40k-$65k),0
CUST-4597,Male,45,Master,Self-Employed,Married,0,83300.0,550.0,1,LN-2023-13597,Auto,20200.0,36,15.53,705.49,0.132,9.0,1,Poor,Rent,East,Fully Paid,No,Poor (<580),Upper-Middle ($65k-$95k),0
CUST-4598,Female,53,Bachelor,Employed,Single,3,44900.0,739.0,3,LN-2023-13598,Home,117800.0,60,9.57,2478.05,0.75,8.0,0,Good,Mortgage,West,Current,No,Good (670-739),Lower-Middle ($40k-$65k),0
CUST-4599,Male,56,Master,Employed,Divorced,2,159000.0,781.0,1,LN-2023-13599,Personal,15000.0,60,14.21,350.66,0.08,3.0,0,Excellent,Mortgage,East,Current,No,Very Good (740-799),High (>$95k),0
CUST-4600,Female,49,Bachelor,Unemployed,Single,3,21200.0,757.0,2,LN-2023-13600,Education,25900.0,36,13.16,874.67,0.61,0.0,0,Excellent,Rent,East,Current,No,Very Good (740-799),Low (<$40k),0
CUST-4601,Male,46,PhD,Self-Employed,Single,2,92800.0,587.0,1,LN-2023-13601,Personal,4400.0,24,18.25,220.2,0.08,2.0,0,Fair,Rent,Central,Fully Paid,No,Fair (580-669),Upper-Middle ($65k-$95k),0
CUST-4602,Female,24,PhD,Unemployed,Divorced,0,45500.0,596.0,2,LN-2023-13602,Home,123200.0,36,12.27,4107.91,0.75,0.0,0,Fair,Rent,South,Defaulted,Yes,Fair (580-669),Lower-Middle ($40k-$65k),1
CUST-4603,Male,34,Bachelor,Self-Employed,Single,0,190800.0,810.0,1,LN-2023-13603,Auto,15200.0,36,10.05,490.82,0.08,3.0,0,Excellent,Rent,West,Current,No,Excellent (800+),High (>$95k),0
CUST-4604,Male,47,Master,Employed,Single,1,93400.0,567.0,2,LN-2023-13604,Education,13300.0,36,17.43,477.03,0.113,18.0,1,Poor,Rent,West,Fully Paid,No,Poor (<580),Upper-Middle ($65k-$95k),0
CUST-4605,Male,53,Master,Employed,Married,1,65700.0,710.0,0,LN-2023-13605,Personal,7500.0,60,15.2,179.21,0.08,4.0,0,Good,Mortgage,North,Fully Paid,No,Good (670-739),Upper-Middle ($65k-$95k),0
CUST-4606,Male,42,High School,Employed,Married,3,67200.0,518.0,2,LN-2023-13606,Auto,28900.0,24,15.89,1413.52,0.336,14.0,0,Poor,Mortgage,Central,Fully Paid,No,Poor (<580),Upper-Middle ($65k-$95k),0
CUST-4607,Female,23,Bachelor,Unemployed,Single,0,18000.0,644.0,1,LN-2023-13607,Personal,26700.0,48,18.17,786.69,0.692,0.0,0,Fair,Mortgage,West,Defaulted,Yes,Fair (580-669),Low (<$40k),1
CUST-4608,Male,43,High School,Employed,Single,2,50100.0,719.0,2,LN-2023-13608,Education,15100.0,60,12.58,340.33,0.147,6.0,0,Good,Mortgage,North,Fully Paid,No,Good (670-739),Lower-Middle ($40k-$65k),0
CUST-4609,Female,41,Master,Employed,Married,3,190900.0,667.0,1,LN-2023-13609,Personal,7100.0,48,16.08,201.51,0.08,15.0,0,Fair,Rent,West,Fully Paid,No,Fair (580-669),High (>$95k),0
CUST-4610,Female,61,High School,Self-Employed,Divorced,0,60600.0,714.0,0,LN-2023-13610,Auto,25600.0,36,12.11,851.63,0.169,15.0,1,Good,Rent,North,Fully Paid,No,Good (670-739),Lower-Middle ($40k-$65k),0
CUST-4611,Female,43,High School,Self-Employed,Married,2,59300.0,565.0,1,LN-2023-13611,Auto,47300.0,36,15.2,1644.31,0.376,3.0,0,Poor,Mortgage,South,Current,No,Poor (<580),Lower-Middle ($40k-$65k),0
CUST-4612,Male,24,Bachelor,Employed,Single,1,63500.0,600.0,4,LN-2023-13612,Personal,3300.0,48,18.51,97.82,0.203,3.0,0,Fair,Rent,South,Defaulted,Yes,Fair (580-669),Lower-Middle ($40k-$65k),1
CUST-4613,Male,41,Bachelor,Employed,Married,2,52600.0,710.0,2,LN-2023-13613,Personal,17600.0,12,15.32,1591.21,0.455,3.0,0,Good,Mortgage,South,Fully Paid,No,Good (670-739),Lower-Middle ($40k-$65k),0
CUST-4614,Female,57,Master,Employed,Married,0,89700.0,729.0,1,LN-2023-13614,Personal,22400.0,48,14.98,623.18,0.107,18.0,0,Good,Own,West,Current,No,Good (670-739),Upper-Middle ($65k-$95k),0
CUST-4615,Male,63,PhD,Employed,Single,0,131500.0,688.0,4,LN-2023-13615,Education,33400.0,36,12.77,1121.68,0.202,21.0,0,Good,Rent,West,Fully Paid,No,Good (670-739),High (>$95k),0
CUST-4616,Male,51,Bachelor,Self-Employed,Married,0,62300.0,750.0,2,LN-2023-13616,Home,108400.0,36,9.59,3476.93,0.75,10.0,0,Excellent,Own,East,Defaulted,Yes,Very Good (740-799),Lower-Middle ($40k-$65k),1
CUST-4617,Female,41,High School,Employed,Married,4,18000.0,529.0,1,LN-2023-13617,Business,25200.0,48,18.53,747.25,0.614,17.0,0,Poor,Own,East,Fully Paid,No,Poor (<580),Low (<$40k),0
CUST-4618,Female,46,Master,Self-Employed,Single,2,110400.0,630.0,2,LN-2023-13618,Personal,16400.0,24,16.36,805.82,0.145,18.0,0,Fair,Own,South,Current,No,Fair (580-669),High (>$95k),0
CUST-4619,Female,61,Bachelor,Self-Employed,Single,0,188800.0,824.0,1,LN-2023-13619,Personal,5300.0,60,13.0,120.59,0.08,29.0,0,Excellent,Mortgage,North,Current,No,Excellent (800+),High (>$95k),0
CUST-4620,Male,55,Bachelor,Employed,Single,4,53100.0,779.0,0,LN-2023-13620,Business,63400.0,48,13.23,1708.11,0.386,28.0,0,Excellent,Own,South,Defaulted,Yes,Very Good (740-799),Lower-Middle ($40k-$65k),1
CUST-4621,Female,58,Bachelor,Employed,Divorced,1,32400.0,723.0,2,LN-2023-13621,Auto,12900.0,36,12.88,433.91,0.354,15.0,0,Good,Own,North,Current,No,Good (670-739),Low (<$40k),0
CUST-4622,Male,44,Bachelor,Employed,Married,2,85300.0,656.0,0,LN-2023-13622,Education,7600.0,36,14.87,262.97,0.08,2.0,0,Fair,Mortgage,Central,Fully Paid,No,Fair (580-669),Upper-Middle ($65k-$95k),0
CUST-4623,Male,31,Bachelor,Employed,Single,0,137800.0,757.0,1,LN-2023-13623,Business,41400.0,24,13.64,1980.7,0.185,7.0,0,Excellent,Own,East,Current,No,Very Good (740-799),High (>$95k),0
CUST-4624,Female,61,Master,Employed,Single,0,98800.0,706.0,2,LN-2023-13624,Business,85700.0,36,15.39,2987.21,0.394,13.0,1,Good,Own,Central,Current,No,Good (670-739),High (>$95k),0
CUST-4625,Male,49,Bachelor,Self-Employed,Divorced,1,157100.0,541.0,3,LN-2023-13625,Personal,23600.0,48,18.57,700.3,0.091,5.0,0,Poor,Rent,North,Current,No,Poor (<580),High (>$95k),0
CUST-4626,Male,67,Master,Employed,Divorced,0,111200.0,754.0,0,LN-2023-13626,Personal,3100.0,12,13.66,277.84,0.08,19.0,0,Excellent,Mortgage,East,Current,No,Very Good (740-799),High (>$95k),0
CUST-4627,Male,23,Bachelor,Self-Employed,Single,1,99400.0,596.0,1,LN-2023-13627,Personal,11300.0,36,16.95,402.59,0.08,2.0,0,Fair,Mortgage,North,Defaulted,Yes,Fair (580-669),High (>$95k),1
CUST-4628,Female,21,High School,Employed,Single,1,38900.0,734.0,2,LN-2023-13628,Education,6600.0,48,12.71,176.11,0.216,0.0,0,Good,Rent,East,Fully Paid,No,Good (670-739),Low (<$40k),0
CUST-4629,Female,39,Master,Employed,Married,0,88500.0,532.0,2,LN-2023-13629,Home,70000.0,36,14.08,2395.15,0.36,13.0,0,Poor,Rent,East,Defaulted,Yes,Poor (<580),Upper-Middle ($65k-$95k),1
CUST-4630,Female,66,Bachelor,Unemployed,Married,0,21700.0,805.0,3,LN-2023-13630,Auto,36000.0,36,11.55,1187.99,0.75,0.0,0,Excellent,Rent,West,Current,No,Excellent (800+),Low (<$40k),0
CUST-4631,Female,42,High School,Employed,Single,3,47700.0,646.0,0,LN-2023-13631,Education,31800.0,24,15.73,1552.93,0.391,8.0,0,Fair,Rent,West,Current,No,Fair (580-669),Lower-Middle ($40k-$65k),0
CUST-4632,Male,34,Bachelor,Employed,Single,0,56100.0,575.0,2,LN-2023-13632,Auto,40600.0,36,15.98,1426.97,0.383,2.0,0,Poor,Rent,East,Current,No,Poor (<580),Lower-Middle ($40k-$65k),0
CUST-4633,Male,34,Bachelor,Employed,Single,0,69600.0,611.0,0,LN-2023-13633,Personal,29400.0,48,17.53,856.42,0.148,10.0,0,Fair,Mortgage,East,Current,No,Fair (580-669),Upper-Middle ($65k-$95k),0
CUST-4634,Male,64,Master,Employed,Single,1,43400.0,641.0,2,LN-2023-13634,Home,76100.0,36,12.21,2535.25,0.75,36.0,0,Fair,Mortgage,North,Defaulted,Yes,Fair (580-669),Lower-Middle ($40k-$65k),1
CUST-4635,Male,36,Bachelor,Self-Employed,Married,1,104200.0,669.0,0,LN-2023-13635,Personal,28000.0,24,17.74,1394.36,0.161,4.0,0,Fair,Mortgage,South,Fully Paid,No,Fair (580-669),High (>$95k),0
CUST-4636,Male,53,Bachelor,Employed,Single,2,42400.0,782.0,3,LN-2023-13636,Home,106900.0,12,10.47,9421.59,0.75,8.0,0,Excellent,Rent,South,Defaulted,Yes,Very Good (740-799),Lower-Middle ($40k-$65k),1
CUST-4637,Female,33,High School,Employed,Married,2,43900.0,675.0,0,LN-2023-13637,Personal,18600.0,36,15.81,652.18,0.178,4.0,1,Good,Rent,East,Fully Paid,No,Good (670-739),Lower-Middle ($40k-$65k),0
CUST-4638,Male,58,Bachelor,Employed,Married,0,73000.0,485.0,2,LN-2023-13638,Personal,30700.0,48,19.99,934.05,0.221,26.0,0,Poor,Own,South,Current,No,Poor (<580),Upper-Middle ($65k-$95k),0
CUST-4639,Male,32,PhD,Self-Employed,Married,0,70300.0,565.0,1,LN-2023-13639,Education,38200.0,24,16.6,1881.36,0.343,0.0,0,Poor,Mortgage,North,Fully Paid,No,Poor (<580),Upper-Middle ($65k-$95k),0
CUST-4640,Male,58,Master,Employed,Divorced,2,32100.0,850.0,1,LN-2023-13640,Business,82800.0,36,11.07,2713.51,0.75,7.0,0,Excellent,Own,Central,Current,No,Excellent (800+),Low (<$40k),0
CUST-4641,Male,59,High School,Employed,Married,3,41300.0,681.0,2,LN-2023-13641,Business,34200.0,36,14.36,1174.86,0.465,23.0,0,Good,Rent,West,Current,No,Good (670-739),Lower-Middle ($40k-$65k),0
CUST-4642,Female,53,Bachelor,Employed,Single,1,33000.0,750.0,0,LN-2023-13642,Personal,9000.0,24,13.36,429.4,0.156,11.0,0,Excellent,Rent,South,Fully Paid,No,Very Good (740-799),Low (<$40k),0
CUST-4643,Male,53,Bachelor,Employed,Married,0,86600.0,643.0,1,LN-2023-13643,Education,36600.0,24,14.44,1764.89,0.26,9.0,0,Fair,Rent,North,Current,No,Fair (580-669),Upper-Middle ($65k-$95k),0
CUST-4644,Male,49,Bachelor,Employed,Married,0,37400.0,584.0,0,LN-2023-13644,Auto,25100.0,36,14.79,867.52,0.278,21.0,0,Fair,Rent,East,Fully Paid,No,Fair (580-669),Low (<$40k),0
CUST-4645,Female,25,Master,Employed,Divorced,0,151900.0,629.0,0,LN-2023-13645,Education,33100.0,48,15.98,937.72,0.08,3.0,0,Fair,Rent,South,Current,No,Fair (580-669),High (>$95k),0
CUST-4646,Male,26,Master,Employed,Single,2,77600.0,680.0,0,LN-2023-13646,Education,29400.0,36,12.81,987.91,0.153,4.0,0,Good,Rent,Central,Current,No,Good (670-739),Upper-Middle ($65k-$95k),0
CUST-4647,Male,51,Bachelor,Employed,Married,0,64600.0,630.0,1,LN-2023-13647,Business,73400.0,48,15.81,2073.04,0.407,7.0,0,Fair,Rent,East,Fully Paid,No,Fair (580-669),Lower-Middle ($40k-$65k),0
CUST-4648,Male,36,Master,Employed,Married,0,31900.0,833.0,2,LN-2023-13648,Personal,3800.0,36,11.19,124.75,0.219,12.0,0,Excellent,Rent,Central,Current,No,Excellent (800+),Low (<$40k),0
CUST-4649,Female,51,Bachelor,Unemployed,Divorced,0,23500.0,617.0,2,LN-2023-13649,Education,20600.0,48,14.77,570.91,0.408,0.0,0,Fair,Mortgage,East,Defaulted,Yes,Fair (580-669),Low (<$40k),1
CUST-4650,Female,45,High School,Self-Employed,Married,1,54500.0,580.0,0,LN-2023-13650,Auto,42600.0,48,15.26,1191.21,0.262,15.0,0,Fair,Mortgage,West,Fully Paid,No,Fair (580-669),Lower-Middle ($40k-$65k),0
CUST-4651,Female,66,Bachelor,Employed,Single,0,35000.0,738.0,0,LN-2023-13651,Personal,17200.0,48,14.51,474.43,0.163,6.0,0,Good,Rent,East,Fully Paid,No,Good (670-739),Low (<$40k),0
CUST-4652,Male,53,PhD,Employed,Married,1,96500.0,749.0,2,LN-2023-13652,Home,103700.0,36,9.8,3336.38,0.441,17.0,0,Excellent,Own,South,Current,No,Very Good (740-799),High (>$95k),0
CUST-4653,Female,33,Master,Employed,Married,2,65100.0,672.0,1,LN-2023-13653,Personal,24900.0,60,15.58,599.98,0.134,0.0,0,Good,Rent,North,Fully Paid,No,Good (670-739),Upper-Middle ($65k-$95k),0
CUST-4654,Male,30,Bachelor,Self-Employed,Married,0,65600.0,618.0,0,LN-2023-13654,Business,28500.0,12,16.27,2589.47,0.474,6.0,0,Fair,Rent,West,Fully Paid,No,Fair (580-669),Upper-Middle ($65k-$95k),0
CUST-4655,Male,44,Bachelor,Employed,Single,1,63600.0,508.0,1,LN-2023-13655,Education,11300.0,24,17.92,563.71,0.154,15.0,2,Poor,Rent,Central,Fully Paid,No,Poor (<580),Lower-Middle ($40k-$65k),0
CUST-4656,Male,30,Master,Self-Employed,Single,0,90900.0,773.0,0,LN-2023-13656,Auto,37500.0,48,10.66,963.03,0.16,6.0,0,Excellent,Rent,West,Fully Paid,No,Very Good (740-799),Upper-Middle ($65k-$95k),0
CUST-4657,Male,61,Bachelor,Employed,Married,0,70200.0,743.0,0,LN-2023-13657,Home,49600.0,48,10.5,1269.93,0.217,6.0,0,Excellent,Mortgage,South,Current,No,Very Good (740-799),Upper-Middle ($65k-$95k),0
CUST-4658,Male,51,Bachelor,Employed,Single,1,60500.0,632.0,2,LN-2023-13658,Personal,12900.0,48,15.86,364.67,0.146,16.0,0,Fair,Rent,West,Fully Paid,No,Fair (580-669),Lower-Middle ($40k-$65k),0
CUST-4659,Female,33,PhD,Unemployed,Single,1,40200.0,675.0,1,LN-2023-13659,Education,37200.0,60,13.43,854.63,0.336,0.0,1,Good,Mortgage,East,Current,No,Good (670-739),Lower-Middle ($40k-$65k),0
CUST-4660,Female,23,Master,Self-Employed,Divorced,2,70600.0,650.0,4,LN-2023-13660,Personal,19700.0,36,17.93,711.51,0.206,0.0,0,Fair,Rent,West,Fully Paid,No,Fair (580-669),Upper-Middle ($65k-$95k),0
CUST-4661,Male,54,Bachelor,Self-Employed,Married,1,44800.0,808.0,3,LN-2023-13661,Home,122400.0,60,10.05,2603.65,0.75,27.0,0,Excellent,Rent,North,Fully Paid,No,Excellent (800+),Lower-Middle ($40k-$65k),0
CUST-4662,Male,48,Bachelor,Employed,Married,2,45700.0,581.0,2,LN-2023-13662,Education,16500.0,24,15.07,800.58,0.343,16.0,0,Fair,Own,East,Defaulted,Yes,Fair (580-669),Lower-Middle ($40k-$65k),1
CUST-4663,Male,39,Bachelor,Employed,Single,1,120300.0,617.0,1,LN-2023-13663,Auto,34200.0,60,15.57,823.88,0.099,1.0,0,Fair,Rent,East,Fully Paid,No,Fair (580-669),High (>$95k),0
CUST-4664,Male,43,High School,Employed,Married,1,75500.0,609.0,0,LN-2023-13664,Auto,20900.0,36,16.03,735.09,0.117,4.0,0,Fair,Own,West,Fully Paid,No,Fair (580-669),Upper-Middle ($65k-$95k),0
CUST-4665,Female,65,PhD,Employed,Married,1,160200.0,696.0,1,LN-2023-13665,Personal,6200.0,24,16.23,304.25,0.08,25.0,0,Good,Rent,West,Current,No,Good (670-739),High (>$95k),0
CUST-4666,Male,52,Bachelor,Employed,Divorced,0,112000.0,674.0,1,LN-2023-13666,Personal,31700.0,48,15.93,897.25,0.123,13.0,0,Good,Own,South,Fully Paid,No,Good (670-739),High (>$95k),0
CUST-4667,Female,33,Master,Employed,Married,0,63100.0,687.0,3,LN-2023-13667,Auto,16700.0,24,11.84,784.88,0.214,8.0,0,Good,Own,North,Fully Paid,No,Good (670-739),Lower-Middle ($40k-$65k),0
CUST-4668,Male,53,High School,Employed,Married,1,56100.0,595.0,0,LN-2023-13668,Personal,8500.0,24,17.77,423.41,0.091,8.0,3,Fair,Own,Central,Defaulted,Yes,Fair (580-669),Lower-Middle ($40k-$65k),1
CUST-4669,Male,54,Bachelor,Employed,Married,0,65100.0,796.0,2,LN-2023-13669,Home,116600.0,24,9.08,5331.12,0.75,19.0,0,Excellent,Own,West,Current,No,Very Good (740-799),Upper-Middle ($65k-$95k),0
CUST-4670,Male,53,High School,Self-Employed,Single,1,76000.0,631.0,2,LN-2023-13670,Home,113200.0,12,12.58,10088.42,0.75,5.0,0,Fair,Own,East,Defaulted,Yes,Fair (580-669),Upper-Middle ($65k-$95k),1
CUST-4671,Male,25,Master,Self-Employed,Married,1,78600.0,770.0,2,LN-2023-13671,Home,128100.0,48,9.69,3229.91,0.543,2.0,0,Excellent,Mortgage,South,Defaulted,Yes,Very Good (740-799),Upper-Middle ($65k-$95k),1
CUST-4672,Male,23,Bachelor,Employed,Divorced,3,65600.0,850.0,1,LN-2023-13672,Home,51100.0,36,7.03,1578.52,0.338,2.0,0,Excellent,Mortgage,Central,Fully Paid,No,Excellent (800+),Upper-Middle ($65k-$95k),0
CUST-4673,Female,27,Bachelor,Employed,Single,2,64900.0,595.0,2,LN-2023-13673,Home,53000.0,60,12.87,1202.39,0.277,3.0,0,Fair,Mortgage,North,Fully Paid,No,Fair (580-669),Lower-Middle ($40k-$65k),0
CUST-4674,Male,44,High School,Employed,Single,0,62400.0,699.0,4,LN-2023-13674,Auto,27100.0,36,11.25,890.43,0.311,1.0,0,Good,Own,Central,Current,No,Good (670-739),Lower-Middle ($40k-$65k),0
CUST-4675,Female,42,High School,Self-Employed,Married,1,75800.0,658.0,0,LN-2023-13675,Personal,20200.0,48,16.95,582.35,0.092,18.0,0,Fair,Own,South,Fully Paid,No,Fair (580-669),Upper-Middle ($65k-$95k),0
CUST-4676,Male,65,High School,Employed,Married,0,51200.0,842.0,0,LN-2023-13676,Personal,4100.0,60,11.65,90.48,0.08,6.0,0,Excellent,Mortgage,North,Current,No,Excellent (800+),Lower-Middle ($40k-$65k),0
CUST-4677,Male,43,Bachelor,Self-Employed,Single,0,76400.0,646.0,1,LN-2023-13677,Education,11400.0,12,14.41,1025.77,0.191,14.0,0,Fair,Own,South,Current,No,Fair (580-669),Upper-Middle ($65k-$95k),0
CUST-4678,Male,50,Bachelor,Self-Employed,Married,2,80000.0,691.0,1,LN-2023-13678,Home,104800.0,12,11.28,9276.09,0.75,13.0,0,Good,Mortgage,West,Defaulted,Yes,Good (670-739),Upper-Middle ($65k-$95k),1
CUST-4679,Female,38,Bachelor,Employed,Divorced,0,131900.0,689.0,0,LN-2023-13679,Home,101800.0,36,10.75,3320.76,0.302,4.0,0,Good,Own,South,Defaulted,Yes,Good (670-739),High (>$95k),1
CUST-4680,Male,52,Bachelor,Employed,Married,0,28900.0,661.0,0,LN-2023-13680,Home,52600.0,60,11.01,1143.91,0.475,5.0,0,Fair,Rent,East,Defaulted,Yes,Fair (580-669),Low (<$40k),1
CUST-4681,Female,27,Bachelor,Unemployed,Married,3,18000.0,734.0,0,LN-2023-13681,Personal,30000.0,48,14.83,832.34,0.555,0.0,0,Good,Rent,West,Fully Paid,No,Good (670-739),Low (<$40k),0
CUST-4682,Male,53,Bachelor,Employed,Married,2,85100.0,677.0,2,LN-2023-13682,Personal,10400.0,36,14.66,358.79,0.09,5.0,0,Good,Rent,East,Fully Paid,No,Good (670-739),Upper-Middle ($65k-$95k),0
CUST-4683,Female,25,High School,Employed,Single,2,55400.0,710.0,1,LN-2023-13683,Home,120400.0,24,11.22,5623.89,0.75,3.0,0,Good,Rent,West,Fully Paid,No,Good (670-739),Lower-Middle ($40k-$65k),0
CUST-4684,Male,48,High School,Unemployed,Married,2,19300.0,688.0,3,LN-2023-13684,Home,123500.0,48,11.63,3229.84,0.75,0.0,0,Good,Own,North,Defaulted,Yes,Good (670-739),Low (<$40k),1
CUST-4685,Female,28,Master,Employed,Married,2,105100.0,618.0,1,LN-2023-13685,Home,86700.0,36,12.32,2892.95,0.355,5.0,0,Fair,Rent,South,Fully Paid,No,Fair (580-669),High (>$95k),0
CUST-4686,Female,35,Bachelor,Self-Employed,Single,0,79600.0,647.0,2,LN-2023-13686,Personal,14900.0,12,16.22,1353.44,0.263,6.0,0,Fair,Rent,South,Current,No,Fair (580-669),Upper-Middle ($65k-$95k),0
CUST-4687,Female,24,High School,Unemployed,Single,1,18000.0,717.0,1,LN-2023-13687,Personal,11100.0,48,14.33,305.16,0.295,0.0,0,Good,Mortgage,North,Fully Paid,No,Good (670-739),Low (<$40k),0
CUST-4688,Male,54,High School,Self-Employed,Single,1,74900.0,716.0,2,LN-2023-13688,Home,113600.0,60,10.28,2429.34,0.471,3.0,0,Good,Rent,South,Defaulted,Yes,Good (670-739),Upper-Middle ($65k-$95k),1
CUST-4689,Male,25,Master,Employed,Single,0,78600.0,775.0,1,LN-2023-13689,Home,61700.0,12,9.11,5398.9,0.75,3.0,0,Excellent,Rent,West,Fully Paid,No,Very Good (740-799),Upper-Middle ($65k-$95k),0
CUST-4690,Male,53,Master,Employed,Single,2,63600.0,828.0,0,LN-2023-13690,Education,27200.0,24,10.36,1259.67,0.238,13.0,0,Excellent,Mortgage,North,Fully Paid,No,Excellent (800+),Lower-Middle ($40k-$65k),0
CUST-4691,Female,25,Bachelor,Employed,Married,1,85800.0,625.0,4,LN-2023-13691,Personal,19400.0,48,18.06,570.48,0.222,2.0,0,Fair,Rent,North,Current,No,Fair (580-669),Upper-Middle ($65k-$95k),0
CUST-4692,Male,58,Bachelor,Self-Employed,Married,0,96900.0,681.0,3,LN-2023-13692,Business,37400.0,36,14.39,1285.34,0.236,13.0,0,Good,Rent,West,Current,No,Good (670-739),High (>$95k),0
CUST-4693,Female,54,Bachelor,Self-Employed,Single,0,79600.0,653.0,1,LN-2023-13693,Business,88800.0,60,15.6,2140.62,0.35,10.0,1,Fair,Mortgage,South,Current,No,Fair (580-669),Upper-Middle ($65k-$95k),0
CUST-4694,Male,46,PhD,Employed,Married,0,201000.0,575.0,4,LN-2023-13694,Auto,42200.0,60,16.16,1029.81,0.119,11.0,0,Poor,Rent,West,Fully Paid,No,Poor (<580),High (>$95k),0
CUST-4695,Male,21,Master,Employed,Single,3,141400.0,717.0,1,LN-2023-13695,Auto,10800.0,24,13.96,518.34,0.08,0.0,0,Good,Rent,Central,Current,No,Good (670-739),High (>$95k),0
CUST-4696,Male,24,Bachelor,Employed,Married,1,98700.0,736.0,1,LN-2023-13696,Business,49600.0,36,13.8,1690.4,0.222,1.0,0,Good,Rent,South,Current,No,Good (670-739),High (>$95k),0
CUST-4697,Female,59,Master,Self-Employed,Married,1,220000.0,578.0,2,LN-2023-13697,Personal,13400.0,36,18.79,489.77,0.08,29.0,0,Poor,Mortgage,North,Current,No,Poor (<580),High (>$95k),0
CUST-4698,Female,46,Master,Self-Employed,Married,1,83800.0,638.0,1,LN-2023-13698,Home,120000.0,12,11.46,10631.56,0.75,7.0,1,Fair,Rent,South,Defaulted,Yes,Fair (580-669),Upper-Middle ($65k-$95k),1
CUST-4699,Female,53,Bachelor,Self-Employed,Single,1,58700.0,629.0,1,LN-2023-13699,Personal,10700.0,12,16.69,974.32,0.23,16.0,0,Fair,Rent,Central,Defaulted,Yes,Fair (580-669),Lower-Middle ($40k-$65k),1
CUST-4700,Male,53,Bachelor,Self-Employed,Single,2,106500.0,541.0,1,LN-2023-13700,Auto,47900.0,36,16.41,1693.73,0.216,8.0,0,Poor,Mortgage,East,Fully Paid,No,Poor (<580),High (>$95k),0
CUST-4701,Female,28,High School,Self-Employed,Married,1,50400.0,666.0,1,LN-2023-13701,Personal,8800.0,36,15.66,307.91,0.118,5.0,0,Fair,Rent,South,Fully Paid,No,Fair (580-669),Lower-Middle ($40k-$65k),0
CUST-4702,Female,40,High School,Self-Employed,Married,3,56800.0,572.0,0,LN-2023-13702,Business,37100.0,36,17.72,1336.05,0.282,2.0,1,Poor,Own,East,Fully Paid,No,Poor (<580),Lower-Middle ($40k-$65k),0
CUST-4703,Male,36,Bachelor,Employed,Divorced,4,40300.0,683.0,0,LN-2023-13703,Home,101600.0,24,10.32,4703.34,0.75,2.0,0,Good,Rent,North,Defaulted,Yes,Good (670-739),Lower-Middle ($40k-$65k),1
CUST-4704,Female,41,Bachelor,Employed,Married,4,82600.0,692.0,3,LN-2023-13704,Business,31300.0,36,15.85,1098.1,0.22,14.0,0,Good,Mortgage,West,Current,No,Good (670-739),Upper-Middle ($65k-$95k),0
CUST-4705,Female,65,Master,Self-Employed,Single,1,46200.0,703.0,1,LN-2023-13705,Personal,28800.0,36,14.71,994.28,0.294,7.0,0,Good,Rent,West,Current,No,Good (670-739),Lower-Middle ($40k-$65k),0
CUST-4706,Female,46,PhD,Employed,Divorced,3,88900.0,707.0,0,LN-2023-13706,Auto,14200.0,60,12.28,317.88,0.08,14.0,0,Good,Mortgage,West,Current,No,Good (670-739),Upper-Middle ($65k-$95k),0
CUST-4707,Female,43,High School,Employed,Divorced,0,48800.0,800.0,2,LN-2023-13707,Auto,47400.0,24,10.15,2190.55,0.648,18.0,0,Excellent,Rent,South,Current,No,Excellent (800+),Lower-Middle ($40k-$65k),0
CUST-4708,Male,38,Bachelor,Employed,Divorced,2,51700.0,601.0,1,LN-2023-13708,Home,119300.0,60,12.57,2688.25,0.661,8.0,0,Fair,Rent,West,Defaulted,Yes,Fair (580-669),Lower-Middle ($40k-$65k),1
CUST-4709,Male,51,Master,Employed,Married,3,35300.0,605.0,0,LN-2023-13709,Education,34500.0,36,15.59,1205.95,0.41,5.0,0,Fair,Own,Central,Fully Paid,No,Fair (580-669),Low (<$40k),0
CUST-4710,Female,62,Master,Employed,Divorced,3,35200.0,725.0,4,LN-2023-13710,Home,79600.0,36,10.39,2583.07,0.75,11.0,0,Good,Rent,Central,Fully Paid,No,Good (670-739),Low (<$40k),0
CUST-4711,Male,32,Master,Employed,Single,2,55600.0,658.0,3,LN-2023-13711,Personal,17900.0,24,18.09,894.42,0.373,8.0,2,Fair,Rent,East,Fully Paid,No,Fair (580-669),Lower-Middle ($40k-$65k),0
CUST-4712,Female,21,Bachelor,Employed,Single,0,80100.0,765.0,0,LN-2023-13712,Business,51900.0,48,13.6,1407.85,0.211,0.0,0,Excellent,Own,South,Defaulted,Yes,Very Good (740-799),Upper-Middle ($65k-$95k),1
CUST-4713,Female,62,Bachelor,Employed,Married,0,71600.0,717.0,3,LN-2023-13713,Home,128900.0,48,10.46,3297.79,0.63,25.0,0,Good,Rent,South,Fully Paid,No,Good (670-739),Upper-Middle ($65k-$95k),0
CUST-4714,Female,29,Bachelor,Employed,Divorced,0,62400.0,833.0,3,LN-2023-13714,Personal,4000.0,48,13.41,108.13,0.109,6.0,0,Excellent,Rent,East,Current,No,Excellent (800+),Lower-Middle ($40k-$65k),0
CUST-4715,Female,23,PhD,Self-Employed,Single,2,71700.0,662.0,2,LN-2023-13715,Home,77400.0,36,11.89,2566.72,0.522,1.0,0,Fair,Rent,East,Current,No,Fair (580-669),Upper-Middle ($65k-$95k),0
CUST-4716,Male,46,Bachelor,Employed,Single,0,73300.0,544.0,1,LN-2023-13716,Auto,46800.0,24,16.26,2297.29,0.404,17.0,0,Poor,Own,West,Fully Paid,No,Poor (<580),Upper-Middle ($65k-$95k),0
CUST-4717,Male,29,Master,Employed,Married,1,34600.0,698.0,0,LN-2023-13717,Home,76400.0,36,10.85,2495.81,0.75,2.0,0,Good,Mortgage,North,Defaulted,Yes,Good (670-739),Low (<$40k),1
CUST-4718,Male,62,Bachelor,Employed,Married,1,21400.0,663.0,0,LN-2023-13718,Auto,25100.0,60,13.85,582.08,0.326,18.0,0,Fair,Mortgage,East,Fully Paid,No,Fair (580-669),Low (<$40k),0
CUST-4719,Male,36,PhD,Employed,Divorced,1,83200.0,715.0,2,LN-2023-13719,Auto,34000.0,36,13.25,1149.69,0.195,9.0,0,Good,Rent,South,Fully Paid,No,Good (670-739),Upper-Middle ($65k-$95k),0
CUST-4720,Male,44,Bachelor,Employed,Married,3,49200.0,726.0,3,LN-2023-13720,Personal,29300.0,60,15.77,708.94,0.291,3.0,0,Good,Rent,West,Current,No,Good (670-739),Lower-Middle ($40k-$65k),0
CUST-4721,Male,34,Bachelor,Self-Employed,Married,1,114100.0,624.0,2,LN-2023-13721,Home,70000.0,24,13.29,3337.47,0.396,3.0,0,Fair,Mortgage,South,Current,No,Fair (580-669),High (>$95k),0
CUST-4722,Female,23,Bachelor,Self-Employed,Single,2,77600.0,584.0,0,LN-2023-13722,Auto,46000.0,48,15.78,1298.48,0.201,1.0,0,Fair,Rent,East,Fully Paid,No,Fair (580-669),Upper-Middle ($65k-$95k),0
CUST-4723,Female,54,Bachelor,Employed,Married,1,132100.0,657.0,1,LN-2023-13723,Auto,20700.0,48,13.99,565.55,0.08,19.0,0,Fair,Mortgage,North,Fully Paid,No,Fair (580-669),High (>$95k),0
CUST-4724,Male,53,Bachelor,Employed,Married,2,49100.0,467.0,1,LN-2023-13724,Personal,26600.0,48,21.95,837.34,0.267,14.0,0,Poor,Own,South,Current,No,Poor (<580),Lower-Middle ($40k-$65k),0
CUST-4725,Male,44,High School,Employed,Married,0,61100.0,676.0,2,LN-2023-13725,Home,68400.0,48,11.1,1771.16,0.395,16.0,0,Good,Own,East,Fully Paid,No,Good (670-739),Lower-Middle ($40k-$65k),0
CUST-4726,Female,29,High School,Unemployed,Married,0,18000.0,635.0,0,LN-2023-13726,Business,25100.0,36,17.12,896.38,0.598,0.0,0,Fair,Rent,South,Current,No,Fair (580-669),Low (<$40k),0
CUST-4727,Male,33,Bachelor,Unemployed,Married,3,41000.0,743.0,2,LN-2023-13727,Education,33600.0,48,13.28,906.08,0.407,0.0,0,Excellent,Mortgage,North,Defaulted,Yes,Very Good (740-799),Lower-Middle ($40k-$65k),1
CUST-4728,Male,22,Master,Employed,Married,2,71000.0,501.0,2,LN-2023-13728,Auto,27100.0,60,18.01,688.31,0.177,1.0,1,Poor,Rent,East,Current,No,Poor (<580),Upper-Middle ($65k-$95k),0
CUST-4729,Male,27,Bachelor,Employed,Married,1,92300.0,670.0,0,LN-2023-13729,Personal,14300.0,36,15.53,499.43,0.08,5.0,0,Good,Own,North,Fully Paid,No,Good (670-739),Upper-Middle ($65k-$95k),0
CUST-4730,Female,41,High School,Self-Employed,Single,1,34800.0,803.0,0,LN-2023-13730,Auto,26300.0,60,12.6,593.03,0.204,13.0,0,Excellent,Mortgage,Central,Fully Paid,No,Excellent (800+),Low (<$40k),0
CUST-4731,Male,39,Master,Self-Employed,Divorced,0,74300.0,727.0,0,LN-2023-13731,Personal,20700.0,12,15.98,1877.93,0.303,5.0,0,Good,Rent,Central,Fully Paid,No,Good (670-739),Upper-Middle ($65k-$95k),0
CUST-4732,Female,45,Bachelor,Employed,Married,1,60500.0,753.0,3,LN-2023-13732,Auto,20000.0,12,12.48,1781.47,0.487,8.0,1,Good,Own,North,Current,No,Very Good (740-799),Lower-Middle ($40k-$65k),0
CUST-4733,Male,67,PhD,Unemployed,Married,0,57400.0,698.0,1,LN-2023-13733,Auto,19000.0,36,12.24,633.25,0.156,0.0,0,Good,Rent,North,Current,No,Good (670-739),Lower-Middle ($40k-$65k),0
CUST-4734,Male,42,Bachelor,Employed,Married,1,23400.0,528.0,1,LN-2023-13734,Home,86100.0,48,15.37,2412.41,0.75,12.0,1,Poor,Mortgage,Central,Defaulted,Yes,Poor (<580),Low (<$40k),1
CUST-4735,Male,31,High School,Employed,Single,1,42300.0,684.0,2,LN-2023-13735,Personal,4000.0,24,14.13,192.3,0.197,8.0,0,Good,Own,South,Fully Paid,No,Good (670-739),Lower-Middle ($40k-$65k),0
CUST-4736,Male,53,Bachelor,Self-Employed,Divorced,1,61300.0,704.0,1,LN-2023-13736,Auto,34400.0,48,12.65,916.9,0.215,5.0,0,Good,Rent,North,Fully Paid,No,Good (670-739),Lower-Middle ($40k-$65k),0
CUST-4737,Female,52,Bachelor,Employed,Married,1,24700.0,578.0,0,LN-2023-13737,Education,34000.0,36,16.16,1198.03,0.582,14.0,1,Poor,Mortgage,Central,Defaulted,Yes,Poor (<580),Low (<$40k),1
CUST-4738,Female,41,High School,Self-Employed,Married,3,45800.0,659.0,2,LN-2023-13738,Auto,37600.0,24,13.49,1796.24,0.546,2.0,0,Fair,Rent,Central,Current,No,Fair (580-669),Lower-Middle ($40k-$65k),0
CUST-4739,Female,59,High School,Employed,Single,1,24500.0,423.0,2,LN-2023-13739,Auto,27800.0,24,20.1,1416.26,0.75,9.0,0,Poor,Rent,North,Current,No,Poor (<580),Low (<$40k),0
CUST-4740,Female,40,High School,Employed,Single,3,18000.0,641.0,0,LN-2023-13740,Personal,19400.0,12,16.77,1767.26,0.75,11.0,0,Fair,Rent,North,Defaulted,Yes,Fair (580-669),Low (<$40k),1
CUST-4741,Female,28,Bachelor,Employed,Married,1,55900.0,632.0,0,LN-2023-13741,Auto,11000.0,36,13.72,374.46,0.08,0.0,0,Fair,Mortgage,West,Fully Paid,No,Fair (580-669),Lower-Middle ($40k-$65k),0
CUST-4742,Female,62,Bachelor,Employed,Single,1,55000.0,789.0,2,LN-2023-13742,Auto,44700.0,36,11.47,1473.39,0.417,23.0,0,Excellent,Rent,South,Fully Paid,No,Very Good (740-799),Lower-Middle ($40k-$65k),0
CUST-4743,Female,57,Bachelor,Employed,Single,0,56300.0,618.0,2,LN-2023-13743,Home,92400.0,24,12.98,4392.0,0.75,28.0,0,Fair,Mortgage,West,Defaulted,Yes,Fair (580-669),Lower-Middle ($40k-$65k),1
CUST-4744,Male,29,High School,Unemployed,Divorced,0,19300.0,647.0,0,LN-2023-13744,Auto,22000.0,60,12.84,498.77,0.31,0.0,0,Fair,Mortgage,North,Fully Paid,No,Fair (580-669),Low (<$40k),0
CUST-4745,Male,45,Bachelor,Employed,Married,1,42300.0,663.0,2,LN-2023-13745,Auto,21200.0,48,14.65,586.26,0.25,20.0,0,Fair,Mortgage,Central,Fully Paid,No,Fair (580-669),Lower-Middle ($40k-$65k),0
CUST-4746,Male,45,Bachelor,Self-Employed,Divorced,0,161900.0,619.0,3,LN-2023-13746,Auto,35100.0,36,14.75,1212.46,0.114,4.0,1,Fair,Rent,South,Current,No,Fair (580-669),High (>$95k),0
CUST-4747,Female,53,Bachelor,Employed,Married,2,61900.0,731.0,0,LN-2023-13747,Personal,19900.0,36,15.41,693.84,0.135,21.0,0,Good,Mortgage,East,Fully Paid,No,Good (670-739),Lower-Middle ($40k-$65k),0
CUST-4748,Male,22,High School,Self-Employed,Single,1,100700.0,500.0,1,LN-2023-13748,Personal,8400.0,24,20.09,427.89,0.08,1.0,1,Poor,Mortgage,West,Current,No,Poor (<580),High (>$95k),0
CUST-4749,Male,39,High School,Employed,Single,3,23100.0,766.0,2,LN-2023-13749,Business,48700.0,36,13.51,1652.88,0.75,1.0,0,Excellent,Rent,South,Current,No,Very Good (740-799),Low (<$40k),0
CUST-4750,Female,66,Bachelor,Employed,Married,4,43200.0,668.0,0,LN-2023-13750,Home,102500.0,60,11.9,2274.88,0.632,16.0,1,Fair,Rent,North,Fully Paid,No,Fair (580-669),Lower-Middle ($40k-$65k),0
CUST-4751,Female,40,High School,Employed,Single,0,66900.0,780.0,2,LN-2023-13751,Personal,11600.0,60,13.57,267.33,0.104,15.0,0,Excellent,Mortgage,East,Fully Paid,No,Very Good (740-799),Upper-Middle ($65k-$95k),0
CUST-4752,Female,62,Bachelor,Employed,Married,0,56800.0,436.0,3,LN-2023-13752,Education,23300.0,12,19.41,2151.81,0.611,7.0,0,Poor,Rent,South,Defaulted,Yes,Poor (<580),Lower-Middle ($40k-$65k),1
CUST-4753,Male,61,Bachelor,Employed,Married,1,38800.0,462.0,2,LN-2023-13753,Personal,10400.0,12,21.06,968.68,0.398,32.0,1,Poor,Rent,South,Defaulted,Yes,Poor (<580),Low (<$40k),1
CUST-4754,Female,62,Bachelor,Employed,Married,0,27500.0,645.0,0,LN-2023-13754,Home,51100.0,60,12.21,1142.12,0.498,19.0,0,Fair,Mortgage,North,Fully Paid,No,Fair (580-669),Low (<$40k),0
CUST-4755,Male,49,High School,Self-Employed,Single,0,78500.0,713.0,2,LN-2023-13755,Personal,14300.0,24,15.44,696.35,0.19,2.0,0,Good,Mortgage,North,Defaulted,Yes,Good (670-739),Upper-Middle ($65k-$95k),1
CUST-4756,Male,26,Bachelor,Self-Employed,Married,2,96900.0,622.0,1,LN-2023-13756,Business,71200.0,36,16.66,2526.44,0.345,2.0,0,Fair,Mortgage,West,Defaulted,Yes,Fair (580-669),High (>$95k),1
CUST-4757,Male,37,Bachelor,Unemployed,Divorced,4,24500.0,719.0,0,LN-2023-13757,Home,63200.0,12,10.08,5558.64,0.75,0.0,0,Good,Rent,East,Defaulted,Yes,Good (670-739),Low (<$40k),1
CUST-4758,Male,45,Master,Employed,Married,2,62300.0,753.0,0,LN-2023-13758,Auto,38700.0,48,12.28,1024.45,0.197,7.0,0,Excellent,Rent,North,Fully Paid,No,Very Good (740-799),Lower-Middle ($40k-$65k),0
CUST-4759,Male,58,Master,Unemployed,Married,1,18000.0,726.0,3,LN-2023-13759,Auto,35400.0,12,13.34,3167.48,0.75,0.0,0,Good,Mortgage,West,Current,No,Good (670-739),Low (<$40k),0
CUST-4760,Female,24,Bachelor,Self-Employed,Married,1,70600.0,678.0,1,LN-2023-13760,Personal,17700.0,36,15.52,618.09,0.152,1.0,0,Good,Mortgage,North,Fully Paid,No,Good (670-739),Upper-Middle ($65k-$95k),0
CUST-4761,Male,50,Bachelor,Employed,Single,1,34800.0,678.0,3,LN-2023-13761,Home,127600.0,12,11.6,11313.24,0.75,14.0,0,Good,Mortgage,West,Fully Paid,No,Good (670-739),Low (<$40k),0
CUST-4762,Female,40,Bachelor,Employed,Married,1,44800.0,617.0,0,LN-2023-13762,Home,120100.0,24,11.74,5638.95,0.75,8.0,0,Fair,Mortgage,North,Defaulted,Yes,Fair (580-669),Lower-Middle ($40k-$65k),1
CUST-4763,Female,23,Master,Employed,Married,1,137300.0,665.0,2,LN-2023-13763,Business,59400.0,36,17.23,2124.58,0.207,1.0,0,Fair,Mortgage,Central,Current,No,Fair (580-669),High (>$95k),0
CUST-4764,Male,43,High School,Employed,Married,0,21300.0,582.0,0,LN-2023-13764,Education,25000.0,12,16.8,2277.75,0.75,2.0,0,Fair,Rent,Central,Fully Paid,No,Fair (580-669),Low (<$40k),0
CUST-4765,Male,38,PhD,Employed,Married,3,125900.0,603.0,0,LN-2023-13765,Education,15400.0,24,15.13,747.65,0.08,12.0,0,Fair,Mortgage,North,Current,No,Fair (580-669),High (>$95k),0
CUST-4766,Male,46,Bachelor,Employed,Single,2,123200.0,713.0,5,LN-2023-13766,Home,123200.0,24,10.37,5706.12,0.624,10.0,0,Good,Mortgage,North,Fully Paid,No,Good (670-739),High (>$95k),0
CUST-4767,Female,56,Bachelor,Self-Employed,Single,2,104400.0,630.0,0,LN-2023-13767,Home,121200.0,12,13.29,10841.75,0.75,25.0,1,Fair,Rent,North,Defaulted,Yes,Fair (580-669),High (>$95k),1
CUST-4768,Male,28,High School,Employed,Married,3,58700.0,607.0,1,LN-2023-13768,Home,108100.0,60,13.07,2463.48,0.543,5.0,0,Fair,Rent,West,Defaulted,Yes,Fair (580-669),Lower-Middle ($40k-$65k),1
CUST-4769,Male,37,Bachelor,Employed,Married,0,51000.0,708.0,3,LN-2023-13769,Auto,14900.0,36,13.17,503.26,0.204,4.0,0,Good,Rent,North,Current,No,Good (670-739),Lower-Middle ($40k-$65k),0
CUST-4770,Male,51,Bachelor,Self-Employed,Single,0,54100.0,702.0,2,LN-2023-13770,Auto,36700.0,48,12.17,969.52,0.272,0.0,0,Good,Rent,West,Fully Paid,No,Good (670-739),Lower-Middle ($40k-$65k),0
CUST-4771,Female,57,High School,Self-Employed,Married,2,20500.0,651.0,1,LN-2023-13771,Education,14600.0,36,14.88,505.26,0.356,28.0,0,Fair,Rent,West,Current,No,Fair (580-669),Low (<$40k),0
CUST-4772,Female,65,Bachelor,Unemployed,Divorced,4,22400.0,657.0,2,LN-2023-13772,Education,12400.0,12,14.24,1114.76,0.747,0.0,0,Fair,Mortgage,South,Defaulted,Yes,Fair (580-669),Low (<$40k),1
CUST-4773,Male,53,Master,Employed,Married,1,64900.0,705.0,2,LN-2023-13773,Personal,25000.0,48,15.5,702.12,0.226,21.0,0,Good,Mortgage,West,Fully Paid,No,Good (670-739),Lower-Middle ($40k-$65k),0
CUST-4774,Female,47,Bachelor,Employed,Married,0,45900.0,752.0,0,LN-2023-13774,Education,38600.0,12,11.98,3429.2,0.75,2.0,0,Excellent,Mortgage,West,Fully Paid,No,Very Good (740-799),Lower-Middle ($40k-$65k),0
CUST-4775,Female,65,Bachelor,Employed,Single,2,62300.0,687.0,1,LN-2023-13775,Auto,14100.0,36,13.04,475.36,0.125,26.0,0,Good,Rent,West,Fully Paid,No,Good (670-739),Lower-Middle ($40k-$65k),0
CUST-4776,Female,24,High School,Employed,Divorced,0,50500.0,568.0,1,LN-2023-13776,Home,58900.0,24,13.88,2824.62,0.727,0.0,2,Poor,Rent,North,Defaulted,Yes,Poor (<580),Lower-Middle ($40k-$65k),1
CUST-4777,Female,42,Bachelor,Employed,Married,1,47200.0,651.0,1,LN-2023-13777,Auto,18300.0,36,13.57,621.64,0.202,1.0,0,Fair,Own,South,Fully Paid,No,Fair (580-669),Lower-Middle ($40k-$65k),0
CUST-4778,Female,46,Bachelor,Employed,Married,0,129900.0,635.0,0,LN-2023-13778,Education,38700.0,60,16.42,949.77,0.088,11.0,1,Fair,Mortgage,North,Defaulted,Yes,Fair (580-669),High (>$95k),1
CUST-4779,Female,52,Bachelor,Unemployed,Married,3,30600.0,580.0,0,LN-2023-13779,Auto,36500.0,60,14.8,864.51,0.339,0.0,2,Fair,Rent,East,Defaulted,Yes,Fair (580-669),Low (<$40k),1
CUST-4780,Female,44,Bachelor,Employed,Divorced,1,94100.0,712.0,1,LN-2023-13780,Personal,22700.0,36,15.49,792.36,0.117,2.0,0,Good,Rent,South,Current,No,Good (670-739),Upper-Middle ($65k-$95k),0
CUST-4781,Male,66,Bachelor,Employed,Single,3,60000.0,718.0,1,LN-2023-13781,Home,87900.0,36,10.72,2866.09,0.596,37.0,0,Good,Own,Central,Fully Paid,No,Good (670-739),Lower-Middle ($40k-$65k),0
CUST-4782,Male,55,Bachelor,Employed,Married,0,79100.0,731.0,1,LN-2023-13782,Business,57600.0,12,15.05,5200.24,0.75,26.0,0,Good,Rent,North,Current,No,Good (670-739),Upper-Middle ($65k-$95k),0
CUST-4783,Male,57,High School,Self-Employed,Married,0,37700.0,585.0,0,LN-2023-13783,Education,15900.0,48,14.18,435.93,0.139,20.0,0,Fair,Mortgage,East,Fully Paid,No,Fair (580-669),Low (<$40k),0
CUST-4784,Female,52,PhD,Employed,Married,3,125300.0,683.0,2,LN-2023-13784,Personal,7500.0,60,14.59,176.81,0.08,2.0,0,Good,Rent,West,Fully Paid,No,Good (670-739),High (>$95k),0
CUST-4785,Female,27,Bachelor,Employed,Married,0,57300.0,669.0,3,LN-2023-13785,Auto,39700.0,36,13.2,1341.48,0.371,2.0,0,Fair,Own,East,Fully Paid,No,Fair (580-669),Lower-Middle ($40k-$65k),0
CUST-4786,Male,53,Bachelor,Employed,Married,1,39700.0,696.0,0,LN-2023-13786,Personal,16700.0,48,16.13,474.4,0.143,10.0,0,Good,Mortgage,North,Current,No,Good (670-739),Low (<$40k),0
CUST-4787,Female,51,Bachelor,Employed,Single,0,62200.0,681.0,0,LN-2023-13787,Home,66800.0,48,11.13,1730.7,0.334,12.0,0,Good,Rent,East,Fully Paid,No,Good (670-739),Lower-Middle ($40k-$65k),0
CUST-4788,Male,32,Master,Employed,Married,2,68300.0,668.0,2,LN-2023-13788,Home,98800.0,48,11.39,2572.29,0.53,2.0,0,Fair,Rent,Central,Fully Paid,No,Fair (580-669),Upper-Middle ($65k-$95k),0
CUST-4789,Male,31,High School,Employed,Married,0,139700.0,658.0,3,LN-2023-13789,Home,62800.0,48,11.84,1648.84,0.177,5.0,0,Fair,Rent,North,Fully Paid,No,Fair (580-669),High (>$95k),0
CUST-4790,Female,44,Bachelor,Employed,Single,1,76500.0,764.0,0,LN-2023-13790,Personal,17200.0,24,13.4,820.95,0.129,9.0,0,Excellent,Rent,North,Fully Paid,No,Very Good (740-799),Upper-Middle ($65k-$95k),0
CUST-4791,Male,28,Bachelor,Self-Employed,Married,2,147200.0,596.0,0,LN-2023-13791,Education,12500.0,48,16.02,354.38,0.08,6.0,0,Fair,Mortgage,East,Defaulted,Yes,Fair (580-669),High (>$95k),1
CUST-4792,Male,52,Bachelor,Employed,Married,0,104600.0,655.0,0,LN-2023-13792,Education,31800.0,24,14.52,1534.63,0.176,25.0,0,Fair,Rent,East,Current,No,Fair (580-669),High (>$95k),0
CUST-4793,Female,58,Master,Self-Employed,Married,0,91000.0,761.0,2,LN-2023-13793,Home,72300.0,48,9.91,1830.59,0.301,18.0,0,Excellent,Rent,East,Fully Paid,No,Very Good (740-799),Upper-Middle ($65k-$95k),0
CUST-4794,Female,42,High School,Employed,Married,2,40200.0,601.0,4,LN-2023-13794,Personal,15800.0,12,18.64,1453.36,0.636,12.0,0,Fair,Rent,North,Current,No,Fair (580-669),Lower-Middle ($40k-$65k),0
CUST-4795,Male,54,Master,Employed,Single,1,35600.0,605.0,2,LN-2023-13795,Personal,24900.0,60,17.33,623.26,0.307,4.0,0,Fair,Rent,North,Fully Paid,No,Fair (580-669),Low (<$40k),0
CUST-4796,Female,39,High School,Employed,Single,0,33200.0,732.0,1,LN-2023-13796,Personal,22100.0,48,14.77,612.49,0.292,3.0,0,Good,Mortgage,Central,Current,No,Good (670-739),Low (<$40k),0
CUST-4797,Female,40,High School,Employed,Married,1,66200.0,548.0,2,LN-2023-13797,Personal,14600.0,48,18.05,429.26,0.119,15.0,0,Poor,Rent,North,Current,No,Poor (<580),Upper-Middle ($65k-$95k),0
CUST-4798,Male,34,Master,Employed,Married,3,67900.0,726.0,0,LN-2023-13798,Education,8400.0,12,11.95,746.13,0.132,8.0,0,Good,Mortgage,South,Current,No,Good (670-739),Upper-Middle ($65k-$95k),0
CUST-4799,Male,53,Bachelor,Employed,Married,0,74500.0,628.0,2,LN-2023-13799,Home,123300.0,48,12.48,3276.1,0.598,5.0,0,Fair,Rent,East,Defaulted,Yes,Fair (580-669),Upper-Middle ($65k-$95k),1
CUST-4800,Female,30,Bachelor,Self-Employed,Single,1,29000.0,704.0,1,LN-2023-13800,Personal,3200.0,60,15.38,76.77,0.13,5.0,0,Good,Mortgage,South,Fully Paid,No,Good (670-739),Low (<$40k),0
CUST-4801,Male,36,High School,Self-Employed,Single,2,69200.0,566.0,0,LN-2023-13801,Personal,24300.0,48,18.83,724.39,0.126,12.0,1,Poor,Rent,South,Defaulted,Yes,Poor (<580),Upper-Middle ($65k-$95k),1
CUST-4802,Female,24,Bachelor,Self-Employed,Married,0,118400.0,770.0,0,LN-2023-13802,Business,86200.0,60,14.06,2008.41,0.204,1.0,0,Excellent,Rent,South,Current,No,Very Good (740-799),High (>$95k),0
CUST-4803,Female,47,Bachelor,Employed,Married,0,28300.0,566.0,2,LN-2023-13803,Home,71100.0,12,14.03,6384.87,0.75,4.0,0,Poor,Rent,South,Defaulted,Yes,Poor (<580),Low (<$40k),1
CUST-4804,Female,48,PhD,Employed,Married,1,109700.0,731.0,2,LN-2023-13804,Home,51400.0,48,11.4,1338.47,0.199,22.0,0,Good,Own,South,Fully Paid,No,Good (670-739),High (>$95k),0
CUST-4805,Male,63,PhD,Employed,Single,2,169900.0,570.0,1,LN-2023-13805,Home,66200.0,36,13.54,2247.8,0.169,17.0,1,Poor,Rent,North,Current,No,Poor (<580),High (>$95k),0
CUST-4806,Female,36,Bachelor,Employed,Divorced,0,133900.0,823.0,0,LN-2023-13806,Personal,12100.0,24,12.56,572.76,0.08,5.0,0,Excellent,Rent,Central,Fully Paid,No,Excellent (800+),High (>$95k),0
CUST-4807,Male,53,Bachelor,Employed,Divorced,2,50100.0,663.0,0,LN-2023-13807,Business,51600.0,36,16.21,1819.46,0.436,7.0,0,Fair,Rent,West,Fully Paid,No,Fair (580-669),Lower-Middle ($40k-$65k),0
CUST-4808,Male,39,Bachelor,Employed,Married,1,89300.0,835.0,0,LN-2023-13808,Personal,18200.0,48,11.6,475.71,0.08,14.0,0,Excellent,Mortgage,North,Fully Paid,No,Excellent (800+),Upper-Middle ($65k-$95k),0
CUST-4809,Male,41,Bachelor,Self-Employed,Single,0,137600.0,600.0,1,LN-2023-13809,Auto,37600.0,24,15.58,1833.48,0.177,15.0,2,Fair,Rent,West,Current,No,Fair (580-669),High (>$95k),0
CUST-4810,Male,42,High School,Employed,Single,1,58800.0,632.0,1,LN-2023-13810,Personal,29100.0,48,16.95,838.93,0.202,7.0,0,Fair,Rent,West,Fully Paid,No,Fair (580-669),Lower-Middle ($40k-$65k),0
CUST-4811,Female,29,Bachelor,Employed,Divorced,3,112100.0,772.0,0,LN-2023-13811,Home,84500.0,12,9.38,7404.55,0.75,0.0,0,Excellent,Rent,Central,Current,No,Very Good (740-799),High (>$95k),0
CUST-4812,Male,29,High School,Employed,Married,0,48300.0,548.0,2,LN-2023-13812,Education,31400.0,36,17.12,1121.37,0.396,3.0,0,Poor,Rent,East,Fully Paid,No,Poor (<580),Lower-Middle ($40k-$65k),0
CUST-4813,Male,29,High School,Employed,Single,1,58600.0,610.0,2,LN-2023-13813,Education,10300.0,48,15.64,290.01,0.168,1.0,0,Fair,Rent,Central,Fully Paid,No,Fair (580-669),Lower-Middle ($40k-$65k),0
CUST-4814,Female,47,High School,Unemployed,Married,1,18000.0,712.0,1,LN-2023-13814,Home,72900.0,24,10.92,3395.0,0.75,0.0,0,Good,Own,West,Current,No,Good (670-739),Low (<$40k),0
CUST-4815,Male,37,Bachelor,Employed,Single,0,58400.0,583.0,1,LN-2023-13815,Auto,14500.0,36,15.2,504.07,0.155,2.0,0,Fair,Rent,North,Current,No,Fair (580-669),Lower-Middle ($40k-$65k),0
CUST-4816,Female,64,Master,Unemployed,Married,0,33100.0,714.0,0,LN-2023-13816,Personal,23100.0,36,16.19,814.3,0.295,0.0,0,Good,Mortgage,West,Current,No,Good (670-739),Low (<$40k),0
CUST-4817,Male,65,Bachelor,Employed,Single,0,46000.0,684.0,1,LN-2023-13817,Business,83500.0,36,14.53,2875.37,0.75,15.0,0,Good,Mortgage,East,Fully Paid,No,Good (670-739),Lower-Middle ($40k-$65k),0
CUST-4818,Female,28,Bachelor,Employed,Single,0,56900.0,541.0,3,LN-2023-13818,Auto,43800.0,36,15.92,1538.15,0.446,1.0,0,Poor,Mortgage,East,Fully Paid,No,Poor (<580),Lower-Middle ($40k-$65k),0
CUST-4819,Female,36,High School,Self-Employed,Married,0,79500.0,752.0,2,LN-2023-13819,Home,72700.0,24,9.37,3333.64,0.545,13.0,0,Excellent,Rent,Central,Current,No,Very Good (740-799),Upper-Middle ($65k-$95k),0
CUST-4820,Male,38,Bachelor,Employed,Single,2,158300.0,562.0,0,LN-2023-13820,Home,64900.0,24,13.43,3098.59,0.235,1.0,1,Poor,Rent,North,Current,No,Poor (<580),High (>$95k),0
CUST-4821,Male,53,Bachelor,Employed,Married,4,25000.0,735.0,3,LN-2023-13821,Personal,10900.0,60,13.41,250.3,0.472,11.0,0,Good,Own,North,Fully Paid,No,Good (670-739),Low (<$40k),0
CUST-4822,Male,21,Bachelor,Employed,Married,0,153000.0,680.0,2,LN-2023-13822,Education,15800.0,24,14.99,766.01,0.087,0.0,0,Good,Mortgage,East,Current,No,Good (670-739),High (>$95k),0
CUST-4823,Female,32,PhD,Employed,Married,1,82600.0,631.0,1,LN-2023-13823,Home,52000.0,24,12.87,2469.0,0.395,7.0,0,Fair,Mortgage,South,Fully Paid,No,Fair (580-669),Upper-Middle ($65k-$95k),0
CUST-4824,Male,26,High School,Self-Employed,Married,0,87200.0,576.0,2,LN-2023-13824,Home,56300.0,12,13.19,5033.58,0.721,0.0,0,Poor,Mortgage,South,Defaulted,Yes,Poor (<580),Upper-Middle ($65k-$95k),1
CUST-4825,Male,61,High School,Self-Employed,Divorced,0,95200.0,697.0,0,LN-2023-13825,Business,35000.0,12,15.75,3171.44,0.4,19.0,0,Good,Rent,South,Fully Paid,No,Good (670-739),High (>$95k),0
CUST-4826,Male,25,Bachelor,Self-Employed,Married,0,146200.0,595.0,1,LN-2023-13826,Personal,3200.0,12,17.6,292.77,0.08,3.0,0,Fair,Mortgage,West,Fully Paid,No,Fair (580-669),High (>$95k),0
CUST-4827,Male,36,PhD,Employed,Single,0,66900.0,772.0,2,LN-2023-13827,Personal,4400.0,24,13.61,210.45,0.098,12.0,0,Excellent,Mortgage,North,Fully Paid,No,Very Good (740-799),Upper-Middle ($65k-$95k),0
CUST-4828,Male,38,Master,Employed,Divorced,3,70300.0,775.0,3,LN-2023-13828,Home,104400.0,24,8.58,4749.39,0.75,10.0,0,Excellent,Mortgage,East,Current,No,Very Good (740-799),Upper-Middle ($65k-$95k),0
CUST-4829,Female,38,Master,Employed,Divorced,0,76000.0,668.0,0,LN-2023-13829,Personal,21000.0,24,13.01,998.48,0.158,1.0,0,Excellent,Mortgage,South,Current,No,Fair (580-669),Upper-Middle ($65k-$95k),0
CUST-4830,Male,21,Bachelor,Self-Employed,Single,1,61600.0,693.0,1,LN-2023-13830,Auto,45900.0,24,12.61,2173.77,0.45,0.0,0,Good,Rent,East,Fully Paid,No,Good (670-739),Lower-Middle ($40k-$65k),0
CUST-4831,Male,39,PhD,Unemployed,Married,0,58800.0,635.0,3,LN-2023-13831,Auto,25300.0,12,13.65,2267.45,0.583,0.0,0,Fair,Rent,North,Defaulted,Yes,Fair (580-669),Lower-Middle ($40k-$65k),1
CUST-4832,Female,28,High School,Employed,Single,0,47400.0,644.0,0,LN-2023-13832,Personal,15900.0,36,17.3,569.26,0.144,5.0,0,Fair,Mortgage,West,Current,No,Fair (580-669),Lower-Middle ($40k-$65k),0
CUST-4833,Female,23,High School,Employed,Married,3,23700.0,638.0,2,LN-2023-13833,Personal,5000.0,48,16.19,142.19,0.197,0.0,0,Fair,Rent,North,Fully Paid,No,Fair (580-669),Low (<$40k),0
CUST-4834,Male,45,Master,Employed,Divorced,0,58500.0,691.0,0,LN-2023-13834,Personal,7400.0,36,16.58,262.29,0.08,9.0,0,Good,Rent,East,Current,No,Good (670-739),Lower-Middle ($40k-$65k),0
CUST-4835,Male,25,Master,Employed,Single,3,38300.0,707.0,0,LN-2023-13835,Personal,23100.0,36,14.75,797.94,0.25,4.0,0,Good,Mortgage,South,Fully Paid,No,Good (670-739),Low (<$40k),0
CUST-4836,Male,60,High School,Employed,Single,0,44300.0,774.0,1,LN-2023-13836,Personal,9800.0,36,12.72,328.88,0.152,27.0,0,Excellent,Rent,South,Fully Paid,No,Very Good (740-799),Lower-Middle ($40k-$65k),0
CUST-4837,Female,39,High School,Employed,Married,1,66400.0,671.0,2,LN-2023-13837,Personal,25400.0,36,16.41,898.14,0.239,13.0,0,Good,Own,West,Current,No,Good (670-739),Upper-Middle ($65k-$95k),0
CUST-4838,Male,38,High School,Employed,Single,4,36600.0,550.0,0,LN-2023-13838,Home,105000.0,60,13.89,2437.18,0.75,13.0,0,Poor,Rent,Central,Defaulted,Yes,Poor (<580),Low (<$40k),1
CUST-4839,Female,51,High School,Self-Employed,Single,0,47100.0,635.0,1,LN-2023-13839,Education,31400.0,36,13.72,1068.91,0.32,16.0,0,Fair,Mortgage,East,Defaulted,Yes,Fair (580-669),Lower-Middle ($40k-$65k),1
CUST-4840,Female,53,High School,Self-Employed,Single,1,49900.0,802.0,0,LN-2023-13840,Personal,23000.0,12,13.33,2057.86,0.495,20.0,0,Excellent,Mortgage,West,Fully Paid,No,Excellent (800+),Lower-Middle ($40k-$65k),0
CUST-4841,Female,67,PhD,Unemployed,Married,2,34600.0,537.0,0,LN-2023-13841,Auto,36900.0,36,15.57,1289.47,0.447,0.0,0,Poor,Mortgage,South,Current,No,Poor (<580),Low (<$40k),0
CUST-4842,Male,38,Bachelor,Employed,Divorced,0,79300.0,732.0,1,LN-2023-13842,Personal,18900.0,36,13.3,639.55,0.132,5.0,0,Good,Own,East,Fully Paid,No,Good (670-739),Upper-Middle ($65k-$95k),0
CUST-4843,Male,59,Master,Employed,Married,2,111900.0,636.0,1,LN-2023-13843,Auto,35800.0,36,14.78,1237.17,0.152,33.0,2,Fair,Rent,North,Fully Paid,No,Fair (580-669),High (>$95k),0
CUST-4844,Male,36,Master,Employed,Single,0,214800.0,594.0,0,LN-2023-13844,Education,23900.0,36,16.77,849.37,0.08,4.0,0,Fair,Rent,Central,Fully Paid,No,Fair (580-669),High (>$95k),0
CUST-4845,Male,36,Bachelor,Employed,Single,0,66500.0,703.0,1,LN-2023-13845,Auto,17800.0,36,12.56,595.99,0.129,8.0,0,Good,Rent,South,Current,No,Good (670-739),Upper-Middle ($65k-$95k),0
CUST-4846,Female,67,Master,Employed,Married,0,108400.0,802.0,2,LN-2023-13846,Personal,9300.0,12,14.0,835.02,0.142,11.0,0,Excellent,Rent,South,Current,No,Excellent (800+),High (>$95k),0
CUST-4847,Female,58,Bachelor,Self-Employed,Married,3,35400.0,698.0,0,LN-2023-13847,Home,79500.0,36,11.51,2621.97,0.75,4.0,0,Good,Own,East,Fully Paid,No,Good (670-739),Low (<$40k),0
CUST-4848,Female,61,Bachelor,Employed,Single,0,53000.0,647.0,1,LN-2023-13848,Education,6500.0,48,15.03,181.0,0.087,19.0,0,Fair,Rent,Central,Current,No,Fair (580-669),Lower-Middle ($40k-$65k),0
CUST-4849,Female,27,Bachelor,Unemployed,Married,0,19500.0,559.0,0,LN-2023-13849,Home,120600.0,36,13.88,4114.8,0.75,0.0,0,Poor,Rent,West,Defaulted,Yes,Poor (<580),Low (<$40k),1
CUST-4850,Male,34,Bachelor,Self-Employed,Married,1,45700.0,661.0,1,LN-2023-13850,Personal,10800.0,12,15.84,979.08,0.321,4.0,0,Fair,Mortgage,North,Current,No,Fair (580-669),Lower-Middle ($40k-$65k),0
CUST-4851,Male,63,Master,Self-Employed,Single,0,70300.0,556.0,3,LN-2023-13851,Business,23600.0,48,18.61,700.8,0.218,21.0,1,Poor,Rent,West,Fully Paid,No,Poor (<580),Upper-Middle ($65k-$95k),0
CUST-4852,Male,45,PhD,Self-Employed,Single,0,101700.0,643.0,3,LN-2023-13852,Auto,26100.0,60,14.61,615.59,0.128,12.0,2,Fair,Own,South,Fully Paid,No,Fair (580-669),High (>$95k),0
CUST-4853,Female,52,Bachelor,Employed,Single,0,50100.0,664.0,0,LN-2023-13853,Education,33700.0,48,13.31,909.28,0.218,14.0,0,Fair,Rent,South,Fully Paid,No,Fair (580-669),Lower-Middle ($40k-$65k),0
CUST-4854,Female,58,Master,Self-Employed,Married,2,220000.0,469.0,2,LN-2023-13854,Personal,14500.0,36,20.25,540.72,0.08,4.0,0,Poor,Rent,West,Current,No,Poor (<580),High (>$95k),0
CUST-4855,Female,42,High School,Employed,Married,1,61800.0,788.0,2,LN-2023-13855,Home,67300.0,36,8.83,2134.8,0.519,8.0,1,Good,Mortgage,South,Fully Paid,No,Very Good (740-799),Lower-Middle ($40k-$65k),0
CUST-4856,Male,36,Master,Self-Employed,Single,0,220000.0,668.0,3,LN-2023-13856,Home,91300.0,36,13.69,3106.69,0.21,11.0,0,Poor,Mortgage,North,Fully Paid,No,Fair (580-669),High (>$95k),0
CUST-4857,Male,49,Bachelor,Employed,Single,0,123100.0,654.0,3,LN-2023-13857,Auto,31800.0,48,13.44,860.08,0.152,8.0,0,Fair,Rent,South,Current,No,Fair (580-669),High (>$95k),0
CUST-4858,Female,36,High School,Employed,Single,1,36800.0,715.0,1,LN-2023-13858,Personal,25000.0,36,14.14,856.14,0.326,6.0,0,Good,Mortgage,Central,Current,No,Good (670-739),Low (<$40k),0
CUST-4859,Male,32,Bachelor,Employed,Single,2,63900.0,781.0,5,LN-2023-13859,Home,113000.0,24,8.91,5157.71,0.75,5.0,0,Excellent,Rent,East,Current,No,Very Good (740-799),Lower-Middle ($40k-$65k),0
CUST-4860,Female,37,Bachelor,Employed,Married,0,51700.0,602.0,4,LN-2023-13860,Auto,36800.0,48,14.86,1021.56,0.472,12.0,0,Fair,Rent,Central,Current,No,Fair (580-669),Lower-Middle ($40k-$65k),0
CUST-4861,Female,57,High School,Employed,Married,0,45600.0,456.0,1,LN-2023-13861,Home,45400.0,48,15.94,1285.25,0.366,20.0,0,Poor,Mortgage,South,Defaulted,Yes,Poor (<580),Lower-Middle ($40k-$65k),1
CUST-4862,Female,47,Master,Employed,Divorced,0,50200.0,761.0,1,LN-2023-13862,Auto,10100.0,36,12.01,335.51,0.138,2.0,0,Excellent,Own,West,Current,No,Very Good (740-799),Lower-Middle ($40k-$65k),0
CUST-4863,Male,45,High School,Self-Employed,Single,2,46300.0,563.0,2,LN-2023-13863,Home,128100.0,24,12.96,6087.7,0.75,18.0,0,Poor,Rent,West,Fully Paid,No,Poor (<580),Lower-Middle ($40k-$65k),0
CUST-4864,Male,33,Master,Employed,Single,4,91500.0,700.0,1,LN-2023-13864,Home,67500.0,36,11.1,2213.06,0.322,9.0,0,Good,Own,North,Fully Paid,No,Good (670-739),Upper-Middle ($65k-$95k),0
CUST-4865,Male,28,Bachelor,Employed,Divorced,0,73000.0,705.0,2,LN-2023-13865,Personal,11200.0,36,14.03,382.95,0.129,5.0,0,Good,Mortgage,North,Current,No,Good (670-739),Upper-Middle ($65k-$95k),0
CUST-4866,Male,25,Bachelor,Employed,Divorced,0,70500.0,393.0,1,LN-2023-13866,Auto,37800.0,48,19.61,1142.43,0.228,2.0,1,Poor,Rent,East,Defaulted,Yes,Poor (<580),Upper-Middle ($65k-$95k),1
CUST-4867,Male,32,Bachelor,Employed,Single,0,61200.0,532.0,0,LN-2023-13867,Personal,19900.0,24,17.52,988.88,0.194,7.0,3,Poor,Rent,East,Defaulted,Yes,Poor (<580),Lower-Middle ($40k-$65k),1
CUST-4868,Female,61,Master,Employed,Married,0,114700.0,630.0,3,LN-2023-13868,Education,21800.0,24,14.32,1049.98,0.187,16.0,0,Fair,Own,North,Current,No,Fair (580-669),High (>$95k),0
CUST-4869,Female,23,Bachelor,Self-Employed,Divorced,0,64400.0,450.0,4,LN-2023-13869,Auto,14400.0,60,18.38,368.65,0.236,2.0,0,Poor,Rent,South,Current,No,Poor (<580),Lower-Middle ($40k-$65k),0
CUST-4870,Male,55,Bachelor,Employed,Single,3,117600.0,556.0,0,LN-2023-13870,Auto,13100.0,36,15.07,454.56,0.08,26.0,2,Poor,Rent,East,Current,No,Poor (<580),High (>$95k),0
CUST-4871,Male,53,Bachelor,Employed,Married,0,27400.0,680.0,2,LN-2023-13871,Business,69300.0,12,14.65,6243.46,0.75,25.0,0,Good,Mortgage,North,Defaulted,Yes,Good (670-739),Low (<$40k),1
CUST-4872,Male,42,Bachelor,Employed,Single,2,84500.0,662.0,1,LN-2023-13872,Personal,6600.0,48,16.92,190.17,0.08,8.0,0,Fair,Mortgage,North,Fully Paid,No,Fair (580-669),Upper-Middle ($65k-$95k),0
CUST-4873,Male,64,PhD,Employed,Married,0,94000.0,695.0,1,LN-2023-13873,Home,82000.0,48,9.89,2075.4,0.236,32.0,0,Good,Rent,West,Fully Paid,No,Good (670-739),Upper-Middle ($65k-$95k),0
CUST-4874,Female,29,High School,Employed,Divorced,2,36200.0,708.0,1,LN-2023-13874,Home,107600.0,24,10.64,4997.04,0.75,1.0,0,Good,Rent,Central,Defaulted,Yes,Good (670-739),Low (<$40k),1
CUST-4875,Male,61,Bachelor,Self-Employed,Married,1,61600.0,527.0,1,LN-2023-13875,Business,84600.0,60,20.04,2243.27,0.491,3.0,0,Poor,Mortgage,South,Current,No,Poor (<580),Lower-Middle ($40k-$65k),0
CUST-4876,Male,38,Bachelor,Employed,Single,0,77500.0,560.0,1,LN-2023-13876,Education,35700.0,36,16.58,1265.35,0.229,8.0,0,Poor,Rent,North,Fully Paid,No,Poor (<580),Upper-Middle ($65k-$95k),0
CUST-4877,Male,49,Master,Employed,Single,3,117500.0,734.0,3,LN-2023-13877,Auto,42800.0,60,12.17,955.74,0.144,16.0,0,Good,Rent,South,Current,No,Good (670-739),High (>$95k),0
CUST-4878,Female,59,Master,Employed,Single,0,35400.0,799.0,2,LN-2023-13878,Personal,13400.0,24,12.72,635.3,0.389,5.0,0,Excellent,Own,South,Current,No,Very Good (740-799),Low (<$40k),0
CUST-4879,Female,47,Bachelor,Employed,Single,1,83400.0,587.0,1,LN-2023-13879,Personal,29900.0,36,17.39,1071.83,0.176,11.0,0,Fair,Mortgage,East,Defaulted,Yes,Fair (580-669),Upper-Middle ($65k-$95k),1
CUST-4880,Male,56,High School,Self-Employed,Single,2,46000.0,692.0,2,LN-2023-13880,Personal,22800.0,36,15.46,795.52,0.284,3.0,0,Good,Rent,North,Defaulted,Yes,Good (670-739),Lower-Middle ($40k-$65k),1
CUST-4881,Male,65,High School,Employed,Married,0,81500.0,738.0,4,LN-2023-13881,Auto,43700.0,60,10.67,942.97,0.206,23.0,0,Good,Mortgage,Central,Defaulted,Yes,Good (670-739),Upper-Middle ($65k-$95k),1
CUST-4882,Female,37,Bachelor,Employed,Married,1,27500.0,690.0,0,LN-2023-13882,Home,52600.0,36,11.83,1742.8,0.75,12.0,0,Good,Mortgage,North,Defaulted,Yes,Good (670-739),Low (<$40k),1
CUST-4883,Female,54,Bachelor,Self-Employed,Single,2,217300.0,648.0,1,LN-2023-13883,Home,48400.0,24,12.19,2282.65,0.14,21.0,0,Fair,Rent,South,Fully Paid,No,Fair (580-669),High (>$95k),0
CUST-4884,Male,66,PhD,Employed,Married,4,62300.0,615.0,3,LN-2023-13884,Auto,26300.0,48,13.55,712.76,0.219,15.0,1,Fair,Own,West,Current,No,Fair (580-669),Lower-Middle ($40k-$65k),0
CUST-4885,Female,23,Bachelor,Self-Employed,Married,2,137600.0,838.0,2,LN-2023-13885,Education,34200.0,12,11.08,3023.93,0.285,2.0,0,Excellent,Rent,East,Current,No,Excellent (800+),High (>$95k),0
CUST-4886,Female,25,Bachelor,Employed,Married,0,60900.0,678.0,3,LN-2023-13886,Personal,14800.0,60,16.36,362.74,0.168,2.0,0,Good,Own,South,Fully Paid,No,Good (670-739),Lower-Middle ($40k-$65k),0
CUST-4887,Female,34,Master,Employed,Married,2,53900.0,703.0,0,LN-2023-13887,Business,81900.0,12,15.44,7409.17,0.75,9.0,0,Good,Rent,East,Defaulted,Yes,Good (670-739),Lower-Middle ($40k-$65k),1
CUST-4888,Female,23,Bachelor,Self-Employed,Single,2,81500.0,697.0,3,LN-2023-13888,Personal,9800.0,36,17.03,349.54,0.123,1.0,0,Good,Mortgage,East,Current,No,Good (670-739),Upper-Middle ($65k-$95k),0
CUST-4889,Female,43,Bachelor,Self-Employed,Single,2,114900.0,600.0,2,LN-2023-13889,Personal,4100.0,48,17.67,119.73,0.08,19.0,0,Fair,Own,North,Fully Paid,No,Fair (580-669),High (>$95k),0
CUST-4890,Male,59,High School,Employed,Married,2,24400.0,674.0,2,LN-2023-13890,Education,31900.0,36,15.04,1106.45,0.729,27.0,0,Good,Rent,South,Fully Paid,No,Good (670-739),Low (<$40k),0
CUST-4891,Female,50,Bachelor,Self-Employed,Single,0,99100.0,642.0,1,LN-2023-13891,Home,98200.0,48,12.19,2595.15,0.327,13.0,0,Fair,Mortgage,North,Current,No,Fair (580-669),High (>$95k),0
CUST-4892,Female,65,PhD,Employed,Married,0,92300.0,641.0,0,LN-2023-13892,Business,50800.0,36,16.81,1806.36,0.235,14.0,0,Fair,Mortgage,North,Current,No,Fair (580-669),Upper-Middle ($65k-$95k),0
CUST-4893,Female,43,Bachelor,Employed,Single,1,81500.0,696.0,1,LN-2023-13893,Home,116800.0,36,10.6,3801.8,0.601,13.0,0,Good,Mortgage,North,Fully Paid,No,Good (670-739),Upper-Middle ($65k-$95k),0
CUST-4894,Male,47,Bachelor,Employed,Married,3,63200.0,592.0,1,LN-2023-13894,Business,77700.0,36,16.26,2741.69,0.567,13.0,0,Fair,Rent,South,Defaulted,Yes,Fair (580-669),Lower-Middle ($40k-$65k),1
CUST-4895,Female,30,Bachelor,Employed,Single,1,48600.0,567.0,1,LN-2023-13895,Personal,12400.0,12,17.05,1131.23,0.307,5.0,0,Poor,Rent,West,Current,No,Poor (<580),Lower-Middle ($40k-$65k),0
CUST-4896,Female,45,Master,Self-Employed,Married,3,54200.0,712.0,2,LN-2023-13896,Auto,41800.0,36,12.58,1399.97,0.406,7.0,0,Good,Mortgage,Central,Current,No,Good (670-739),Lower-Middle ($40k-$65k),0
CUST-4897,Male,33,Bachelor,Employed,Married,3,85100.0,624.0,1,LN-2023-13897,Business,44200.0,36,16.71,1569.48,0.247,5.0,3,Fair,Mortgage,East,Defaulted,Yes,Fair (580-669),Upper-Middle ($65k-$95k),1
CUST-4898,Female,36,Bachelor,Employed,Single,3,84900.0,640.0,1,LN-2023-13898,Home,97900.0,36,11.39,3223.23,0.491,7.0,0,Fair,Rent,South,Defaulted,Yes,Fair (580-669),Upper-Middle ($65k-$95k),1
CUST-4899,Female,61,PhD,Self-Employed,Married,3,143800.0,506.0,1,LN-2023-13899,Personal,8600.0,60,19.47,225.32,0.08,29.0,0,Poor,Rent,North,Fully Paid,No,Poor (<580),High (>$95k),0
CUST-4900,Female,54,High School,Employed,Divorced,3,59500.0,751.0,0,LN-2023-13900,Personal,10700.0,24,14.59,516.73,0.104,6.0,0,Excellent,Rent,West,Fully Paid,No,Very Good (740-799),Lower-Middle ($40k-$65k),0
CUST-4901,Male,57,Bachelor,Employed,Single,2,96200.0,714.0,0,LN-2023-13901,Education,21200.0,60,14.0,493.29,0.08,4.0,0,Good,Rent,North,Fully Paid,No,Good (670-739),High (>$95k),0
CUST-4902,Male,42,Bachelor,Employed,Married,2,118400.0,730.0,1,LN-2023-13902,Home,71700.0,60,9.76,1514.96,0.179,4.0,0,Good,Mortgage,South,Current,No,Good (670-739),High (>$95k),0
CUST-4903,Female,37,Bachelor,Employed,Single,0,27000.0,702.0,2,LN-2023-13903,Home,56000.0,48,11.13,1450.89,0.75,0.0,0,Good,Rent,West,Defaulted,Yes,Good (670-739),Low (<$40k),1
CUST-4904,Male,43,Bachelor,Self-Employed,Married,0,25200.0,541.0,3,LN-2023-13904,Education,22400.0,12,18.12,2054.91,0.75,0.0,1,Poor,Rent,South,Defaulted,Yes,Poor (<580),Low (<$40k),1
CUST-4905,Female,56,Bachelor,Employed,Married,0,136200.0,689.0,1,LN-2023-13905,Education,23400.0,60,14.17,546.54,0.08,7.0,2,Fair,Own,East,Current,No,Good (670-739),High (>$95k),0
CUST-4906,Male,29,Bachelor,Employed,Divorced,0,34400.0,618.0,3,LN-2023-13906,Home,58500.0,24,12.17,2758.44,0.75,6.0,1,Fair,Mortgage,Central,Defaulted,Yes,Fair (580-669),Low (<$40k),1
CUST-4907,Male,22,High School,Self-Employed,Married,0,34600.0,588.0,0,LN-2023-13907,Education,11900.0,36,15.93,417.96,0.145,1.0,0,Fair,Mortgage,South,Current,No,Fair (580-669),Low (<$40k),0
CUST-4908,Male,52,Bachelor,Employed,Single,3,55200.0,712.0,4,LN-2023-13908,Home,47500.0,60,10.77,1027.33,0.438,10.0,0,Good,Mortgage,East,Current,No,Good (670-739),Lower-Middle ($40k-$65k),0
CUST-4909,Female,42,High School,Employed,Married,1,23300.0,810.0,3,LN-2023-13909,Auto,11200.0,36,10.93,366.3,0.459,10.0,0,Excellent,Own,Central,Fully Paid,No,Excellent (800+),Low (<$40k),0
CUST-4910,Male,63,High School,Self-Employed,Single,0,47600.0,796.0,1,LN-2023-13910,Personal,13400.0,36,13.32,453.57,0.148,25.0,0,Excellent,Mortgage,West,Fully Paid,No,Very Good (740-799),Lower-Middle ($40k-$65k),0
CUST-4911,Male,33,PhD,Employed,Married,2,60600.0,722.0,0,LN-2023-13911,Personal,7300.0,24,15.25,354.82,0.08,10.0,0,Good,Rent,East,Current,No,Good (670-739),Lower-Middle ($40k-$65k),0
CUST-4912,Male,28,Bachelor,Employed,Married,1,56600.0,667.0,1,LN-2023-13912,Education,37200.0,36,14.84,1286.64,0.311,6.0,0,Fair,Rent,South,Current,No,Fair (580-669),Lower-Middle ($40k-$65k),0
CUST-4913,Male,21,PhD,Employed,Divorced,0,105300.0,651.0,0,LN-2023-13913,Home,62000.0,36,11.24,2036.85,0.232,0.0,0,Fair,Rent,Central,Fully Paid,No,Fair (580-669),High (>$95k),0
CUST-4914,Female,37,High School,Employed,Married,3,42100.0,593.0,2,LN-2023-13914,Home,50600.0,60,12.33,1134.03,0.465,3.0,0,Fair,Rent,South,Defaulted,Yes,Fair (580-669),Lower-Middle ($40k-$65k),1
CUST-4915,Female,32,Bachelor,Employed,Single,0,52700.0,647.0,0,LN-2023-13915,Auto,25400.0,24,14.49,1225.42,0.279,0.0,1,Fair,Rent,North,Current,No,Fair (580-669),Lower-Middle ($40k-$65k),0
CUST-4916,Male,24,High School,Employed,Single,2,55100.0,747.0,1,LN-2023-13916,Auto,17300.0,24,11.76,812.43,0.203,2.0,0,Excellent,Mortgage,Central,Current,No,Very Good (740-799),Lower-Middle ($40k-$65k),0
CUST-4917,Female,33,Master,Self-Employed,Single,0,143200.0,824.0,0,LN-2023-13917,Personal,4800.0,12,13.28,429.35,0.08,7.0,0,Excellent,Mortgage,South,Current,No,Excellent (800+),High (>$95k),0
CUST-4918,Male,51,Master,Employed,Single,1,160100.0,600.0,0,LN-2023-13918,Education,31600.0,24,16.36,1552.68,0.116,8.0,0,Fair,Mortgage,East,Defaulted,Yes,Fair (580-669),High (>$95k),1
CUST-4919,Female,61,High School,Employed,Married,2,44500.0,500.0,0,LN-2023-13919,Auto,31200.0,24,16.0,1527.65,0.412,29.0,1,Poor,Rent,East,Current,No,Poor (<580),Lower-Middle ($40k-$65k),0
CUST-4920,Female,27,Master,Self-Employed,Married,0,203500.0,624.0,0,LN-2023-13920,Education,7900.0,12,14.49,711.14,0.08,2.0,0,Fair,Rent,South,Fully Paid,No,Fair (580-669),High (>$95k),0
CUST-4921,Female,43,High School,Employed,Divorced,4,72800.0,746.0,2,LN-2023-13921,Home,84800.0,36,9.8,2728.3,0.511,19.0,0,Excellent,Mortgage,South,Fully Paid,No,Very Good (740-799),Upper-Middle ($65k-$95k),0
CUST-4922,Male,44,Bachelor,Self-Employed,Single,0,41500.0,846.0,1,LN-2023-13922,Home,48300.0,24,6.97,2161.86,0.691,0.0,0,Excellent,Mortgage,North,Current,No,Excellent (800+),Lower-Middle ($40k-$65k),0
CUST-4923,Female,25,PhD,Employed,Married,1,52600.0,781.0,2,LN-2023-13923,Home,75100.0,36,8.79,2380.83,0.663,0.0,0,Excellent,Mortgage,Central,Current,No,Very Good (740-799),Lower-Middle ($40k-$65k),0
CUST-4924,Male,25,Master,Employed,Married,3,60000.0,779.0,2,LN-2023-13924,Personal,13500.0,24,12.77,640.36,0.224,1.0,0,Excellent,Own,East,Fully Paid,No,Very Good (740-799),Lower-Middle ($40k-$65k),0
CUST-4925,Female,37,PhD,Self-Employed,Single,3,204500.0,597.0,0,LN-2023-13925,Personal,26900.0,60,17.36,673.75,0.08,0.0,0,Fair,Rent,Central,Fully Paid,No,Fair (580-669),High (>$95k),0
CUST-4926,Male,50,Bachelor,Employed,Divorced,0,50200.0,600.0,1,LN-2023-13926,Personal,24300.0,24,16.92,1200.51,0.321,20.0,0,Fair,Mortgage,South,Fully Paid,No,Fair (580-669),Lower-Middle ($40k-$65k),0
CUST-4927,Female,29,High School,Unemployed,Divorced,0,18000.0,557.0,1,LN-2023-13927,Business,82800.0,12,18.59,7614.37,0.75,0.0,0,Poor,Rent,East,Current,No,Poor (<580),Low (<$40k),0
CUST-4928,Female,26,High School,Employed,Divorced,2,44300.0,613.0,3,LN-2023-13928,Education,10800.0,48,15.95,305.8,0.18,0.0,1,Fair,Rent,North,Defaulted,Yes,Fair (580-669),Lower-Middle ($40k-$65k),1
CUST-4929,Female,45,Bachelor,Employed,Married,0,25800.0,747.0,1,LN-2023-13929,Home,90400.0,36,10.15,2923.32,0.75,16.0,0,Excellent,Mortgage,South,Fully Paid,No,Very Good (740-799),Low (<$40k),0
CUST-4930,Male,39,Master,Employed,Divorced,1,48400.0,808.0,1,LN-2023-13930,Personal,3600.0,48,14.84,99.9,0.092,1.0,0,Excellent,Own,South,Current,No,Excellent (800+),Lower-Middle ($40k-$65k),0
CUST-4931,Female,36,High School,Employed,Divorced,2,37700.0,699.0,2,LN-2023-13931,Personal,26900.0,24,16.08,1318.14,0.557,3.0,0,Good,Mortgage,East,Fully Paid,No,Good (670-739),Low (<$40k),0
CUST-4932,Male,41,Bachelor,Self-Employed,Married,1,77300.0,648.0,2,LN-2023-13932,Personal,13600.0,36,17.17,486.03,0.136,15.0,0,Fair,Rent,East,Current,No,Fair (580-669),Upper-Middle ($65k-$95k),0
CUST-4933,Female,22,Bachelor,Employed,Married,0,99700.0,579.0,3,LN-2023-13933,Business,24900.0,36,17.8,897.7,0.177,1.0,1,Poor,Rent,North,Fully Paid,No,Poor (<580),High (>$95k),0
CUST-4934,Male,30,Bachelor,Self-Employed,Married,1,98800.0,660.0,1,LN-2023-13934,Home,72600.0,36,11.57,2396.48,0.316,3.0,0,Fair,Mortgage,North,Fully Paid,No,Fair (580-669),High (>$95k),0
CUST-4935,Male,36,Bachelor,Employed,Single,3,37000.0,687.0,0,LN-2023-13935,Education,15800.0,36,14.58,544.47,0.177,13.0,0,Good,Own,West,Fully Paid,No,Good (670-739),Low (<$40k),0
CUST-4936,Female,57,Bachelor,Employed,Married,1,53200.0,545.0,2,LN-2023-13936,Home,110100.0,36,14.13,3769.91,0.75,19.0,1,Poor,Own,East,Defaulted,Yes,Poor (<580),Lower-Middle ($40k-$65k),1
CUST-4937,Male,35,Master,Employed,Married,2,80600.0,668.0,0,LN-2023-13937,Auto,14800.0,36,11.87,490.65,0.08,5.0,0,Excellent,Mortgage,South,Fully Paid,No,Fair (580-669),Upper-Middle ($65k-$95k),0
CUST-4938,Male,33,High School,Employed,Married,0,43600.0,633.0,1,LN-2023-13938,Auto,31100.0,36,14.25,1066.7,0.356,8.0,0,Fair,Mortgage,North,Current,No,Fair (580-669),Lower-Middle ($40k-$65k),0
CUST-4939,Male,33,Master,Employed,Married,0,69000.0,743.0,2,LN-2023-13939,Personal,26000.0,48,14.83,721.36,0.22,3.0,0,Excellent,Own,North,Fully Paid,No,Very Good (740-799),Upper-Middle ($65k-$95k),0
CUST-4940,Male,52,High School,Employed,Married,0,22600.0,669.0,2,LN-2023-13940,Home,107900.0,48,12.21,2852.56,0.75,7.0,0,Fair,Own,South,Defaulted,Yes,Fair (580-669),Low (<$40k),1
CUST-4941,Female,65,High School,Employed,Single,1,29200.0,695.0,2,LN-2023-13941,Education,37800.0,48,14.26,1037.88,0.631,25.0,0,Good,Own,East,Fully Paid,No,Good (670-739),Low (<$40k),0
CUST-4942,Female,67,Bachelor,Self-Employed,Married,0,60300.0,610.0,0,LN-2023-13942,Home,45100.0,36,12.67,1512.44,0.301,15.0,1,Fair,Mortgage,South,Current,No,Fair (580-669),Lower-Middle ($40k-$65k),0
CUST-4943,Male,66,Master,Self-Employed,Divorced,1,22300.0,640.0,5,LN-2023-13943,Home,75100.0,12,12.35,6684.85,0.75,5.0,0,Fair,Rent,East,Fully Paid,No,Fair (580-669),Low (<$40k),0
CUST-4944,Male,28,Bachelor,Employed,Divorced,2,83900.0,724.0,0,LN-2023-13944,Home,76400.0,48,10.6,1959.79,0.28,0.0,0,Good,Rent,West,Current,No,Good (670-739),Upper-Middle ($65k-$95k),0
CUST-4945,Male,63,Bachelor,Employed,Divorced,2,33900.0,658.0,0,LN-2023-13945,Home,47800.0,60,12.85,1083.93,0.384,28.0,1,Fair,Rent,West,Defaulted,Yes,Fair (580-669),Low (<$40k),1
CUST-4946,Male,38,Bachelor,Employed,Single,0,85600.0,576.0,2,LN-2023-13946,Home,114500.0,36,12.38,3823.85,0.599,10.0,0,Poor,Rent,Central,Defaulted,Yes,Poor (<580),Upper-Middle ($65k-$95k),1
CUST-4947,Female,56,High School,Employed,Married,2,64300.0,679.0,3,LN-2023-13947,Personal,23000.0,36,15.87,807.14,0.279,12.0,0,Good,Rent,East,Current,No,Good (670-739),Lower-Middle ($40k-$65k),0
CUST-4948,Female,46,Master,Employed,Married,1,60900.0,702.0,1,LN-2023-13948,Business,57000.0,36,14.71,1967.84,0.438,19.0,0,Good,Own,North,Fully Paid,No,Good (670-739),Lower-Middle ($40k-$65k),0
CUST-4949,Male,30,Master,Employed,Married,0,122100.0,786.0,1,LN-2023-13949,Personal,14700.0,36,13.14,496.29,0.08,3.0,0,Excellent,Mortgage,North,Fully Paid,No,Very Good (740-799),High (>$95k),0
CUST-4950,Male,51,High School,Self-Employed,Divorced,0,78900.0,767.0,1,LN-2023-13950,Home,121100.0,60,8.83,2503.86,0.413,18.0,0,Excellent,Rent,South,Current,No,Very Good (740-799),Upper-Middle ($65k-$95k),0
CUST-4951,Male,53,Bachelor,Employed,Married,1,54700.0,664.0,0,LN-2023-13951,Personal,10700.0,12,16.57,973.71,0.214,25.0,0,Fair,Rent,South,Current,No,Fair (580-669),Lower-Middle ($40k-$65k),0
CUST-4952,Female,49,Master,Employed,Single,0,64400.0,623.0,2,LN-2023-13952,Personal,12700.0,12,15.38,1148.56,0.303,20.0,1,Fair,Own,East,Defaulted,Yes,Fair (580-669),Lower-Middle ($40k-$65k),1
CUST-4953,Female,25,Bachelor,Employed,Single,0,103000.0,650.0,1,LN-2023-13953,Auto,46200.0,60,13.9,1072.6,0.141,2.0,0,Fair,Rent,East,Fully Paid,No,Fair (580-669),High (>$95k),0
CUST-4954,Male,33,Bachelor,Self-Employed,Divorced,0,80300.0,625.0,3,LN-2023-13954,Business,24500.0,36,15.57,856.16,0.176,7.0,0,Fair,Mortgage,East,Current,No,Fair (580-669),Upper-Middle ($65k-$95k),0
CUST-4955,Male,21,High School,Employed,Single,0,78600.0,713.0,0,LN-2023-13955,Auto,39700.0,36,12.13,1321.07,0.202,0.0,1,Good,Rent,East,Fully Paid,No,Good (670-739),Upper-Middle ($65k-$95k),0
CUST-4956,Female,43,Bachelor,Self-Employed,Single,3,24700.0,758.0,1,LN-2023-13956,Personal,23800.0,48,13.97,650.01,0.416,12.0,0,Excellent,Rent,Central,Current,No,Very Good (740-799),Low (<$40k),0
CUST-4957,Female,60,High School,Unemployed,Married,2,18000.0,775.0,1,LN-2023-13957,Home,121700.0,48,8.97,3026.78,0.75,0.0,0,Excellent,Mortgage,East,Defaulted,Yes,Very Good (740-799),Low (<$40k),1
CUST-4958,Male,23,Master,Self-Employed,Single,1,44000.0,634.0,1,LN-2023-13958,Personal,5600.0,36,17.33,200.58,0.116,1.0,0,Fair,Mortgage,South,Fully Paid,No,Fair (580-669),Lower-Middle ($40k-$65k),0
CUST-4959,Male,23,Bachelor,Unemployed,Married,3,21700.0,626.0,1,LN-2023-13959,Home,127500.0,36,13.4,4320.58,0.75,0.0,0,Fair,Mortgage,East,Defaulted,Yes,Fair (580-669),Low (<$40k),1
CUST-4960,Male,27,Bachelor,Employed,Divorced,1,86700.0,634.0,1,LN-2023-13960,Personal,3800.0,36,18.22,137.8,0.08,2.0,0,Fair,Rent,North,Fully Paid,No,Fair (580-669),Upper-Middle ($65k-$95k),0
CUST-4961,Female,56,Master,Employed,Single,2,170200.0,505.0,0,LN-2023-13961,Education,17500.0,48,17.68,511.14,0.08,6.0,0,Poor,Rent,North,Fully Paid,No,Poor (<580),High (>$95k),0
CUST-4962,Male,55,High School,Employed,Married,0,32200.0,567.0,3,LN-2023-13962,Personal,5500.0,48,19.14,164.86,0.193,1.0,0,Poor,Mortgage,South,Fully Paid,No,Poor (<580),Low (<$40k),0
CUST-4963,Male,35,Bachelor,Employed,Divorced,1,49600.0,667.0,1,LN-2023-13963,Personal,4500.0,24,17.15,222.81,0.117,7.0,0,Fair,Rent,Central,Fully Paid,No,Fair (580-669),Lower-Middle ($40k-$65k),0
CUST-4964,Female,60,Bachelor,Employed,Married,0,60200.0,702.0,1,LN-2023-13964,Education,38800.0,24,13.02,1844.99,0.418,29.0,0,Good,Own,Central,Fully Paid,No,Good (670-739),Lower-Middle ($40k-$65k),0
CUST-4965,Male,23,Bachelor,Employed,Single,0,40500.0,711.0,1,LN-2023-13965,Business,70400.0,36,15.82,2468.8,0.75,0.0,0,Good,Rent,West,Fully Paid,No,Good (670-739),Lower-Middle ($40k-$65k),0
CUST-4966,Female,49,Master,Employed,Single,0,120900.0,603.0,1,LN-2023-13966,Personal,17700.0,36,16.01,622.37,0.08,5.0,0,Fair,Rent,West,Current,No,Fair (580-669),High (>$95k),0
CUST-4967,Male,50,Master,Self-Employed,Single,0,86700.0,628.0,2,LN-2023-13967,Personal,6100.0,36,17.19,218.06,0.08,12.0,2,Fair,Rent,Central,Current,No,Fair (580-669),Upper-Middle ($65k-$95k),0
CUST-4968,Male,59,High School,Employed,Married,0,51900.0,647.0,2,LN-2023-13968,Auto,30000.0,24,15.19,1457.31,0.448,22.0,1,Fair,Mortgage,Central,Fully Paid,No,Fair (580-669),Lower-Middle ($40k-$65k),0
CUST-4969,Female,38,Bachelor,Employed,Married,0,83100.0,637.0,0,LN-2023-13969,Home,72200.0,12,12.36,6427.05,0.75,3.0,1,Fair,Rent,East,Defaulted,Yes,Fair (580-669),Upper-Middle ($65k-$95k),1
CUST-4970,Male,31,Bachelor,Unemployed,Divorced,2,21300.0,728.0,1,LN-2023-13970,Business,39000.0,48,14.45,1074.56,0.706,0.0,0,Good,Rent,South,Current,No,Good (670-739),Low (<$40k),0
CUST-4971,Female,63,Master,Employed,Divorced,0,53900.0,558.0,0,LN-2023-13971,Home,97500.0,36,13.89,3327.11,0.741,2.0,1,Poor,Mortgage,North,Defaulted,Yes,Poor (<580),Lower-Middle ($40k-$65k),1
CUST-4972,Female,58,Bachelor,Self-Employed,Married,2,70300.0,572.0,1,LN-2023-13972,Personal,25900.0,36,19.24,952.54,0.201,17.0,0,Poor,Own,North,Fully Paid,No,Poor (<580),Upper-Middle ($65k-$95k),0
CUST-4973,Male,60,Bachelor,Self-Employed,Married,1,49200.0,644.0,1,LN-2023-13973,Personal,15900.0,36,15.52,555.24,0.181,27.0,2,Fair,Own,East,Fully Paid,No,Fair (580-669),Lower-Middle ($40k-$65k),0
CUST-4974,Female,21,Bachelor,Employed,Married,1,66000.0,553.0,0,LN-2023-13974,Auto,28700.0,24,15.86,1403.32,0.255,0.0,1,Poor,Mortgage,South,Current,No,Poor (<580),Upper-Middle ($65k-$95k),0
CUST-4975,Male,49,Bachelor,Employed,Divorced,0,98500.0,508.0,2,LN-2023-13975,Auto,34800.0,36,17.71,1253.05,0.213,8.0,1,Poor,Rent,North,Fully Paid,No,Poor (<580),High (>$95k),0
CUST-4976,Female,30,Bachelor,Employed,Married,3,37100.0,543.0,0,LN-2023-13976,Education,10200.0,48,17.08,294.74,0.095,5.0,3,Poor,Own,South,Defaulted,Yes,Poor (<580),Low (<$40k),1
CUST-4977,Male,48,High School,Self-Employed,Married,0,28300.0,649.0,3,LN-2023-13977,Business,78000.0,48,17.15,2256.75,0.75,3.0,0,Fair,Own,East,Defaulted,Yes,Fair (580-669),Low (<$40k),1
CUST-4978,Female,51,Master,Employed,Single,2,79600.0,723.0,1,LN-2023-13978,Personal,27300.0,48,15.37,764.91,0.155,6.0,0,Good,Rent,West,Fully Paid,No,Good (670-739),Upper-Middle ($65k-$95k),0
CUST-4979,Male,39,Bachelor,Employed,Married,1,44500.0,725.0,5,LN-2023-13979,Auto,30600.0,36,12.02,1016.65,0.543,8.0,0,Good,Rent,South,Current,No,Good (670-739),Lower-Middle ($40k-$65k),0
CUST-4980,Male,23,PhD,Self-Employed,Divorced,1,108300.0,804.0,1,LN-2023-13980,Education,12400.0,36,11.52,409.02,0.08,2.0,0,Excellent,Mortgage,East,Fully Paid,No,Excellent (800+),High (>$95k),0
CUST-4981,Female,56,Bachelor,Employed,Married,0,72600.0,678.0,0,LN-2023-13981,Education,23000.0,48,12.96,616.58,0.102,9.0,0,Good,Rent,North,Current,No,Good (670-739),Upper-Middle ($65k-$95k),0
CUST-4982,Female,63,Bachelor,Self-Employed,Married,1,27600.0,690.0,0,LN-2023-13982,Home,54000.0,24,9.71,2484.6,0.75,18.0,0,Good,Rent,Central,Defaulted,Yes,Good (670-739),Low (<$40k),1
CUST-4983,Male,35,PhD,Self-Employed,Married,2,145600.0,648.0,0,LN-2023-13983,Auto,39000.0,48,13.62,1058.31,0.087,5.0,1,Fair,Rent,Central,Current,No,Fair (580-669),High (>$95k),0
CUST-4984,Male,53,Bachelor,Self-Employed,Married,2,42700.0,652.0,0,LN-2023-13984,Auto,21800.0,60,14.01,507.36,0.143,25.0,0,Fair,Mortgage,East,Fully Paid,No,Fair (580-669),Lower-Middle ($40k-$65k),0
CUST-4985,Female,61,Master,Self-Employed,Married,3,88600.0,846.0,0,LN-2023-13985,Auto,21800.0,24,9.12,997.13,0.135,2.0,0,Excellent,Mortgage,East,Current,No,Excellent (800+),Upper-Middle ($65k-$95k),0
CUST-4986,Female,63,Master,Employed,Married,0,57900.0,692.0,1,LN-2023-13986,Personal,30400.0,24,15.7,1484.12,0.357,20.0,0,Good,Own,West,Current,No,Good (670-739),Lower-Middle ($40k-$65k),0
CUST-4987,Male,65,Bachelor,Unemployed,Married,0,18000.0,699.0,0,LN-2023-13987,Auto,26000.0,36,12.96,875.54,0.584,0.0,0,Good,Rent,Central,Current,No,Good (670-739),Low (<$40k),0
CUST-4988,Male,46,Bachelor,Employed,Divorced,0,134700.0,572.0,1,LN-2023-13988,Auto,40000.0,24,14.41,1928.27,0.182,18.0,0,Poor,Mortgage,East,Fully Paid,No,Poor (<580),High (>$95k),0
CUST-4989,Male,36,High School,Employed,Married,3,56700.0,704.0,1,LN-2023-13989,Personal,21500.0,60,14.93,510.69,0.162,13.0,0,Good,Mortgage,West,Current,No,Good (670-739),Lower-Middle ($40k-$65k),0
CUST-4990,Female,56,Bachelor,Employed,Divorced,0,94500.0,725.0,2,LN-2023-13990,Home,71900.0,24,11.01,3351.44,0.459,21.0,0,Good,Mortgage,North,Current,No,Good (670-739),Upper-Middle ($65k-$95k),0
CUST-4991,Male,53,High School,Unemployed,Single,0,18400.0,764.0,0,LN-2023-13991,Home,55500.0,24,9.83,2556.69,0.75,0.0,0,Excellent,Own,North,Defaulted,Yes,Very Good (740-799),Low (<$40k),1
CUST-4992,Male,40,Master,Self-Employed,Married,3,118300.0,723.0,3,LN-2023-13992,Auto,40300.0,60,11.91,894.62,0.143,6.0,0,Good,Rent,West,Fully Paid,No,Good (670-739),High (>$95k),0
CUST-4993,Female,33,Bachelor,Self-Employed,Married,1,87200.0,659.0,1,LN-2023-13993,Auto,39000.0,24,14.24,1876.93,0.278,4.0,0,Fair,Own,Central,Current,No,Fair (580-669),Upper-Middle ($65k-$95k),0
CUST-4994,Male,53,Bachelor,Employed,Single,1,70500.0,655.0,2,LN-2023-13994,Home,59400.0,60,13.12,1355.18,0.278,10.0,0,Fair,Own,East,Defaulted,Yes,Fair (580-669),Upper-Middle ($65k-$95k),1
CUST-4995,Male,25,Bachelor,Self-Employed,Married,0,119000.0,663.0,0,LN-2023-13995,Auto,19500.0,24,13.42,930.92,0.094,2.0,3,Fair,Rent,East,Defaulted,Yes,Fair (580-669),High (>$95k),1
CUST-4996,Male,57,PhD,Self-Employed,Married,1,114500.0,679.0,1,LN-2023-13996,Personal,25200.0,60,16.38,617.91,0.089,23.0,0,Good,Rent,East,Current,No,Good (670-739),High (>$95k),0
CUST-4997,Male,34,High School,Employed,Married,3,137300.0,777.0,1,LN-2023-13997,Personal,31500.0,24,14.11,1514.04,0.153,9.0,0,Excellent,Mortgage,Central,Current,No,Very Good (740-799),High (>$95k),0
CUST-4998,Male,47,High School,Employed,Single,1,75600.0,761.0,3,LN-2023-13998,Personal,27500.0,24,13.72,1316.72,0.261,9.0,0,Excellent,Rent,West,Fully Paid,No,Very Good (740-799),Upper-Middle ($65k-$95k),0
CUST-4999,Male,43,High School,Employed,Single,0,29400.0,733.0,3,LN-2023-13999,Personal,22800.0,36,13.88,777.92,0.56,14.0,0,Good,Own,West,Fully Paid,No,Good (670-739),Low (<$40k),0
CUST-5000,Male,34,PhD,Employed,Married,0,85700.0,842.0,2,LN-2023-14000,Auto,44800.0,36,10.93,1465.21,0.24,10.0,0,Excellent,Mortgage,North,Fully Paid,No,Excellent (800+),Upper-Middle ($65k-$95k),0
CUST-5001,Female,60,PhD,Employed,Single,0,111000.0,444.0,2,LN-2023-14001,Business,40000.0,24,21.59,2067.04,0.265,31.0,1,Poor,Rent,West,Fully Paid,No,Poor (<580),High (>$95k),0
CUST-5002,Female,24,Bachelor,Employed,Single,1,64100.0,668.0,2,LN-2023-14002,Home,45800.0,36,12.25,1526.69,0.347,2.0,0,Fair,Own,West,Fully Paid,No,Fair (580-669),Lower-Middle ($40k-$65k),0
CUST-5003,Female,59,Master,Employed,Married,0,106000.0,669.0,0,LN-2023-14003,Business,42500.0,48,16.73,1220.41,0.138,21.0,0,Fair,Rent,North,Fully Paid,No,Fair (580-669),High (>$95k),0
CUST-5004,Male,39,High School,Employed,Divorced,1,70300.0,612.0,2,LN-2023-14004,Auto,46900.0,48,15.22,1310.5,0.316,8.0,0,Fair,Mortgage,East,Fully Paid,No,Fair (580-669),Upper-Middle ($65k-$95k),0
CUST-5005,Male,67,PhD,Employed,Single,1,50300.0,590.0,0,LN-2023-14005,Personal,28600.0,48,18.66,850.02,0.203,7.0,0,Fair,Mortgage,North,Fully Paid,No,Fair (580-669),Lower-Middle ($40k-$65k),0
CUST-5006,Male,24,High School,Employed,Divorced,2,87400.0,524.0,2,LN-2023-14006,Personal,4500.0,48,18.02,132.23,0.08,0.0,1,Poor,Rent,South,Current,No,Poor (<580),Upper-Middle ($65k-$95k),0
CUST-5007,Male,50,High School,Self-Employed,Married,0,45100.0,643.0,0,LN-2023-14007,Auto,29100.0,12,13.87,2611.03,0.695,12.0,0,Fair,Mortgage,East,Fully Paid,No,Fair (580-669),Lower-Middle ($40k-$65k),0
CUST-5008,Male,39,High School,Employed,Divorced,2,37500.0,745.0,1,LN-2023-14008,Auto,13000.0,36,13.01,438.08,0.206,2.0,0,Excellent,Own,North,Fully Paid,No,Very Good (740-799),Low (<$40k),0
CUST-5009,Female,51,Bachelor,Employed,Single,1,48000.0,735.0,1,LN-2023-14009,Personal,25900.0,24,16.49,1274.22,0.385,15.0,0,Good,Mortgage,North,Current,No,Good (670-739),Lower-Middle ($40k-$65k),0
CUST-5010,Male,51,Master,Employed,Single,0,112000.0,606.0,1,LN-2023-14010,Home,76700.0,12,12.7,6839.84,0.75,17.0,0,Fair,Mortgage,East,Current,No,Fair (580-669),High (>$95k),0
CUST-5011,Male,29,Bachelor,Employed,Married,3,55700.0,688.0,2,LN-2023-14011,Education,37000.0,48,13.38,999.61,0.269,4.0,0,Good,Rent,West,Fully Paid,No,Good (670-739),Lower-Middle ($40k-$65k),0
CUST-5012,Male,33,PhD,Unemployed,Married,0,24100.0,785.0,1,LN-2023-14012,Personal,4600.0,48,14.01,125.72,0.175,0.0,0,Excellent,Own,North,Current,No,Very Good (740-799),Low (<$40k),0
CUST-5013,Female,34,Bachelor,Employed,Divorced,1,51900.0,540.0,4,LN-2023-14013,Education,31000.0,48,17.16,897.07,0.409,0.0,0,Poor,Own,Central,Fully Paid,No,Poor (<580),Lower-Middle ($40k-$65k),0
CUST-5014,Male,66,High School,Employed,Single,0,21900.0,668.0,1,LN-2023-14014,Personal,14600.0,60,16.74,360.81,0.253,2.0,0,Fair,Rent,West,Fully Paid,No,Fair (580-669),Low (<$40k),0
CUST-5015,Female,30,Bachelor,Unemployed,Married,1,18000.0,694.0,2,LN-2023-14015,Home,67800.0,36,9.52,2172.47,0.75,0.0,0,Good,Own,West,Current,No,Good (670-739),Low (<$40k),0
CUST-5016,Male,51,Bachelor,Employed,Married,1,36000.0,670.0,3,LN-2023-14016,Home,89000.0,60,11.39,1952.43,0.75,3.0,0,Good,Rent,North,Current,No,Good (670-739),Low (<$40k),0
CUST-5017,Female,57,Master,Employed,Married,0,69000.0,742.0,0,LN-2023-14017,Home,86300.0,36,10.54,2806.59,0.488,5.0,0,Excellent,Mortgage,Central,Fully Paid,No,Very Good (740-799),Upper-Middle ($65k-$95k),0
CUST-5018,Female,43,Bachelor,Employed,Single,1,84800.0,542.0,2,LN-2023-14018,Personal,13100.0,60,17.23,327.19,0.08,19.0,0,Poor,Rent,East,Current,No,Poor (<580),Upper-Middle ($65k-$95k),0
CUST-5019,Male,47,Bachelor,Employed,Single,1,80700.0,584.0,1,LN-2023-14019,Personal,21800.0,12,16.82,1986.4,0.336,8.0,0,Fair,Rent,East,Current,No,Fair (580-669),Upper-Middle ($65k-$95k),0
CUST-5020,Male,26,Bachelor,Unemployed,Married,2,38700.0,727.0,0,LN-2023-14020,Auto,35100.0,24,11.06,1636.91,0.508,0.0,0,Good,Own,East,Current,No,Good (670-739),Low (<$40k),0
CUST-5021,Male,46,Bachelor,Employed,Married,0,100100.0,525.0,0,LN-2023-14021,Personal,5200.0,36,19.71,192.48,0.08,6.0,0,Poor,Mortgage,East,Fully Paid,No,Poor (<580),High (>$95k),0
CUST-5022,Male,22,PhD,Unemployed,Single,0,25600.0,739.0,2,LN-2023-14022,Auto,32600.0,24,11.39,1525.33,0.75,0.0,0,Good,Rent,West,Defaulted,Yes,Good (670-739),Low (<$40k),1
CUST-5023,Female,65,High School,Unemployed,Married,1,18000.0,708.0,0,LN-2023-14023,Education,30200.0,12,12.38,2688.6,0.75,0.0,0,Good,Mortgage,North,Fully Paid,No,Good (670-739),Low (<$40k),0
CUST-5024,Female,33,Master,Employed,Married,0,76700.0,733.0,0,LN-2023-14024,Education,8600.0,24,12.71,407.69,0.08,1.0,0,Good,Mortgage,East,Current,No,Good (670-739),Upper-Middle ($65k-$95k),0
CUST-5025,Female,39,Bachelor,Employed,Married,1,23900.0,630.0,1,LN-2023-14025,Personal,22100.0,48,16.07,627.11,0.381,10.0,0,Fair,Mortgage,East,Current,No,Fair (580-669),Low (<$40k),0
CUST-5026,Female,21,Bachelor,Employed,Married,0,36400.0,713.0,1,LN-2023-14026,Auto,40600.0,60,12.93,922.32,0.349,0.0,0,Good,Mortgage,North,Fully Paid,No,Good (670-739),Low (<$40k),0
CUST-5027,Male,60,PhD,Employed,Divorced,0,86100.0,570.0,2,LN-2023-14027,Auto,41600.0,36,17.45,1492.49,0.238,6.0,1,Poor,Rent,East,Defaulted,Yes,Poor (<580),Upper-Middle ($65k-$95k),1
CUST-5028,Male,52,Bachelor,Employed,Single,2,58200.0,634.0,0,LN-2023-14028,Personal,4200.0,60,16.59,103.46,0.08,25.0,0,Fair,Mortgage,East,Defaulted,Yes,Fair (580-669),Lower-Middle ($40k-$65k),1
CUST-5029,Female,42,Bachelor,Employed,Divorced,2,79200.0,673.0,0,LN-2023-14029,Home,104300.0,48,10.13,2651.83,0.402,15.0,0,Good,Rent,North,Fully Paid,No,Good (670-739),Upper-Middle ($65k-$95k),0
CUST-5030,Male,49,High School,Employed,Married,1,60500.0,593.0,1,LN-2023-14030,Personal,26100.0,24,17.44,1295.97,0.297,6.0,0,Fair,Rent,South,Current,No,Fair (580-669),Lower-Middle ($40k-$65k),0
CUST-5031,Female,22,High School,Unemployed,Divorced,2,18000.0,688.0,1,LN-2023-14031,Home,78700.0,36,11.51,2595.59,0.75,0.0,0,Good,Rent,North,Fully Paid,No,Good (670-739),Low (<$40k),0
CUST-5032,Male,60,Master,Employed,Single,2,98300.0,572.0,3,LN-2023-14032,Education,24500.0,60,16.49,602.19,0.126,16.0,1,Poor,Rent,West,Current,No,Poor (<580),High (>$95k),0
CUST-5033,Male,58,Bachelor,Employed,Married,1,68100.0,692.0,1,LN-2023-14033,Education,15000.0,48,14.16,411.1,0.109,15.0,0,Good,Rent,North,Current,No,Good (670-739),Upper-Middle ($65k-$95k),0
CUST-5034,Female,31,Master,Self-Employed,Married,4,118500.0,818.0,3,LN-2023-14034,Auto,21800.0,36,9.89,702.3,0.139,3.0,0,Excellent,Mortgage,West,Current,No,Excellent (800+),High (>$95k),0
CUST-5035,Male,37,High School,Employed,Single,2,79400.0,563.0,0,LN-2023-14035,Home,87600.0,24,13.72,4194.35,0.634,11.0,0,Poor,Own,Central,Defaulted,Yes,Poor (<580),Upper-Middle ($65k-$95k),1
CUST-5036,Female,63,High School,Employed,Divorced,1,46000.0,668.0,1,LN-2023-14036,Business,30600.0,48,14.19,839.11,0.245,4.0,0,Fair,Mortgage,South,Current,No,Fair (580-669),Lower-Middle ($40k-$65k),0
CUST-5037,Female,28,High School,Employed,Married,0,86000.0,532.0,2,LN-2023-14037,Auto,24100.0,36,17.03,859.59,0.183,3.0,0,Poor,Rent,South,Fully Paid,No,Poor (<580),Upper-Middle ($65k-$95k),0
CUST-5038,Female,42,Bachelor,Employed,Married,3,42100.0,599.0,2,LN-2023-14038,Home,70600.0,24,12.2,3329.98,0.75,8.0,0,Fair,Mortgage,North,Fully Paid,No,Fair (580-669),Lower-Middle ($40k-$65k),0
CUST-5039,Female,24,PhD,Employed,Single,0,60600.0,729.0,5,LN-2023-14039,Education,14100.0,36,12.9,474.41,0.213,1.0,0,Good,Mortgage,East,Current,No,Good (670-739),Lower-Middle ($40k-$65k),0
CUST-5040,Female,31,Bachelor,Employed,Divorced,0,76200.0,633.0,1,LN-2023-14040,Personal,17000.0,36,16.26,599.85,0.132,8.0,0,Fair,Mortgage,Central,Fully Paid,No,Fair (580-669),Upper-Middle ($65k-$95k),0
CUST-5041,Female,28,Bachelor,Employed,Single,0,53300.0,733.0,1,LN-2023-14041,Personal,27300.0,24,14.61,1318.63,0.353,1.0,0,Good,Rent,South,Fully Paid,No,Good (670-739),Lower-Middle ($40k-$65k),0
CUST-5042,Male,29,Master,Unemployed,Married,0,30600.0,700.0,3,LN-2023-14042,Education,14200.0,48,14.07,388.53,0.328,0.0,0,Good,Mortgage,North,Fully Paid,No,Good (670-739),Low (<$40k),0
CUST-5043,Male,46,Master,Employed,Married,0,190800.0,664.0,0,LN-2023-14043,Education,28400.0,48,13.89,774.51,0.08,2.0,0,Fair,Rent,East,Current,No,Fair (580-669),High (>$95k),0
CUST-5044,Female,22,High School,Employed,Married,2,58600.0,582.0,0,LN-2023-14044,Personal,10400.0,24,17.48,516.6,0.106,1.0,0,Fair,Mortgage,Central,Defaulted,Yes,Fair (580-669),Lower-Middle ($40k-$65k),1
CUST-5045,Male,36,Master,Employed,Single,1,85600.0,728.0,1,LN-2023-14045,Education,10800.0,36,12.79,362.8,0.081,2.0,0,Good,Rent,Central,Fully Paid,No,Good (670-739),Upper-Middle ($65k-$95k),0
CUST-5046,Male,51,Bachelor,Employed,Single,0,42500.0,695.0,0,LN-2023-14046,Home,125200.0,60,10.56,2694.76,0.75,2.0,0,Good,Rent,South,Defaulted,Yes,Good (670-739),Lower-Middle ($40k-$65k),1
CUST-5047,Male,26,High School,Employed,Single,2,22800.0,540.0,1,LN-2023-14047,Auto,34100.0,48,15.76,962.22,0.64,2.0,0,Poor,Mortgage,West,Defaulted,Yes,Poor (<580),Low (<$40k),1
CUST-5048,Female,41,High School,Unemployed,Married,1,18000.0,588.0,5,LN-2023-14048,Personal,6000.0,48,19.17,179.94,0.724,0.0,0,Fair,Mortgage,East,Defaulted,Yes,Fair (580-669),Low (<$40k),1
CUST-5049,Female,46,Bachelor,Employed,Divorced,1,101600.0,434.0,1,LN-2023-14049,Business,64300.0,36,19.75,2381.44,0.302,5.0,1,Poor,Rent,West,Fully Paid,No,Poor (<580),High (>$95k),0
CUST-5050,Male,39,Bachelor,Employed,Single,0,54400.0,553.0,2,LN-2023-14050,Education,12000.0,24,17.09,593.83,0.249,6.0,0,Poor,Rent,West,Fully Paid,No,Poor (<580),Lower-Middle ($40k-$65k),0
CUST-5051,Female,48,Bachelor,Employed,Divorced,2,75300.0,643.0,0,LN-2023-14051,Home,120500.0,36,12.06,4005.78,0.638,6.0,0,Fair,Mortgage,North,Current,No,Fair (580-669),Upper-Middle ($65k-$95k),0
CUST-5052,Female,28,High School,Employed,Single,0,93300.0,580.0,1,LN-2023-14052,Education,14400.0,48,15.46,404.13,0.08,1.0,0,Fair,Own,South,Current,No,Fair (580-669),Upper-Middle ($65k-$95k),0
CUST-5053,Female,34,Master,Employed,Single,0,146200.0,599.0,0,LN-2023-14053,Education,33400.0,12,15.87,3028.36,0.249,6.0,0,Fair,Rent,West,Fully Paid,No,Fair (580-669),High (>$95k),0
CUST-5054,Female,44,PhD,Employed,Single,0,112600.0,788.0,1,LN-2023-14054,Home,61900.0,12,8.99,5412.96,0.591,1.0,0,Excellent,Mortgage,West,Current,No,Very Good (740-799),High (>$95k),0
CUST-5055,Female,64,Master,Employed,Married,2,84000.0,757.0,0,LN-2023-14055,Business,59100.0,36,14.87,2044.96,0.292,36.0,0,Excellent,Rent,North,Fully Paid,No,Very Good (740-799),Upper-Middle ($65k-$95k),0
CUST-5056,Male,57,Bachelor,Employed,Divorced,1,31700.0,610.0,2,LN-2023-14056,Business,83900.0,36,16.39,2965.85,0.75,11.0,0,Fair,Own,East,Defaulted,Yes,Fair (580-669),Low (<$40k),1
CUST-5057,Female,46,High School,Employed,Married,0,37000.0,737.0,2,LN-2023-14057,Personal,11600.0,60,14.22,271.24,0.168,15.0,0,Good,Rent,Central,Fully Paid,No,Good (670-739),Low (<$40k),0
CUST-5058,Male,51,High School,Employed,Single,0,43300.0,773.0,1,LN-2023-14058,Personal,5400.0,12,14.5,486.12,0.163,21.0,0,Excellent,Rent,West,Fully Paid,No,Very Good (740-799),Lower-Middle ($40k-$65k),0
CUST-5059,Female,52,High School,Employed,Divorced,1,33500.0,722.0,0,LN-2023-14059,Home,92000.0,36,10.27,2980.26,0.75,7.0,0,Good,Rent,East,Fully Paid,No,Good (670-739),Low (<$40k),0
CUST-5060,Female,61,Bachelor,Unemployed,Married,1,24600.0,695.0,0,LN-2023-14060,Home,59600.0,48,11.39,1551.71,0.75,0.0,0,Good,Rent,North,Defaulted,Yes,Good (670-739),Low (<$40k),1
CUST-5061,Male,22,Bachelor,Employed,Single,0,148600.0,763.0,1,LN-2023-14061,Personal,24100.0,36,14.86,833.78,0.089,1.0,0,Excellent,Rent,South,Current,No,Very Good (740-799),High (>$95k),0
CUST-5062,Male,45,Bachelor,Self-Employed,Single,2,143100.0,735.0,3,LN-2023-14062,Personal,20100.0,36,15.02,696.97,0.108,17.0,0,Good,Mortgage,East,Current,No,Good (670-739),High (>$95k),0
CUST-5063,Female,64,Bachelor,Employed,Single,4,70200.0,566.0,1,LN-2023-14063,Business,44200.0,48,17.72,1291.92,0.267,9.0,2,Poor,Own,West,Fully Paid,No,Poor (<580),Upper-Middle ($65k-$95k),0
CUST-5064,Male,22,Bachelor,Employed,Single,0,89300.0,653.0,1,LN-2023-14064,Auto,36800.0,12,13.69,3298.8,0.471,1.0,0,Fair,Mortgage,East,Current,No,Fair (580-669),Upper-Middle ($65k-$95k),0
CUST-5065,Female,62,Bachelor,Employed,Single,1,45300.0,623.0,3,LN-2023-14065,Education,14100.0,60,15.95,342.51,0.226,1.0,0,Fair,Mortgage,South,Current,No,Fair (580-669),Lower-Middle ($40k-$65k),0
CUST-5066,Male,21,Bachelor,Employed,Single,0,121500.0,767.0,0,LN-2023-14066,Business,84200.0,24,13.83,4035.93,0.399,0.0,0,Excellent,Mortgage,East,Fully Paid,No,Very Good (740-799),High (>$95k),0
CUST-5067,Male,56,Bachelor,Employed,Married,2,31100.0,620.0,1,LN-2023-14067,Home,74500.0,12,12.52,6637.37,0.75,23.0,1,Fair,Rent,North,Defaulted,Yes,Fair (580-669),Low (<$40k),1
CUST-5068,Female,32,High School,Employed,Married,0,74000.0,606.0,1,LN-2023-14068,Auto,39000.0,36,15.24,1356.54,0.246,2.0,0,Fair,Rent,West,Fully Paid,No,Fair (580-669),Upper-Middle ($65k-$95k),0
CUST-5069,Female,29,Bachelor,Self-Employed,Married,0,90400.0,757.0,1,LN-2023-14069,Personal,10500.0,48,13.25,282.99,0.08,5.0,0,Excellent,Own,Central,Current,No,Very Good (740-799),Upper-Middle ($65k-$95k),0
CUST-5070,Female,56,Bachelor,Employed,Single,2,44700.0,692.0,5,LN-2023-14070,Auto,37200.0,24,12.91,1766.98,0.75,26.0,0,Good,Rent,North,Fully Paid,No,Good (670-739),Lower-Middle ($40k-$65k),0
CUST-5071,Male,61,High School,Employed,Married,2,44700.0,849.0,1,LN-2023-14071,Personal,3900.0,12,12.07,346.64,0.142,33.0,0,Excellent,Mortgage,South,Current,No,Excellent (800+),Lower-Middle ($40k-$65k),0
CUST-5072,Female,48,Master,Employed,Single,0,46700.0,596.0,0,LN-2023-14072,Personal,11600.0,12,17.62,1061.39,0.273,11.0,0,Fair,Own,Central,Fully Paid,No,Fair (580-669),Lower-Middle ($40k-$65k),0
CUST-5073,Female,58,Master,Self-Employed,Married,0,54800.0,625.0,0,LN-2023-14073,Personal,5700.0,24,16.77,281.19,0.08,31.0,0,Fair,Rent,East,Fully Paid,No,Fair (580-669),Lower-Middle ($40k-$65k),0
CUST-5074,Female,53,High School,Self-Employed,Single,0,27600.0,765.0,1,LN-2023-14074,Auto,27100.0,24,11.25,1266.22,0.597,11.0,0,Excellent,Own,East,Current,No,Very Good (740-799),Low (<$40k),0
CUST-5075,Female,62,High School,Employed,Married,1,69400.0,561.0,1,LN-2023-14075,Business,50500.0,36,18.18,1830.26,0.354,8.0,1,Poor,Mortgage,North,Fully Paid,No,Poor (<580),Upper-Middle ($65k-$95k),0
CUST-5076,Female,66,Master,Self-Employed,Single,2,154000.0,782.0,5,LN-2023-14076,Personal,13400.0,24,14.62,647.3,0.154,20.0,0,Excellent,Own,West,Fully Paid,No,Very Good (740-799),High (>$95k),0
CUST-5077,Male,42,High School,Employed,Single,1,18600.0,567.0,1,LN-2023-14077,Home,128400.0,36,12.28,4281.91,0.75,12.0,0,Poor,Mortgage,West,Fully Paid,No,Poor (<580),Low (<$40k),0
CUST-5078,Male,45,Bachelor,Employed,Divorced,1,143800.0,721.0,2,LN-2023-14078,Auto,19300.0,36,12.93,649.64,0.08,10.0,0,Good,Rent,East,Fully Paid,No,Good (670-739),High (>$95k),0
CUST-5079,Female,38,High School,Employed,Single,2,48800.0,513.0,0,LN-2023-14079,Home,112200.0,48,14.95,3119.77,0.75,8.0,1,Poor,Mortgage,North,Defaulted,Yes,Poor (<580),Lower-Middle ($40k-$65k),1
CUST-5080,Male,26,High School,Self-Employed,Single,1,64300.0,673.0,0,LN-2023-14080,Business,51300.0,24,15.75,2505.68,0.468,2.0,0,Good,Own,East,Fully Paid,No,Good (670-739),Lower-Middle ($40k-$65k),0
CUST-5081,Female,38,Master,Unemployed,Divorced,1,18000.0,553.0,2,LN-2023-14081,Personal,12700.0,36,18.35,461.37,0.575,0.0,0,Poor,Rent,North,Defaulted,Yes,Poor (<580),Low (<$40k),1
CUST-5082,Male,36,Master,Unemployed,Single,1,49400.0,833.0,3,LN-2023-14082,Personal,8900.0,48,12.83,238.01,0.215,0.0,0,Excellent,Own,West,Current,No,Excellent (800+),Lower-Middle ($40k-$65k),0
CUST-5083,Female,35,High School,Employed,Married,3,53700.0,578.0,1,LN-2023-14083,Home,98800.0,60,14.25,2311.73,0.572,6.0,1,Poor,Mortgage,Central,Current,No,Poor (<580),Lower-Middle ($40k-$65k),0
CUST-5084,Female,28,Bachelor,Unemployed,Single,0,36700.0,599.0,1,LN-2023-14084,Auto,22700.0,36,13.79,773.52,0.29,0.0,0,Fair,Rent,East,Fully Paid,No,Fair (580-669),Low (<$40k),0
CUST-5085,Male,33,High School,Employed,Single,0,85000.0,715.0,1,LN-2023-14085,Personal,26600.0,36,16.54,942.28,0.158,10.0,0,Good,Rent,Central,Current,No,Good (670-739),Upper-Middle ($65k-$95k),0
CUST-5086,Male,63,High School,Employed,Married,0,89500.0,618.0,1,LN-2023-14086,Personal,31100.0,36,17.3,1113.45,0.182,18.0,1,Fair,Rent,South,Current,No,Fair (580-669),Upper-Middle ($65k-$95k),0
CUST-5087,Male,27,PhD,Employed,Single,2,69300.0,729.0,0,LN-2023-14087,Education,13700.0,36,12.84,460.55,0.08,1.0,0,Good,Own,South,Fully Paid,No,Good (670-739),Upper-Middle ($65k-$95k),0
CUST-5088,Female,37,Bachelor,Employed,Single,0,57300.0,609.0,2,LN-2023-14088,Personal,6700.0,24,16.43,329.43,0.116,11.0,1,Fair,Rent,East,Current,No,Fair (580-669),Lower-Middle ($40k-$65k),0
CUST-5089,Female,52,Bachelor,Employed,Divorced,0,47700.0,603.0,1,LN-2023-14089,Home,71800.0,36,12.63,2406.45,0.631,9.0,0,Fair,Mortgage,East,Fully Paid,No,Fair (580-669),Lower-Middle ($40k-$65k),0
CUST-5090,Male,42,Master,Employed,Divorced,4,116400.0,667.0,1,LN-2023-14090,Business,52700.0,60,16.88,1306.33,0.16,15.0,0,Fair,Mortgage,West,Fully Paid,No,Fair (580-669),High (>$95k),0
CUST-5091,Female,33,Master,Unemployed,Married,3,31600.0,566.0,1,LN-2023-14091,Auto,21400.0,36,15.9,751.3,0.333,0.0,0,Poor,Mortgage,East,Fully Paid,No,Poor (<580),Low (<$40k),0
CUST-5092,Male,67,Master,Employed,Married,4,125900.0,703.0,0,LN-2023-14092,Home,127500.0,24,11.13,5950.2,0.567,2.0,0,Good,Own,Central,Fully Paid,No,Good (670-739),High (>$95k),0
CUST-5093,Male,43,High School,Employed,Married,0,81000.0,744.0,1,LN-2023-14093,Home,111200.0,60,9.61,2341.39,0.364,6.0,0,Excellent,Mortgage,Central,Current,No,Very Good (740-799),Upper-Middle ($65k-$95k),0
CUST-5094,Female,49,High School,Unemployed,Married,3,18000.0,717.0,2,LN-2023-14094,Home,127100.0,36,11.91,4216.08,0.75,0.0,0,Good,Mortgage,East,Defaulted,Yes,Good (670-739),Low (<$40k),1
CUST-5095,Male,42,Bachelor,Employed,Divorced,0,115500.0,724.0,0,LN-2023-14095,Auto,24200.0,36,12.26,806.79,0.084,2.0,0,Good,Own,West,Fully Paid,No,Good (670-739),High (>$95k),0
CUST-5096,Male,21,Bachelor,Employed,Married,0,96400.0,506.0,2,LN-2023-14096,Education,16400.0,36,18.46,596.69,0.132,0.0,0,Poor,Mortgage,East,Fully Paid,No,Poor (<580),High (>$95k),0
CUST-5097,Male,49,PhD,Employed,Single,0,78600.0,630.0,1,LN-2023-14097,Auto,25500.0,36,14.33,875.62,0.167,16.0,0,Fair,Own,Central,Fully Paid,No,Fair (580-669),Upper-Middle ($65k-$95k),0
CUST-5098,Male,25,Bachelor,Employed,Single,1,73600.0,650.0,3,LN-2023-14098,Education,23800.0,24,14.74,1151.04,0.248,1.0,0,Fair,Mortgage,North,Fully Paid,No,Fair (580-669),Upper-Middle ($65k-$95k),0
CUST-5099,Male,55,PhD,Employed,Single,0,87800.0,793.0,3,LN-2023-14099,Personal,24500.0,36,13.6,832.6,0.159,25.0,0,Excellent,Mortgage,West,Fully Paid,No,Very Good (740-799),Upper-Middle ($65k-$95k),0
CUST-5100,Male,30,High School,Employed,Married,1,64800.0,620.0,1,LN-2023-14100,Personal,28600.0,36,17.81,1031.23,0.225,4.0,0,Fair,Rent,East,Fully Paid,No,Fair (580-669),Lower-Middle ($40k-$65k),0
CUST-5101,Female,39,Master,Self-Employed,Married,2,75700.0,474.0,0,LN-2023-14101,Auto,27600.0,48,18.39,816.39,0.129,5.0,3,Poor,Rent,North,Defaulted,Yes,Poor (<580),Upper-Middle ($65k-$95k),1
CUST-5102,Male,57,Bachelor,Employed,Married,0,78000.0,584.0,2,LN-2023-14102,Personal,11400.0,24,17.62,567.04,0.118,22.0,0,Fair,Own,West,Fully Paid,No,Fair (580-669),Upper-Middle ($65k-$95k),0
CUST-5103,Female,27,PhD,Employed,Married,0,95700.0,613.0,1,LN-2023-14103,Education,16800.0,48,16.13,477.24,0.08,3.0,0,Fair,Rent,South,Defaulted,Yes,Fair (580-669),High (>$95k),1
CUST-5104,Male,66,High School,Employed,Divorced,0,40400.0,486.0,1,LN-2023-14104,Home,104200.0,24,14.91,5047.85,0.75,31.0,1,Poor,Rent,East,Defaulted,Yes,Poor (<580),Lower-Middle ($40k-$65k),1
CUST-5105,Male,55,Bachelor,Employed,Single,3,68500.0,752.0,0,LN-2023-14105,Home,93200.0,24,8.93,4254.83,0.745,19.0,0,Excellent,Rent,West,Fully Paid,No,Very Good (740-799),Upper-Middle ($65k-$95k),0
CUST-5106,Female,65,Master,Employed,Married,0,220000.0,536.0,2,LN-2023-14106,Education,22500.0,36,16.8,799.95,0.08,6.0,0,Poor,Mortgage,South,Fully Paid,No,Poor (<580),High (>$95k),0
CUST-5107,Female,33,Bachelor,Unemployed,Divorced,1,18000.0,707.0,1,LN-2023-14107,Auto,17700.0,60,13.02,402.91,0.364,0.0,0,Good,Rent,South,Fully Paid,No,Good (670-739),Low (<$40k),0
CUST-5108,Male,30,Bachelor,Self-Employed,Married,0,64600.0,577.0,1,LN-2023-14108,Auto,43300.0,36,14.89,1498.68,0.304,5.0,3,Poor,Mortgage,South,Fully Paid,No,Poor (<580),Lower-Middle ($40k-$65k),0
CUST-5109,Female,22,PhD,Employed,Single,3,68700.0,798.0,4,LN-2023-14109,Auto,39700.0,48,10.69,1020.1,0.297,0.0,0,Excellent,Mortgage,West,Fully Paid,No,Very Good (740-799),Upper-Middle ($65k-$95k),0
CUST-5110,Female,26,Bachelor,Unemployed,Married,0,18000.0,646.0,1,LN-2023-14110,Home,57000.0,36,11.12,1869.35,0.75,0.0,1,Fair,Rent,Central,Defaulted,Yes,Fair (580-669),Low (<$40k),1
CUST-5111,Female,28,Bachelor,Employed,Single,0,90800.0,629.0,2,LN-2023-14111,Business,45700.0,60,16.57,1125.22,0.22,3.0,0,Fair,Rent,South,Fully Paid,No,Fair (580-669),Upper-Middle ($65k-$95k),0
CUST-5112,Male,56,High School,Employed,Married,0,67800.0,714.0,2,LN-2023-14112,Education,24400.0,24,13.77,1168.86,0.258,28.0,0,Good,Rent,East,Current,No,Good (670-739),Upper-Middle ($65k-$95k),0
CUST-5113,Male,45,Master,Employed,Married,3,77600.0,584.0,0,LN-2023-14113,Home,83600.0,36,12.86,2811.18,0.435,7.0,0,Fair,Rent,South,Defaulted,Yes,Fair (580-669),Upper-Middle ($65k-$95k),1
CUST-5114,Male,64,Bachelor,Employed,Married,0,99800.0,718.0,2,LN-2023-14114,Education,19500.0,48,12.15,514.95,0.11,23.0,0,Good,Mortgage,Central,Fully Paid,No,Good (670-739),High (>$95k),0
CUST-5115,Female,67,Bachelor,Self-Employed,Married,1,103300.0,629.0,1,LN-2023-14115,Education,30400.0,36,15.23,1057.25,0.146,14.0,0,Fair,Rent,Central,Fully Paid,No,Fair (580-669),High (>$95k),0
CUST-5116,Male,60,High School,Employed,Single,0,45600.0,619.0,2,LN-2023-14116,Auto,12100.0,60,14.13,282.36,0.187,3.0,2,Fair,Mortgage,North,Current,No,Fair (580-669),Lower-Middle ($40k-$65k),0
CUST-5117,Female,27,Bachelor,Employed,Married,3,31500.0,662.0,2,LN-2023-14117,Auto,27900.0,36,15.43,973.05,0.579,2.0,0,Fair,Own,East,Current,No,Fair (580-669),Low (<$40k),0
CUST-5118,Male,66,High School,Self-Employed,Single,1,82000.0,577.0,1,LN-2023-14118,Auto,20000.0,48,15.74,564.15,0.106,6.0,0,Poor,Own,Central,Fully Paid,No,Poor (<580),Upper-Middle ($65k-$95k),0
CUST-5119,Male,43,High School,Self-Employed,Single,1,60900.0,653.0,1,LN-2023-14119,Personal,5500.0,24,17.15,272.33,0.086,8.0,0,Fair,Mortgage,East,Fully Paid,No,Fair (580-669),Lower-Middle ($40k-$65k),0
CUST-5120,Female,39,Bachelor,Self-Employed,Single,1,73000.0,698.0,2,LN-2023-14120,Personal,16500.0,24,14.52,796.27,0.184,6.0,0,Good,Own,South,Fully Paid,No,Good (670-739),Upper-Middle ($65k-$95k),0
CUST-5121,Male,66,High School,Employed,Single,0,39800.0,473.0,1,LN-2023-14121,Education,11800.0,36,18.71,430.81,0.194,32.0,0,Poor,Mortgage,Central,Defaulted,Yes,Poor (<580),Low (<$40k),1
CUST-5122,Male,42,High School,Employed,Married,0,68600.0,762.0,2,LN-2023-14122,Auto,19800.0,48,10.83,510.11,0.162,1.0,0,Excellent,Mortgage,South,Fully Paid,No,Very Good (740-799),Upper-Middle ($65k-$95k),0
CUST-5123,Female,33,Bachelor,Employed,Single,1,73500.0,739.0,0,LN-2023-14123,Personal,17700.0,36,14.42,608.56,0.099,3.0,0,Good,Mortgage,North,Fully Paid,No,Good (670-739),Upper-Middle ($65k-$95k),0
CUST-5124,Female,41,High School,Employed,Divorced,3,44100.0,512.0,2,LN-2023-14124,Home,127800.0,36,14.51,4399.62,0.75,14.0,3,Poor,Own,Central,Defaulted,Yes,Poor (<580),Lower-Middle ($40k-$65k),1
CUST-5125,Female,21,Bachelor,Self-Employed,Single,0,41700.0,499.0,1,LN-2023-14125,Personal,22800.0,36,20.55,853.73,0.297,0.0,0,Poor,Mortgage,East,Defaulted,Yes,Poor (<580),Lower-Middle ($40k-$65k),1
CUST-5126,Female,39,High School,Unemployed,Single,3,27800.0,741.0,2,LN-2023-14126,Education,15500.0,48,12.72,413.68,0.388,6.0,0,Excellent,Rent,North,Fully Paid,No,Very Good (740-799),Low (<$40k),0
CUST-5127,Female,53,Bachelor,Self-Employed,Single,0,94900.0,734.0,0,LN-2023-14127,Home,77500.0,24,10.23,3584.46,0.453,11.0,1,Good,Rent,East,Defaulted,Yes,Good (670-739),Upper-Middle ($65k-$95k),1
CUST-5128,Female,24,Bachelor,Employed,Married,3,70500.0,722.0,1,LN-2023-14128,Auto,25400.0,36,13.37,860.36,0.185,3.0,0,Good,Rent,Central,Fully Paid,No,Good (670-739),Upper-Middle ($65k-$95k),0
CUST-5129,Male,62,Bachelor,Self-Employed,Single,0,21900.0,548.0,2,LN-2023-14129,Personal,7500.0,36,18.76,274.01,0.314,7.0,1,Poor,Mortgage,North,Current,No,Poor (<580),Low (<$40k),0
CUST-5130,Male,23,Bachelor,Unemployed,Divorced,0,21600.0,825.0,0,LN-2023-14130,Education,11500.0,36,11.37,378.51,0.21,0.0,0,Excellent,Mortgage,South,Fully Paid,No,Excellent (800+),Low (<$40k),0
CUST-5131,Male,47,High School,Employed,Married,1,44000.0,605.0,3,LN-2023-14131,Business,30400.0,48,18.55,901.76,0.333,5.0,0,Fair,Rent,East,Fully Paid,No,Fair (580-669),Lower-Middle ($40k-$65k),0
CUST-5132,Male,61,High School,Employed,Divorced,2,37200.0,690.0,2,LN-2023-14132,Education,23700.0,12,13.72,2124.83,0.75,29.0,0,Good,Own,North,Current,No,Good (670-739),Low (<$40k),0
CUST-5133,Female,55,Bachelor,Self-Employed,Married,2,101500.0,691.0,3,LN-2023-14133,Home,102300.0,48,11.28,2657.93,0.402,26.0,0,Good,Own,Central,Fully Paid,No,Good (670-739),High (>$95k),0
CUST-5134,Female,48,PhD,Employed,Married,1,128000.0,805.0,1,LN-2023-14134,Education,26100.0,36,11.76,863.9,0.105,5.0,0,Excellent,Mortgage,East,Current,No,Excellent (800+),High (>$95k),0
CUST-5135,Female,26,High School,Unemployed,Single,1,20900.0,680.0,0,LN-2023-14135,Personal,31400.0,48,16.85,903.61,0.519,0.0,0,Good,Rent,East,Defaulted,Yes,Good (670-739),Low (<$40k),1
CUST-5136,Male,26,Bachelor,Employed,Single,0,100300.0,705.0,1,LN-2023-14136,Personal,6700.0,24,15.38,326.07,0.08,0.0,0,Good,Mortgage,North,Fully Paid,No,Good (670-739),High (>$95k),0
CUST-5137,Female,64,High School,Self-Employed,Divorced,0,35600.0,663.0,1,LN-2023-14137,Home,128900.0,24,11.27,6023.92,0.75,3.0,0,Fair,Own,South,Defaulted,Yes,Fair (580-669),Low (<$40k),1
CUST-5138,Male,43,Bachelor,Self-Employed,Divorced,0,58900.0,568.0,1,LN-2023-14138,Personal,16500.0,36,18.91,604.07,0.172,5.0,2,Poor,Rent,North,Fully Paid,No,Poor (<580),Lower-Middle ($40k-$65k),0
CUST-5139,Female,53,Bachelor,Employed,Married,1,65000.0,472.0,2,LN-2023-14139,Personal,9300.0,48,20.82,287.08,0.098,21.0,0,Poor,Mortgage,West,Fully Paid,No,Poor (<580),Lower-Middle ($40k-$65k),0
CUST-5140,Female,36,Bachelor,Self-Employed,Single,1,54600.0,672.0,2,LN-2023-14140,Auto,45800.0,48,14.12,1254.31,0.353,7.0,0,Good,Rent,South,Fully Paid,No,Good (670-739),Lower-Middle ($40k-$65k),0
CUST-5141,Male,44,Master,Employed,Married,2,108000.0,549.0,0,LN-2023-14141,Home,84800.0,36,14.71,2927.59,0.325,9.0,0,Poor,Own,South,Current,No,Poor (<580),High (>$95k),0
CUST-5142,Male,25,Bachelor,Employed,Married,2,49700.0,699.0,2,LN-2023-14142,Education,17800.0,60,13.57,410.22,0.227,2.0,0,Good,Own,East,Current,No,Good (670-739),Lower-Middle ($40k-$65k),0
CUST-5143,Male,61,High School,Employed,Married,0,88100.0,682.0,1,LN-2023-14143,Personal,9200.0,36,15.98,323.35,0.08,31.0,0,Good,Rent,West,Fully Paid,No,Good (670-739),Upper-Middle ($65k-$95k),0
CUST-5144,Female,62,Bachelor,Employed,Single,2,41300.0,680.0,1,LN-2023-14144,Business,38800.0,36,16.13,1366.58,0.438,3.0,0,Good,Rent,West,Current,No,Good (670-739),Lower-Middle ($40k-$65k),0
CUST-5145,Female,33,Bachelor,Self-Employed,Married,0,188700.0,580.0,1,LN-2023-14145,Home,128200.0,24,12.53,6066.6,0.395,7.0,0,Fair,Rent,North,Current,No,Fair (580-669),High (>$95k),0
CUST-5146,Female,67,Bachelor,Unemployed,Single,2,54800.0,758.0,1,LN-2023-14146,Home,70800.0,12,10.55,6242.57,0.75,0.0,0,Excellent,Rent,South,Defaulted,Yes,Very Good (740-799),Lower-Middle ($40k-$65k),1
CUST-5147,Male,32,Bachelor,Employed,Single,0,60200.0,710.0,2,LN-2023-14147,Personal,31400.0,36,15.49,1096.04,0.31,9.0,0,Good,Mortgage,North,Current,No,Good (670-739),Lower-Middle ($40k-$65k),0
CUST-5148,Male,25,Bachelor,Employed,Married,2,105300.0,569.0,2,LN-2023-14148,Auto,22500.0,12,15.19,2032.83,0.263,1.0,1,Poor,Rent,Central,Fully Paid,No,Poor (<580),High (>$95k),0
CUST-5149,Female,57,Bachelor,Employed,Single,1,52500.0,845.0,1,LN-2023-14149,Business,36200.0,36,12.14,1204.78,0.308,26.0,0,Excellent,Rent,South,Current,No,Excellent (800+),Lower-Middle ($40k-$65k),0
CUST-5150,Female,51,Master,Employed,Married,1,122800.0,652.0,2,LN-2023-14150,Auto,17000.0,60,14.88,403.36,0.08,18.0,0,Fair,Mortgage,North,Fully Paid,No,Fair (580-669),High (>$95k),0
CUST-5151,Male,48,Bachelor,Unemployed,Married,2,20300.0,556.0,0,LN-2023-14151,Personal,14900.0,36,18.77,544.44,0.322,0.0,1,Poor,Mortgage,South,Defaulted,Yes,Poor (<580),Low (<$40k),1
CUST-5152,Male,48,Master,Employed,Single,0,43600.0,605.0,3,LN-2023-14152,Home,65100.0,36,12.48,2177.21,0.75,0.0,0,Fair,Own,North,Defaulted,Yes,Fair (580-669),Lower-Middle ($40k-$65k),1
CUST-5153,Female,50,High School,Employed,Single,0,18000.0,541.0,2,LN-2023-14153,Home,104200.0,24,13.51,4978.86,0.75,6.0,2,Poor,Rent,West,Defaulted,Yes,Poor (<580),Low (<$40k),1
CUST-5154,Male,38,Bachelor,Employed,Divorced,1,55700.0,785.0,2,LN-2023-14154,Personal,10000.0,24,15.26,486.1,0.197,9.0,0,Excellent,Rent,South,Fully Paid,No,Very Good (740-799),Lower-Middle ($40k-$65k),0
CUST-5155,Male,64,Master,Employed,Single,2,88300.0,761.0,1,LN-2023-14155,Education,34400.0,24,10.84,1600.76,0.252,19.0,0,Excellent,Mortgage,South,Fully Paid,No,Very Good (740-799),Upper-Middle ($65k-$95k),0
CUST-5156,Male,47,Bachelor,Self-Employed,Single,0,131600.0,732.0,0,LN-2023-14156,Home,115900.0,36,10.43,3763.21,0.343,12.0,0,Good,Rent,Central,Fully Paid,No,Good (670-739),High (>$95k),0
CUST-5157,Female,55,Master,Employed,Single,0,79100.0,716.0,1,LN-2023-14157,Home,69300.0,36,10.14,2240.67,0.361,7.0,0,Good,Rent,North,Fully Paid,No,Good (670-739),Upper-Middle ($65k-$95k),0
CUST-5158,Female,46,Bachelor,Employed,Married,1,98700.0,776.0,1,LN-2023-14158,Personal,24900.0,24,14.46,1200.94,0.169,15.0,0,Excellent,Mortgage,North,Current,No,Very Good (740-799),High (>$95k),0
CUST-5159,Female,59,High School,Self-Employed,Married,1,46000.0,649.0,1,LN-2023-14159,Personal,27900.0,36,15.67,976.34,0.324,9.0,0,Fair,Mortgage,East,Fully Paid,No,Fair (580-669),Lower-Middle ($40k-$65k),0
CUST-5160,Female,38,Bachelor,Self-Employed,Married,1,62100.0,705.0,0,LN-2023-14160,Business,61300.0,36,16.22,2161.79,0.418,6.0,0,Good,Rent,Central,Defaulted,Yes,Good (670-739),Lower-Middle ($40k-$65k),1
CUST-5161,Male,53,High School,Self-Employed,Married,2,90700.0,600.0,2,LN-2023-14161,Personal,13600.0,48,17.51,396.03,0.126,10.0,0,Fair,Mortgage,Central,Fully Paid,No,Fair (580-669),Upper-Middle ($65k-$95k),0
CUST-5162,Male,45,PhD,Unemployed,Married,1,18000.0,656.0,0,LN-2023-14162,Home,82500.0,24,11.71,3872.4,0.75,0.0,0,Fair,Own,East,Fully Paid,No,Fair (580-669),Low (<$40k),0
CUST-5163,Female,51,Master,Unemployed,Divorced,0,27400.0,708.0,3,LN-2023-14163,Auto,39900.0,24,12.5,1887.56,0.75,0.0,0,Good,Mortgage,West,Fully Paid,No,Good (670-739),Low (<$40k),0
CUST-5164,Male,57,High School,Employed,Single,0,41000.0,408.0,0,LN-2023-14164,Home,69900.0,48,16.91,2013.71,0.589,21.0,1,Poor,Mortgage,East,Defaulted,Yes,Poor (<580),Lower-Middle ($40k-$65k),1
CUST-5165,Female,22,High School,Employed,Single,1,90600.0,617.0,4,LN-2023-14165,Home,73400.0,36,12.47,2454.44,0.457,0.0,0,Fair,Rent,South,Fully Paid,No,Fair (580-669),Upper-Middle ($65k-$95k),0
CUST-5166,Male,53,Bachelor,Employed,Married,2,49600.0,684.0,5,LN-2023-14166,Auto,16100.0,48,13.75,437.94,0.235,6.0,0,Good,Mortgage,South,Current,No,Good (670-739),Lower-Middle ($40k-$65k),0
CUST-5167,Male,59,Bachelor,Self-Employed,Married,0,91200.0,663.0,1,LN-2023-14167,Business,47900.0,24,14.81,2318.19,0.322,7.0,0,Fair,Rent,South,Current,No,Fair (580-669),Upper-Middle ($65k-$95k),0
CUST-5168,Male,63,High School,Employed,Married,4,74300.0,631.0,5,LN-2023-14168,Auto,13300.0,48,13.89,362.71,0.277,4.0,0,Fair,Mortgage,West,Current,No,Fair (580-669),Upper-Middle ($65k-$95k),0
CUST-5169,Male,63,Bachelor,Employed,Single,0,32100.0,720.0,3,LN-2023-14169,Business,42500.0,24,15.81,2077.08,0.75,7.0,0,Good,Mortgage,West,Current,No,Good (670-739),Low (<$40k),0
CUST-5170,Male,52,Bachelor,Employed,Married,1,59000.0,609.0,0,LN-2023-14170,Auto,24200.0,36,14.84,837.01,0.17,16.0,0,Fair,Rent,East,Current,No,Fair (580-669),Lower-Middle ($40k-$65k),0
CUST-5171,Male,38,High School,Self-Employed,Married,0,46500.0,566.0,4,LN-2023-14171,Personal,10400.0,24,17.95,518.96,0.284,11.0,3,Poor,Rent,Central,Fully Paid,No,Poor (<580),Lower-Middle ($40k-$65k),0
CUST-5172,Female,37,Master,Employed,Single,3,119200.0,770.0,0,LN-2023-14172,Personal,5900.0,12,12.97,526.89,0.08,9.0,0,Excellent,Rent,East,Fully Paid,No,Very Good (740-799),High (>$95k),0
CUST-5173,Male,54,Master,Employed,Single,2,105500.0,758.0,0,LN-2023-14173,Education,23700.0,36,11.3,779.28,0.089,13.0,0,Excellent,Own,West,Fully Paid,No,Very Good (740-799),High (>$95k),0
CUST-5174,Female,59,Master,Employed,Married,0,70100.0,619.0,1,LN-2023-14174,Home,118500.0,36,13.37,4013.88,0.709,2.0,0,Fair,Own,West,Defaulted,Yes,Fair (580-669),Upper-Middle ($65k-$95k),1
CUST-5175,Female,27,Master,Self-Employed,Single,3,55900.0,664.0,0,LN-2023-14175,Home,73500.0,36,11.12,2410.47,0.517,5.0,1,Fair,Rent,West,Current,No,Fair (580-669),Lower-Middle ($40k-$65k),0
CUST-5176,Female,62,High School,Employed,Single,0,78300.0,741.0,0,LN-2023-14176,Business,36600.0,36,14.86,1266.24,0.194,6.0,0,Excellent,Own,North,Current,No,Very Good (740-799),Upper-Middle ($65k-$95k),0
CUST-5177,Female,55,Bachelor,Employed,Single,2,61000.0,673.0,4,LN-2023-14177,Personal,11300.0,36,15.31,393.44,0.262,20.0,0,Good,Rent,Central,Fully Paid,No,Good (670-739),Lower-Middle ($40k-$65k),0
CUST-5178,Female,50,High School,Employed,Married,2,23700.0,715.0,5,LN-2023-14178,Home,118300.0,36,10.48,3843.92,0.75,23.0,0,Good,Rent,Central,Defaulted,Yes,Good (670-739),Low (<$40k),1
CUST-5179,Male,32,Master,Employed,Married,2,39100.0,710.0,2,LN-2023-14179,Education,23900.0,24,13.13,1137.71,0.447,7.0,0,Good,Rent,Central,Fully Paid,No,Good (670-739),Low (<$40k),0
CUST-5180,Male,55,PhD,Employed,Married,3,113000.0,642.0,1,LN-2023-14180,Auto,15000.0,48,13.65,407.27,0.08,6.0,1,Fair,Mortgage,West,Current,No,Fair (580-669),High (>$95k),0
CUST-5181,Male,31,Bachelor,Employed,Divorced,2,35400.0,713.0,3,LN-2023-14181,Home,105300.0,36,10.67,3430.95,0.75,3.0,0,Good,Own,West,Fully Paid,No,Good (670-739),Low (<$40k),0
CUST-5182,Female,64,Master,Employed,Married,4,179700.0,587.0,0,LN-2023-14182,Home,58100.0,36,11.9,1926.98,0.129,1.0,0,Fair,Rent,North,Current,No,Fair (580-669),High (>$95k),0
CUST-5183,Female,24,Bachelor,Self-Employed,Divorced,0,47400.0,703.0,4,LN-2023-14183,Personal,4700.0,24,15.27,228.49,0.163,2.0,0,Good,Own,North,Current,No,Good (670-739),Lower-Middle ($40k-$65k),0
CUST-5184,Male,45,Bachelor,Employed,Married,0,62900.0,663.0,1,LN-2023-14184,Home,66700.0,24,12.03,3140.74,0.652,13.0,0,Fair,Rent,South,Defaulted,Yes,Fair (580-669),Lower-Middle ($40k-$65k),1
CUST-5185,Male,52,Bachelor,Employed,Married,1,67500.0,639.0,3,LN-2023-14185,Auto,16400.0,24,13.66,784.78,0.217,19.0,0,Fair,Mortgage,South,Fully Paid,No,Fair (580-669),Upper-Middle ($65k-$95k),0
CUST-5186,Female,40,High School,Self-Employed,Married,2,40700.0,564.0,2,LN-2023-14186,Education,26600.0,24,16.54,1309.29,0.534,0.0,0,Poor,Own,South,Fully Paid,No,Poor (<580),Lower-Middle ($40k-$65k),0
CUST-5187,Male,51,High School,Self-Employed,Married,1,20600.0,681.0,4,LN-2023-14187,Personal,17100.0,60,15.93,415.2,0.678,21.0,0,Good,Rent,Central,Fully Paid,No,Good (670-739),Low (<$40k),0
CUST-5188,Female,24,Bachelor,Employed,Divorced,0,68500.0,673.0,3,LN-2023-14188,Education,30600.0,60,14.13,714.07,0.27,2.0,0,Good,Mortgage,Central,Fully Paid,No,Good (670-739),Upper-Middle ($65k-$95k),0
CUST-5189,Female,58,Bachelor,Employed,Single,2,44800.0,598.0,3,LN-2023-14189,Auto,29400.0,36,14.2,1007.68,0.372,4.0,0,Fair,Mortgage,West,Fully Paid,No,Fair (580-669),Lower-Middle ($40k-$65k),0
CUST-5190,Female,67,Bachelor,Self-Employed,Single,3,76200.0,534.0,2,LN-2023-14190,Auto,25900.0,24,16.62,1275.83,0.239,14.0,0,Poor,Rent,East,Fully Paid,No,Poor (<580),Upper-Middle ($65k-$95k),0
CUST-5191,Female,21,Bachelor,Self-Employed,Single,0,68400.0,530.0,3,LN-2023-14191,Home,89700.0,60,13.43,2060.75,0.414,0.0,0,Poor,Rent,North,Fully Paid,No,Poor (<580),Upper-Middle ($65k-$95k),0
CUST-5192,Female,23,Bachelor,Employed,Single,0,70800.0,648.0,2,LN-2023-14192,Home,81900.0,48,11.6,2140.69,0.441,1.0,0,Fair,Mortgage,Central,Defaulted,Yes,Fair (580-669),Upper-Middle ($65k-$95k),1
CUST-5193,Male,57,Bachelor,Employed,Divorced,0,127000.0,696.0,0,LN-2023-14193,Auto,11400.0,12,12.99,1018.16,0.096,4.0,0,Good,Rent,Central,Fully Paid,No,Good (670-739),High (>$95k),0
CUST-5194,Female,42,Bachelor,Employed,Married,0,49200.0,827.0,2,LN-2023-14194,Business,67600.0,36,12.55,2263.09,0.677,2.0,0,Excellent,Own,North,Fully Paid,No,Excellent (800+),Lower-Middle ($40k-$65k),0
CUST-5195,Female,37,Bachelor,Employed,Single,2,50900.0,666.0,0,LN-2023-14195,Home,126800.0,36,10.8,4139.27,0.75,11.0,0,Fair,Mortgage,North,Defaulted,Yes,Fair (580-669),Lower-Middle ($40k-$65k),1
CUST-5196,Male,34,Master,Employed,Single,3,36800.0,531.0,3,LN-2023-14196,Business,49500.0,12,18.72,4555.14,0.75,2.0,1,Poor,Own,Central,Fully Paid,No,Poor (<580),Low (<$40k),0
CUST-5197,Male,61,Bachelor,Employed,Divorced,0,57600.0,652.0,0,LN-2023-14197,Auto,26100.0,12,14.51,2349.71,0.49,6.0,0,Fair,Own,West,Fully Paid,No,Fair (580-669),Lower-Middle ($40k-$65k),0
CUST-5198,Male,55,Bachelor,Employed,Single,1,75600.0,776.0,5,LN-2023-14198,Education,7600.0,36,11.04,248.96,0.156,24.0,0,Excellent,Rent,Central,Current,No,Very Good (740-799),Upper-Middle ($65k-$95k),0
CUST-5199,Male,33,Master,Employed,Divorced,2,62600.0,611.0,1,LN-2023-14199,Personal,28800.0,12,15.85,2611.0,0.522,6.0,0,Fair,Mortgage,South,Current,No,Fair (580-669),Lower-Middle ($40k-$65k),0
CUST-5200,Female,55,Master,Employed,Single,0,93900.0,765.0,0,LN-2023-14200,Education,37600.0,12,12.34,3346.7,0.428,18.0,0,Excellent,Own,East,Fully Paid,No,Very Good (740-799),Upper-Middle ($65k-$95k),0
CUST-5201,Female,63,Master,Employed,Married,1,71900.0,684.0,3,LN-2023-14201,Education,33600.0,24,13.09,1598.83,0.326,17.0,0,Good,Rent,Central,Current,No,Good (670-739),Upper-Middle ($65k-$95k),0
CUST-5202,Male,22,Bachelor,Employed,Married,2,35000.0,724.0,0,LN-2023-14202,Education,9600.0,60,12.42,215.59,0.08,1.0,0,Good,Rent,South,Fully Paid,No,Good (670-739),Low (<$40k),0
CUST-5203,Male,67,High School,Employed,Single,2,56500.0,828.0,1,LN-2023-14203,Education,36600.0,48,10.68,940.27,0.253,24.0,0,Excellent,Mortgage,East,Fully Paid,No,Excellent (800+),Lower-Middle ($40k-$65k),0
CUST-5204,Female,33,Bachelor,Self-Employed,Single,1,65900.0,513.0,2,LN-2023-14204,Home,47000.0,36,15.07,1630.88,0.374,10.0,3,Poor,Mortgage,East,Defaulted,Yes,Poor (<580),Upper-Middle ($65k-$95k),1
CUST-5205,Male,36,Bachelor,Employed,Married,2,66400.0,746.0,1,LN-2023-14205,Home,82800.0,36,10.6,2695.11,0.52,3.0,1,Good,Mortgage,North,Fully Paid,No,Very Good (740-799),Upper-Middle ($65k-$95k),0
CUST-5206,Male,38,Master,Self-Employed,Married,0,69400.0,661.0,1,LN-2023-14206,Personal,17500.0,48,16.09,496.76,0.117,3.0,0,Fair,Rent,West,Current,No,Fair (580-669),Upper-Middle ($65k-$95k),0
CUST-5207,Female,27,Bachelor,Employed,Married,0,46800.0,589.0,2,LN-2023-14207,Home,115900.0,36,13.39,3926.94,0.75,0.0,0,Fair,Rent,Central,Defaulted,Yes,Fair (580-669),Lower-Middle ($40k-$65k),1
CUST-5208,Female,65,High School,Employed,Divorced,0,52700.0,661.0,4,LN-2023-14208,Home,108800.0,12,10.57,9594.12,0.75,25.0,1,Fair,Own,South,Current,No,Fair (580-669),Lower-Middle ($40k-$65k),0
CUST-5209,Male,56,High School,Employed,Married,0,44300.0,813.0,0,LN-2023-14209,Personal,26100.0,48,13.35,704.74,0.191,17.0,0,Excellent,Rent,East,Current,No,Excellent (800+),Lower-Middle ($40k-$65k),0
CUST-5210,Male,61,High School,Unemployed,Single,0,37300.0,783.0,0,LN-2023-14210,Auto,43000.0,12,10.59,3792.19,0.75,0.0,0,Excellent,Mortgage,East,Fully Paid,No,Very Good (740-799),Low (<$40k),0
CUST-5211,Male,50,Bachelor,Employed,Married,0,90100.0,499.0,1,LN-2023-14211,Auto,28100.0,36,19.58,1038.29,0.171,3.0,1,Poor,Rent,South,Current,No,Poor (<580),Upper-Middle ($65k-$95k),0
CUST-5212,Female,62,Master,Employed,Married,1,99500.0,604.0,1,LN-2023-14212,Personal,25600.0,60,17.36,641.19,0.1,13.0,0,Fair,Mortgage,North,Current,No,Fair (580-669),High (>$95k),0
CUST-5213,Female,61,Master,Employed,Divorced,1,71900.0,750.0,1,LN-2023-14213,Auto,12600.0,12,12.1,1120.08,0.204,6.0,0,Excellent,Rent,East,Current,No,Very Good (740-799),Upper-Middle ($65k-$95k),0
CUST-5214,Male,27,PhD,Unemployed,Married,0,18000.0,668.0,1,LN-2023-14214,Personal,15900.0,48,16.55,455.1,0.399,0.0,0,Fair,Rent,South,Defaulted,Yes,Fair (580-669),Low (<$40k),1
CUST-5215,Female,35,High School,Unemployed,Married,0,18000.0,668.0,1,LN-2023-14215,Personal,3900.0,12,16.04,353.92,0.383,0.0,0,Fair,Rent,East,Current,No,Fair (580-669),Low (<$40k),0
CUST-5216,Female,60,Bachelor,Employed,Married,1,47000.0,536.0,3,LN-2023-14216,Auto,44800.0,60,16.81,1108.82,0.488,11.0,0,Poor,Own,East,Current,No,Poor (<580),Lower-Middle ($40k-$65k),0
CUST-5217,Male,39,High School,Employed,Married,0,43400.0,606.0,0,LN-2023-14217,Home,126500.0,48,14.55,3491.8,0.75,15.0,1,Fair,Rent,East,Defaulted,Yes,Fair (580-669),Lower-Middle ($40k-$65k),1
CUST-5218,Male,63,Bachelor,Employed,Single,0,61900.0,554.0,0,LN-2023-14218,Auto,13200.0,60,15.58,318.06,0.08,25.0,0,Poor,Mortgage,East,Current,No,Poor (<580),Lower-Middle ($40k-$65k),0
CUST-5219,Female,57,Master,Employed,Married,2,104600.0,529.0,2,LN-2023-14219,Personal,18400.0,36,17.59,661.43,0.138,0.0,0,Poor,Own,Central,Current,No,Poor (<580),High (>$95k),0
CUST-5220,Male,22,Bachelor,Employed,Single,0,71100.0,563.0,0,LN-2023-14220,Auto,22400.0,24,15.0,1086.1,0.183,0.0,0,Poor,Rent,North,Current,No,Poor (<580),Upper-Middle ($65k-$95k),0
CUST-5221,Male,62,Master,Self-Employed,Married,0,150800.0,591.0,2,LN-2023-14221,Personal,12900.0,60,18.5,331.09,0.08,0.0,0,Fair,Rent,West,Fully Paid,No,Fair (580-669),High (>$95k),0
CUST-5222,Female,33,Bachelor,Self-Employed,Single,0,62800.0,605.0,1,LN-2023-14222,Personal,16100.0,36,17.15,575.21,0.141,8.0,0,Fair,Own,Central,Fully Paid,No,Fair (580-669),Lower-Middle ($40k-$65k),0
CUST-5223,Female,60,High School,Employed,Single,0,55100.0,598.0,1,LN-2023-14223,Home,55600.0,36,14.78,1921.41,0.463,16.0,0,Fair,Mortgage,West,Fully Paid,No,Fair (580-669),Lower-Middle ($40k-$65k),0
CUST-5224,Female,61,High School,Employed,Divorced,3,57300.0,756.0,1,LN-2023-14224,Education,12100.0,36,12.68,405.83,0.118,34.0,0,Excellent,Mortgage,North,Current,No,Very Good (740-799),Lower-Middle ($40k-$65k),0
CUST-5225,Female,63,Bachelor,Employed,Divorced,0,70200.0,592.0,1,LN-2023-14225,Personal,19700.0,24,17.32,977.04,0.185,26.0,2,Fair,Mortgage,Central,Fully Paid,No,Fair (580-669),Upper-Middle ($65k-$95k),0
CUST-5226,Female,63,Bachelor,Employed,Married,1,111900.0,791.0,3,LN-2023-14226,Personal,3500.0,36,12.85,117.68,0.08,19.0,0,Excellent,Own,West,Defaulted,Yes,Very Good (740-799),High (>$95k),1
CUST-5227,Male,51,High School,Employed,Married,2,70500.0,628.0,4,LN-2023-14227,Personal,20400.0,36,16.67,723.97,0.216,21.0,0,Fair,Rent,Central,Fully Paid,No,Fair (580-669),Upper-Middle ($65k-$95k),0
CUST-5228,Female,36,Bachelor,Employed,Single,0,34700.0,707.0,1,LN-2023-14228,Home,72100.0,48,9.3,1804.5,0.704,9.0,0,Good,Rent,East,Defaulted,Yes,Good (670-739),Low (<$40k),1
CUST-5229,Male,62,Master,Employed,Married,0,73900.0,710.0,1,LN-2023-14229,Personal,27100.0,12,15.37,2450.73,0.417,9.0,0,Good,Rent,West,Fully Paid,No,Good (670-739),Upper-Middle ($65k-$95k),0
CUST-5230,Male,64,Bachelor,Employed,Married,2,62500.0,593.0,0,LN-2023-14230,Personal,20400.0,36,18.24,739.97,0.142,20.0,0,Fair,Rent,North,Fully Paid,No,Fair (580-669),Lower-Middle ($40k-$65k),0
CUST-5231,Female,26,Master,Self-Employed,Married,2,220000.0,642.0,2,LN-2023-14231,Business,69600.0,48,15.8,1965.36,0.135,3.0,0,Fair,Rent,East,Fully Paid,No,Fair (580-669),High (>$95k),0
CUST-5232,Female,48,Bachelor,Employed,Married,0,54200.0,627.0,1,LN-2023-14232,Personal,6300.0,12,15.92,571.37,0.183,11.0,0,Fair,Rent,East,Fully Paid,No,Fair (580-669),Lower-Middle ($40k-$65k),0
CUST-5233,Male,52,Bachelor,Employed,Single,0,40400.0,701.0,0,LN-2023-14233,Home,67600.0,24,10.24,3126.89,0.75,5.0,0,Good,Own,Central,Defaulted,Yes,Good (670-739),Lower-Middle ($40k-$65k),1
CUST-5234,Female,64,Master,Employed,Married,2,94800.0,659.0,0,LN-2023-14234,Business,89800.0,12,16.8,8181.67,0.75,8.0,0,Fair,Mortgage,Central,Fully Paid,No,Fair (580-669),Upper-Middle ($65k-$95k),0
CUST-5235,Male,30,PhD,Employed,Married,0,116100.0,606.0,0,LN-2023-14235,Personal,15600.0,36,18.03,564.21,0.08,2.0,0,Fair,Own,West,Fully Paid,No,Fair (580-669),High (>$95k),0
CUST-5236,Male,38,Bachelor,Unemployed,Single,0,21300.0,680.0,0,LN-2023-14236,Auto,23600.0,24,13.49,1127.43,0.635,0.0,0,Good,Mortgage,North,Defaulted,Yes,Good (670-739),Low (<$40k),1
CUST-5237,Male,24,Bachelor,Self-Employed,Married,0,65500.0,698.0,2,LN-2023-14237,Home,119300.0,60,12.09,2659.19,0.573,0.0,0,Good,Mortgage,West,Fully Paid,No,Good (670-739),Upper-Middle ($65k-$95k),0
CUST-5238,Female,29,High School,Employed,Divorced,0,75200.0,827.0,3,LN-2023-14238,Business,22300.0,36,11.22,732.4,0.176,7.0,0,Excellent,Rent,East,Fully Paid,No,Excellent (800+),Upper-Middle ($65k-$95k),0
CUST-5239,Female,27,High School,Self-Employed,Married,0,38500.0,675.0,2,LN-2023-14239,Business,57400.0,36,15.6,2006.7,0.75,4.0,0,Good,Rent,West,Defaulted,Yes,Good (670-739),Low (<$40k),1
CUST-5240,Male,28,Bachelor,Employed,Single,1,53900.0,670.0,1,LN-2023-14240,Home,62900.0,60,11.95,1397.59,0.353,4.0,0,Good,Rent,Central,Fully Paid,No,Good (670-739),Lower-Middle ($40k-$65k),0
CUST-5241,Female,63,Master,Unemployed,Married,2,21500.0,706.0,1,LN-2023-14241,Personal,13700.0,24,15.82,669.62,0.477,0.0,0,Good,Rent,South,Current,No,Good (670-739),Low (<$40k),0
CUST-5242,Male,27,Bachelor,Employed,Married,1,102900.0,589.0,1,LN-2023-14242,Home,62000.0,36,13.9,2116.0,0.263,3.0,0,Fair,Own,West,Defaulted,Yes,Fair (580-669),High (>$95k),1
CUST-5243,Female,61,High School,Employed,Married,0,55800.0,523.0,2,LN-2023-14243,Business,22600.0,36,19.6,835.3,0.28,24.0,1,Poor,Mortgage,Central,Defaulted,Yes,Poor (<580),Lower-Middle ($40k-$65k),1
CUST-5244,Male,60,Bachelor,Employed,Married,1,38900.0,643.0,1,LN-2023-14244,Personal,15100.0,12,17.58,1381.35,0.508,33.0,0,Fair,Mortgage,North,Fully Paid,No,Fair (580-669),Low (<$40k),0
CUST-5245,Male,23,Bachelor,Self-Employed,Single,2,46800.0,761.0,0,LN-2023-14245,Business,75200.0,60,14.39,1765.01,0.453,1.0,0,Excellent,Rent,Central,Fully Paid,No,Very Good (740-799),Lower-Middle ($40k-$65k),0
CUST-5246,Female,37,Bachelor,Employed,Single,0,146100.0,774.0,2,LN-2023-14246,Education,38400.0,48,10.96,991.72,0.109,10.0,0,Excellent,Rent,North,Current,No,Very Good (740-799),High (>$95k),0
CUST-5247,Male,22,High School,Self-Employed,Married,0,91900.0,510.0,1,LN-2023-14247,Personal,21100.0,60,19.26,550.37,0.108,0.0,0,Poor,Mortgage,North,Fully Paid,No,Poor (<580),Upper-Middle ($65k-$95k),0
CUST-5248,Male,35,Master,Employed,Married,0,113700.0,726.0,0,LN-2023-14248,Education,19200.0,60,11.64,423.61,0.08,10.0,0,Good,Mortgage,Central,Current,No,Good (670-739),High (>$95k),0
CUST-5249,Female,66,High School,Self-Employed,Married,0,56800.0,484.0,0,LN-2023-14249,Personal,25300.0,36,20.85,951.23,0.201,33.0,0,Poor,Rent,Central,Fully Paid,No,Poor (<580),Lower-Middle ($40k-$65k),0
CUST-5250,Female,49,Bachelor,Employed,Married,3,123900.0,668.0,0,LN-2023-14250,Auto,29200.0,48,13.54,791.21,0.08,22.0,0,Good,Mortgage,North,Fully Paid,No,Fair (580-669),High (>$95k),0
CUST-5251,Male,42,Master,Self-Employed,Married,1,54500.0,703.0,1,LN-2023-14251,Home,76200.0,36,9.98,2458.04,0.595,0.0,0,Good,Rent,Central,Defaulted,Yes,Good (670-739),Lower-Middle ($40k-$65k),1
CUST-5252,Male,24,Bachelor,Employed,Divorced,0,88200.0,523.0,1,LN-2023-14252,Home,60200.0,60,14.53,1417.34,0.225,1.0,0,Poor,Own,West,Fully Paid,No,Poor (<580),Upper-Middle ($65k-$95k),0
CUST-5253,Male,26,Bachelor,Employed,Married,2,51500.0,755.0,0,LN-2023-14253,Home,112700.0,24,8.46,5120.79,0.75,1.0,0,Excellent,Rent,West,Current,No,Very Good (740-799),Lower-Middle ($40k-$65k),0
CUST-5254,Male,58,Bachelor,Unemployed,Single,0,19700.0,818.0,0,LN-2023-14254,Home,87500.0,12,8.22,7620.39,0.75,0.0,0,Excellent,Rent,South,Defaulted,Yes,Excellent (800+),Low (<$40k),1
CUST-5255,Male,46,Bachelor,Unemployed,Single,0,30500.0,664.0,0,LN-2023-14255,Auto,46600.0,24,13.11,2217.86,0.75,0.0,0,Fair,Rent,South,Defaulted,Yes,Fair (580-669),Low (<$40k),1
CUST-5256,Female,31,Bachelor,Employed,Single,0,58900.0,681.0,4,LN-2023-14256,Auto,40500.0,24,12.5,1915.95,0.586,4.0,0,Good,Own,South,Defaulted,Yes,Good (670-739),Lower-Middle ($40k-$65k),1
CUST-5257,Female,46,Bachelor,Employed,Married,1,51700.0,795.0,1,LN-2023-14257,Business,49400.0,36,13.09,1666.62,0.422,11.0,0,Excellent,Own,South,Current,No,Very Good (740-799),Lower-Middle ($40k-$65k),0
CUST-5258,Male,37,Master,Employed,Single,0,62300.0,574.0,0,LN-2023-14258,Education,31200.0,12,17.49,2852.85,0.55,4.0,2,Poor,Rent,Central,Defaulted,Yes,Poor (<580),Lower-Middle ($40k-$65k),1
CUST-5259,Male,44,Master,Employed,Divorced,0,31800.0,576.0,2,LN-2023-14259,Auto,27200.0,24,16.18,1334.14,0.604,14.0,1,Poor,Rent,West,Defaulted,Yes,Poor (<580),Low (<$40k),1
CUST-5260,Male,48,Bachelor,Employed,Married,0,88600.0,598.0,0,LN-2023-14260,Home,51800.0,12,12.97,4625.91,0.627,6.0,2,Fair,Rent,South,Defaulted,Yes,Fair (580-669),Upper-Middle ($65k-$95k),1
CUST-5261,Male,55,High School,Employed,Married,0,31200.0,673.0,1,LN-2023-14261,Personal,18000.0,36,15.96,632.47,0.312,25.0,0,Good,Rent,West,Fully Paid,No,Good (670-739),Low (<$40k),0
CUST-5262,Female,51,High School,Employed,Divorced,2,113300.0,672.0,0,LN-2023-14262,Personal,28100.0,24,17.33,1393.79,0.148,5.0,0,Good,Rent,East,Fully Paid,No,Good (670-739),High (>$95k),0
CUST-5263,Male,33,High School,Self-Employed,Single,2,49600.0,622.0,5,LN-2023-14263,Home,117700.0,36,13.5,3994.18,0.75,4.0,0,Fair,Rent,Central,Defaulted,Yes,Fair (580-669),Lower-Middle ($40k-$65k),1
CUST-5264,Male,55,Bachelor,Self-Employed,Married,2,130300.0,644.0,4,LN-2023-14264,Auto,31800.0,12,13.91,2853.88,0.355,18.0,0,Fair,Own,North,Current,No,Fair (580-669),High (>$95k),0
CUST-5265,Female,36,High School,Employed,Single,1,21800.0,624.0,2,LN-2023-14265,Auto,24400.0,36,14.92,844.88,0.683,8.0,0,Fair,Mortgage,West,Defaulted,Yes,Fair (580-669),Low (<$40k),1
CUST-5266,Male,35,Bachelor,Employed,Married,3,87400.0,628.0,2,LN-2023-14266,Business,20700.0,24,16.08,1014.33,0.202,1.0,1,Fair,Mortgage,South,Current,No,Fair (580-669),Upper-Middle ($65k-$95k),0
CUST-5267,Female,63,Master,Employed,Married,0,121400.0,604.0,1,LN-2023-14267,Home,71500.0,12,13.03,6387.19,0.644,31.0,0,Fair,Mortgage,South,Fully Paid,No,Fair (580-669),High (>$95k),0
CUST-5268,Male,38,Bachelor,Employed,Married,0,113000.0,605.0,4,LN-2023-14268,Auto,47600.0,24,15.52,2319.74,0.346,9.0,0,Fair,Rent,West,Current,No,Fair (580-669),High (>$95k),0
CUST-5269,Female,67,Master,Employed,Married,0,39100.0,499.0,1,LN-2023-14269,Education,30700.0,60,18.54,788.62,0.277,34.0,0,Poor,Rent,Central,Defaulted,Yes,Poor (<580),Low (<$40k),1
CUST-5270,Female,57,Master,Employed,Single,0,56700.0,650.0,0,LN-2023-14270,Home,106000.0,48,11.55,2768.02,0.586,6.0,0,Fair,Mortgage,East,Defaulted,Yes,Fair (580-669),Lower-Middle ($40k-$65k),1
CUST-5271,Female,61,High School,Employed,Single,0,63600.0,503.0,0,LN-2023-14271,Home,109700.0,60,15.94,2664.19,0.503,19.0,0,Poor,Mortgage,East,Fully Paid,No,Poor (<580),Lower-Middle ($40k-$65k),0
CUST-5272,Female,47,Bachelor,Employed,Divorced,0,67200.0,733.0,0,LN-2023-14272,Business,63400.0,36,14.58,2184.76,0.39,20.0,0,Good,Rent,West,Fully Paid,No,Good (670-739),Upper-Middle ($65k-$95k),0
CUST-5273,Male,55,Master,Self-Employed,Married,0,102100.0,622.0,1,LN-2023-14273,Auto,32300.0,24,14.41,1557.08,0.205,25.0,1,Fair,Rent,North,Current,No,Fair (580-669),High (>$95k),0
CUST-5274,Male,65,Bachelor,Self-Employed,Single,1,61500.0,659.0,0,LN-2023-14274,Education,21400.0,60,15.64,516.32,0.101,36.0,0,Fair,Own,West,Fully Paid,No,Fair (580-669),Lower-Middle ($40k-$65k),0
CUST-5275,Female,55,High School,Employed,Married,3,98700.0,638.0,2,LN-2023-14275,Business,51100.0,36,16.31,1804.35,0.25,25.0,0,Fair,Own,North,Fully Paid,No,Fair (580-669),High (>$95k),0
CUST-5276,Female,48,Bachelor,Employed,Married,0,203300.0,649.0,1,LN-2023-14276,Auto,43100.0,12,13.25,3854.63,0.235,19.0,0,Fair,Mortgage,South,Fully Paid,No,Fair (580-669),High (>$95k),0
CUST-5277,Male,59,Master,Unemployed,Divorced,0,28500.0,777.0,3,LN-2023-14277,Personal,14400.0,48,13.24,388.03,0.411,0.0,0,Excellent,Rent,West,Fully Paid,No,Very Good (740-799),Low (<$40k),0
CUST-5278,Male,58,Bachelor,Employed,Married,2,77100.0,555.0,1,LN-2023-14278,Education,34600.0,24,17.1,1712.37,0.3,15.0,0,Poor,Rent,South,Current,No,Poor (<580),Upper-Middle ($65k-$95k),0
CUST-5279,Male,29,High School,Self-Employed,Married,0,57900.0,532.0,2,LN-2023-14279,Education,34500.0,48,16.41,985.0,0.277,2.0,0,Poor,Rent,South,Fully Paid,No,Poor (<580),Lower-Middle ($40k-$65k),0
CUST-5280,Male,32,Bachelor,Self-Employed,Married,0,128800.0,680.0,1,LN-2023-14280,Personal,25400.0,12,16.42,2309.62,0.229,9.0,0,Good,Rent,East,Current,No,Good (670-739),High (>$95k),0
CUST-5281,Male,35,Bachelor,Self-Employed,Married,0,105000.0,627.0,3,LN-2023-14281,Auto,11400.0,12,13.91,1023.09,0.155,9.0,0,Fair,Rent,Central,Defaulted,Yes,Fair (580-669),High (>$95k),1
CUST-5282,Female,41,Bachelor,Employed,Single,2,38900.0,700.0,0,LN-2023-14282,Home,57600.0,36,10.85,1881.66,0.58,5.0,0,Good,Rent,South,Defaulted,Yes,Good (670-739),Low (<$40k),1
CUST-5283,Male,55,Master,Employed,Divorced,2,59100.0,730.0,0,LN-2023-14283,Education,16700.0,12,14.29,1501.72,0.305,10.0,0,Good,Rent,East,Current,No,Good (670-739),Lower-Middle ($40k-$65k),0
CUST-5284,Male,62,Bachelor,Self-Employed,Single,1,45900.0,575.0,2,LN-2023-14284,Personal,27600.0,60,17.53,693.82,0.319,24.0,0,Poor,Rent,North,Current,No,Poor (<580),Lower-Middle ($40k-$65k),0
CUST-5285,Female,53,Master,Employed,Divorced,0,220000.0,721.0,2,LN-2023-14285,Home,119200.0,48,9.02,2967.43,0.175,13.0,0,Good,Rent,South,Current,No,Good (670-739),High (>$95k),0
CUST-5286,Female,39,Bachelor,Employed,Single,0,83700.0,583.0,1,LN-2023-14286,Auto,11600.0,36,16.43,410.29,0.081,1.0,0,Fair,Mortgage,North,Current,No,Fair (580-669),Upper-Middle ($65k-$95k),0
CUST-5287,Female,43,Bachelor,Employed,Divorced,0,48100.0,676.0,1,LN-2023-14287,Home,72600.0,36,10.45,2357.97,0.657,3.0,0,Good,Rent,West,Current,No,Good (670-739),Lower-Middle ($40k-$65k),0
CUST-5288,Female,33,High School,Employed,Married,3,36200.0,564.0,0,LN-2023-14288,Business,79500.0,48,17.62,2319.56,0.75,8.0,1,Poor,Mortgage,North,Current,No,Poor (<580),Low (<$40k),0
CUST-5289,Male,64,Master,Self-Employed,Divorced,1,128600.0,681.0,0,LN-2023-14289,Business,37500.0,48,16.13,1065.26,0.099,12.0,0,Good,Rent,Central,Current,No,Good (670-739),High (>$95k),0
CUST-5290,Female,21,Master,Employed,Married,0,117000.0,668.0,3,LN-2023-14290,Personal,31300.0,36,16.59,1109.55,0.175,0.0,0,Fair,Mortgage,South,Current,No,Fair (580-669),High (>$95k),0
CUST-5291,Female,49,High School,Self-Employed,Divorced,1,80900.0,576.0,1,LN-2023-14291,Personal,17200.0,60,16.47,422.58,0.094,19.0,0,Poor,Own,West,Current,No,Poor (<580),Upper-Middle ($65k-$95k),0
CUST-5292,Male,44,Bachelor,Self-Employed,Married,1,59700.0,554.0,2,LN-2023-14292,Personal,30200.0,60,18.37,772.97,0.199,15.0,0,Poor,Rent,South,Fully Paid,No,Poor (<580),Lower-Middle ($40k-$65k),0
CUST-5293,Female,36,Bachelor,Employed,Single,4,72100.0,733.0,2,LN-2023-14293,Home,81500.0,24,10.77,3789.84,0.708,2.0,1,Good,Rent,North,Current,No,Good (670-739),Upper-Middle ($65k-$95k),0
CUST-5294,Female,45,Master,Employed,Single,2,81800.0,631.0,0,LN-2023-14294,Auto,22300.0,60,15.84,540.4,0.08,2.0,1,Fair,Rent,East,Fully Paid,No,Fair (580-669),Upper-Middle ($65k-$95k),0
CUST-5295,Male,43,Bachelor,Self-Employed,Divorced,0,47400.0,756.0,0,LN-2023-14295,Home,75800.0,48,8.8,1879.1,0.476,11.0,0,Excellent,Rent,South,Fully Paid,No,Very Good (740-799),Lower-Middle ($40k-$65k),0
CUST-5296,Male,48,High School,Employed,Single,2,32400.0,623.0,1,LN-2023-14296,Personal,28600.0,60,17.84,723.76,0.335,17.0,0,Fair,Own,South,Defaulted,Yes,Fair (580-669),Low (<$40k),1
CUST-5297,Male,67,Master,Unemployed,Married,1,32800.0,780.0,2,LN-2023-14297,Personal,12600.0,36,13.18,425.64,0.316,0.0,0,Excellent,Own,South,Current,No,Very Good (740-799),Low (<$40k),0
CUST-5298,Male,36,High School,Self-Employed,Single,0,61700.0,589.0,0,LN-2023-14298,Personal,22400.0,36,18.57,816.23,0.159,2.0,0,Fair,Own,South,Current,No,Fair (580-669),Lower-Middle ($40k-$65k),0
CUST-5299,Male,63,Master,Employed,Married,2,99800.0,795.0,0,LN-2023-14299,Home,84900.0,24,8.08,3842.9,0.462,13.0,0,Excellent,Mortgage,East,Current,No,Very Good (740-799),High (>$95k),0
CUST-5300,Female,58,Bachelor,Self-Employed,Married,1,103200.0,684.0,1,LN-2023-14300,Auto,45800.0,48,13.09,1230.75,0.156,28.0,0,Good,Mortgage,North,Current,No,Good (670-739),High (>$95k),0
CUST-5301,Male,31,Bachelor,Employed,Married,0,62500.0,703.0,0,LN-2023-14301,Home,58500.0,36,11.11,1918.26,0.187,8.0,0,Good,Rent,South,Fully Paid,No,Good (670-739),Lower-Middle ($40k-$65k),0
CUST-5302,Female,23,High School,Employed,Married,1,34600.0,584.0,0,LN-2023-14302,Personal,15400.0,36,18.62,561.55,0.195,1.0,0,Fair,Rent,East,Defaulted,Yes,Fair (580-669),Low (<$40k),1
CUST-5303,Female,35,High School,Self-Employed,Single,1,75000.0,731.0,1,LN-2023-14303,Education,10200.0,48,13.12,274.25,0.08,1.0,0,Good,Rent,West,Fully Paid,No,Good (670-739),Upper-Middle ($65k-$95k),0
CUST-5304,Female,21,Bachelor,Self-Employed,Divorced,0,101300.0,734.0,0,LN-2023-14304,Education,25700.0,36,12.35,857.91,0.102,0.0,0,Good,Rent,South,Fully Paid,No,Good (670-739),High (>$95k),0
CUST-5305,Female,27,Bachelor,Employed,Divorced,0,54600.0,642.0,2,LN-2023-14305,Personal,14700.0,48,16.32,419.02,0.18,1.0,0,Fair,Own,South,Fully Paid,No,Fair (580-669),Lower-Middle ($40k-$65k),0
CUST-5306,Male,21,High School,Employed,Married,1,51900.0,488.0,0,LN-2023-14306,Home,50200.0,48,16.81,1443.59,0.334,0.0,1,Poor,Rent,East,Defaulted,Yes,Poor (<580),Lower-Middle ($40k-$65k),1
CUST-5307,Male,52,High School,Employed,Married,0,43200.0,575.0,2,LN-2023-14307,Personal,27600.0,48,18.34,815.66,0.38,13.0,0,Poor,Rent,Central,Current,No,Poor (<580),Lower-Middle ($40k-$65k),0
CUST-5308,Female,29,High School,Employed,Married,2,126800.0,575.0,1,LN-2023-14308,Personal,13900.0,24,17.82,692.74,0.08,4.0,2,Poor,Rent,East,Current,No,Poor (<580),High (>$95k),0
CUST-5309,Female,49,Master,Employed,Married,0,81600.0,708.0,3,LN-2023-14309,Education,22800.0,60,13.6,525.8,0.168,3.0,0,Good,Own,West,Fully Paid,No,Good (670-739),Upper-Middle ($65k-$95k),0
CUST-5310,Female,46,Bachelor,Employed,Married,0,77000.0,630.0,0,LN-2023-14310,Home,79600.0,36,12.88,2677.44,0.417,19.0,0,Fair,Own,Central,Current,No,Fair (580-669),Upper-Middle ($65k-$95k),0
CUST-5311,Male,43,High School,Employed,Married,0,43600.0,632.0,0,LN-2023-14311,Auto,28600.0,36,13.45,969.86,0.267,12.0,0,Fair,Own,East,Fully Paid,No,Fair (580-669),Lower-Middle ($40k-$65k),0
CUST-5312,Female,65,Bachelor,Self-Employed,Single,1,58300.0,621.0,3,LN-2023-14312,Business,21100.0,12,17.28,1927.23,0.532,23.0,1,Fair,Own,East,Fully Paid,No,Fair (580-669),Lower-Middle ($40k-$65k),0
CUST-5313,Male,63,High School,Employed,Single,1,27300.0,794.0,3,LN-2023-14313,Auto,41000.0,60,9.78,866.7,0.64,36.0,0,Excellent,Mortgage,West,Fully Paid,No,Very Good (740-799),Low (<$40k),0
CUST-5314,Female,49,Master,Employed,Single,0,127700.0,673.0,0,LN-2023-14314,Home,73200.0,36,11.04,2397.86,0.225,15.0,0,Good,Rent,South,Fully Paid,No,Good (670-739),High (>$95k),0
CUST-5315,Female,58,Master,Self-Employed,Married,0,126500.0,686.0,0,LN-2023-14315,Home,106600.0,24,10.52,4944.67,0.469,30.0,0,Good,Rent,Central,Fully Paid,No,Good (670-739),High (>$95k),0
CUST-5316,Male,53,Bachelor,Self-Employed,Single,2,63100.0,617.0,3,LN-2023-14316,Personal,4900.0,36,17.14,175.04,0.111,8.0,0,Fair,Rent,East,Fully Paid,No,Fair (580-669),Lower-Middle ($40k-$65k),0
CUST-5317,Female,27,Master,Unemployed,Single,0,18200.0,667.0,0,LN-2023-14317,Auto,29900.0,36,13.32,1012.06,0.667,0.0,0,Fair,Mortgage,Central,Fully Paid,No,Fair (580-669),Low (<$40k),0
CUST-5318,Male,32,Master,Employed,Married,0,84400.0,587.0,3,LN-2023-14318,Personal,29400.0,60,17.75,742.57,0.198,2.0,0,Fair,Own,West,Current,No,Fair (580-669),Upper-Middle ($65k-$95k),0
CUST-5319,Male,51,Master,Employed,Married,0,62200.0,699.0,4,LN-2023-14319,Personal,14500.0,36,14.1,496.28,0.239,13.0,0,Good,Mortgage,North,Current,No,Good (670-739),Lower-Middle ($40k-$65k),0
CUST-5320,Male,52,Bachelor,Employed,Married,0,56900.0,572.0,0,LN-2023-14320,Personal,8700.0,36,18.16,315.22,0.08,14.0,1,Poor,Rent,North,Defaulted,Yes,Poor (<580),Lower-Middle ($40k-$65k),1
CUST-5321,Female,40,Bachelor,Employed,Married,0,35600.0,733.0,3,LN-2023-14321,Personal,5900.0,48,13.9,160.93,0.246,4.0,0,Good,Rent,South,Current,No,Good (670-739),Low (<$40k),0
CUST-5322,Female,37,High School,Employed,Married,0,54100.0,607.0,1,LN-2023-14322,Auto,42600.0,36,16.54,1509.07,0.374,10.0,0,Fair,Rent,South,Current,No,Fair (580-669),Lower-Middle ($40k-$65k),0
CUST-5323,Female,56,Bachelor,Employed,Married,0,69900.0,750.0,2,LN-2023-14323,Education,14100.0,24,12.02,663.87,0.178,1.0,0,Excellent,Rent,North,Fully Paid,No,Very Good (740-799),Upper-Middle ($65k-$95k),0
CUST-5324,Male,23,Bachelor,Employed,Married,2,102900.0,832.0,1,LN-2023-14324,Business,88300.0,48,12.12,2330.48,0.286,1.0,0,Excellent,Rent,Central,Current,No,Excellent (800+),High (>$95k),0
CUST-5325,Female,21,High School,Employed,Married,0,45900.0,670.0,0,LN-2023-14325,Auto,19400.0,60,14.05,451.91,0.118,0.0,0,Good,Rent,South,Current,No,Good (670-739),Lower-Middle ($40k-$65k),0
CUST-5326,Female,47,Bachelor,Employed,Single,2,54100.0,781.0,2,LN-2023-14326,Personal,16900.0,12,14.54,1521.7,0.428,15.0,0,Excellent,Mortgage,West,Current,No,Very Good (740-799),Lower-Middle ($40k-$65k),0
CUST-5327,Male,67,Bachelor,Employed,Married,1,31200.0,733.0,0,LN-2023-14327,Personal,16300.0,48,13.85,444.2,0.171,19.0,0,Good,Mortgage,East,Fully Paid,No,Good (670-739),Low (<$40k),0
CUST-5328,Female,60,High School,Employed,Single,0,80600.0,548.0,3,LN-2023-14328,Personal,4800.0,36,19.15,176.31,0.128,33.0,1,Poor,Rent,East,Current,No,Poor (<580),Upper-Middle ($65k-$95k),0
CUST-5329,Male,53,Bachelor,Employed,Married,1,94000.0,679.0,1,LN-2023-14329,Personal,18400.0,24,16.54,905.68,0.149,9.0,2,Fair,Mortgage,East,Fully Paid,No,Good (670-739),Upper-Middle ($65k-$95k),0
CUST-5330,Female,40,Master,Employed,Married,1,78800.0,712.0,0,LN-2023-14330,Auto,35600.0,12,12.77,3175.85,0.484,16.0,0,Good,Mortgage,Central,Fully Paid,No,Good (670-739),Upper-Middle ($65k-$95k),0
CUST-5331,Male,34,Master,Employed,Single,0,42800.0,720.0,0,LN-2023-14331,Business,71900.0,24,14.88,3482.09,0.75,1.0,0,Good,Mortgage,South,Fully Paid,No,Good (670-739),Lower-Middle ($40k-$65k),0
CUST-5332,Male,56,Bachelor,Employed,Single,3,36400.0,685.0,3,LN-2023-14332,Auto,29900.0,36,12.87,1005.58,0.508,21.0,0,Good,Rent,South,Fully Paid,No,Good (670-739),Low (<$40k),0
CUST-5333,Male,25,Bachelor,Employed,Married,1,49100.0,684.0,1,LN-2023-14333,Education,33600.0,12,13.53,3009.42,0.75,2.0,0,Good,Rent,East,Current,No,Good (670-739),Lower-Middle ($40k-$65k),0
CUST-5334,Female,43,Bachelor,Employed,Single,3,97100.0,670.0,3,LN-2023-14334,Home,108900.0,24,11.48,5099.9,0.721,16.0,0,Good,Rent,South,Current,No,Good (670-739),High (>$95k),0
CUST-5335,Male,65,High School,Self-Employed,Single,2,64300.0,681.0,0,LN-2023-14335,Home,61500.0,48,11.02,1590.1,0.297,30.0,0,Good,Rent,East,Defaulted,Yes,Good (670-739),Lower-Middle ($40k-$65k),1
CUST-5336,Male,35,Master,Employed,Married,0,39700.0,565.0,1,LN-2023-14336,Business,48100.0,48,18.79,1432.87,0.466,10.0,0,Poor,Rent,East,Fully Paid,No,Poor (<580),Low (<$40k),0
CUST-5337,Female,26,High School,Employed,Married,0,58900.0,649.0,3,LN-2023-14337,Auto,15400.0,48,13.41,416.28,0.256,0.0,0,Fair,Mortgage,West,Fully Paid,No,Fair (580-669),Lower-Middle ($40k-$65k),0
CUST-5338,Female,53,High School,Unemployed,Divorced,0,18000.0,546.0,0,LN-2023-14338,Home,56300.0,24,14.89,2726.86,0.75,0.0,0,Poor,Mortgage,Central,Defaulted,Yes,Poor (<580),Low (<$40k),1
CUST-5339,Male,39,Master,Employed,Married,2,61500.0,627.0,1,LN-2023-14339,Home,105500.0,12,13.44,9444.77,0.75,13.0,0,Fair,Own,Central,Defaulted,Yes,Fair (580-669),Lower-Middle ($40k-$65k),1
CUST-5340,Male,33,High School,Employed,Married,2,76000.0,619.0,3,LN-2023-14340,Personal,18400.0,36,17.44,660.05,0.194,2.0,0,Fair,Mortgage,North,Fully Paid,No,Fair (580-669),Upper-Middle ($65k-$95k),0
CUST-5341,Male,49,Bachelor,Employed,Married,1,88700.0,614.0,1,LN-2023-14341,Education,26400.0,36,14.04,902.8,0.15,1.0,0,Fair,Own,South,Fully Paid,No,Fair (580-669),Upper-Middle ($65k-$95k),0
CUST-5342,Male,26,High School,Self-Employed,Single,0,92300.0,580.0,2,LN-2023-14342,Personal,24200.0,48,18.47,716.83,0.14,1.0,0,Fair,Mortgage,South,Fully Paid,No,Fair (580-669),Upper-Middle ($65k-$95k),0
CUST-5343,Female,35,High School,Employed,Divorced,0,48600.0,692.0,3,LN-2023-14343,Home,68600.0,36,10.63,2233.88,0.682,6.0,0,Good,Own,North,Defaulted,Yes,Good (670-739),Lower-Middle ($40k-$65k),1
CUST-5344,Female,36,High School,Employed,Single,2,73100.0,642.0,1,LN-2023-14344,Auto,25300.0,60,13.81,586.2,0.119,10.0,1,Fair,Own,West,Fully Paid,No,Fair (580-669),Upper-Middle ($65k-$95k),0
CUST-5345,Female,44,High School,Employed,Single,3,37700.0,634.0,3,LN-2023-14345,Auto,33100.0,12,14.61,2981.46,0.75,4.0,0,Fair,Mortgage,Central,Current,No,Fair (580-669),Low (<$40k),0
CUST-5346,Male,43,Bachelor,Employed,Divorced,0,56000.0,550.0,2,LN-2023-14346,Personal,5800.0,36,19.47,213.99,0.103,2.0,0,Poor,Mortgage,North,Fully Paid,No,Poor (<580),Lower-Middle ($40k-$65k),0
CUST-5347,Female,30,Master,Employed,Single,0,67200.0,644.0,2,LN-2023-14347,Personal,27200.0,36,15.47,949.17,0.239,5.0,0,Fair,Own,South,Current,No,Fair (580-669),Upper-Middle ($65k-$95k),0
CUST-5348,Female,61,Bachelor,Self-Employed,Single,0,73100.0,767.0,0,LN-2023-14348,Auto,23100.0,24,11.47,1081.69,0.178,34.0,0,Excellent,Mortgage,Central,Current,No,Very Good (740-799),Upper-Middle ($65k-$95k),0
CUST-5349,Female,61,Master,Employed,Divorced,0,43600.0,768.0,3,LN-2023-14349,Home,101000.0,36,10.8,3297.05,0.75,21.0,0,Excellent,Rent,South,Fully Paid,No,Very Good (740-799),Lower-Middle ($40k-$65k),0
CUST-5350,Female,37,High School,Employed,Married,2,44400.0,701.0,2,LN-2023-14350,Personal,31900.0,12,14.61,2873.37,0.75,10.0,0,Good,Mortgage,South,Defaulted,Yes,Good (670-739),Lower-Middle ($40k-$65k),1
CUST-5351,Female,64,Bachelor,Employed,Single,1,120800.0,644.0,0,LN-2023-14351,Business,53300.0,48,16.29,1518.47,0.151,21.0,1,Fair,Own,West,Defaulted,Yes,Fair (580-669),High (>$95k),1
CUST-5352,Female,65,High School,Employed,Single,1,30000.0,717.0,1,LN-2023-14352,Education,13300.0,12,12.59,1185.36,0.555,30.0,0,Good,Mortgage,North,Fully Paid,No,Good (670-739),Low (<$40k),0
CUST-5353,Male,50,Bachelor,Self-Employed,Divorced,0,39700.0,613.0,1,LN-2023-14353,Auto,18200.0,60,15.31,435.94,0.206,24.0,0,Fair,Mortgage,East,Fully Paid,No,Fair (580-669),Low (<$40k),0
CUST-5354,Female,64,Bachelor,Employed,Divorced,0,35800.0,644.0,2,LN-2023-14354,Auto,12300.0,12,13.26,1100.1,0.5,20.0,0,Fair,Rent,North,Current,No,Fair (580-669),Low (<$40k),0
CUST-5355,Female,66,Bachelor,Employed,Single,0,208300.0,606.0,5,LN-2023-14355,Personal,25200.0,36,16.37,890.57,0.103,16.0,0,Fair,Mortgage,South,Current,No,Fair (580-669),High (>$95k),0
CUST-5356,Female,30,Master,Employed,Divorced,2,95900.0,747.0,0,LN-2023-14356,Business,40500.0,24,14.75,1958.9,0.245,7.0,0,Excellent,Rent,North,Defaulted,Yes,Very Good (740-799),High (>$95k),1
CUST-5357,Male,39,Bachelor,Employed,Single,2,55700.0,736.0,4,LN-2023-14357,Business,32100.0,24,14.58,1550.02,0.42,15.0,0,Good,Own,West,Defaulted,Yes,Good (670-739),Lower-Middle ($40k-$65k),1
CUST-5358,Female,49,Bachelor,Employed,Married,0,64800.0,667.0,0,LN-2023-14358,Auto,37100.0,48,12.8,991.62,0.184,3.0,0,Fair,Own,North,Fully Paid,No,Fair (580-669),Lower-Middle ($40k-$65k),0
CUST-5359,Female,22,Master,Self-Employed,Married,0,99200.0,817.0,1,LN-2023-14359,Auto,21700.0,48,10.28,553.29,0.1,1.0,0,Excellent,Own,West,Fully Paid,No,Excellent (800+),High (>$95k),0
CUST-5360,Male,56,Bachelor,Employed,Single,0,47100.0,705.0,1,LN-2023-14360,Auto,32800.0,48,11.89,861.98,0.276,24.0,1,Good,Rent,East,Current,No,Good (670-739),Lower-Middle ($40k-$65k),0
CUST-5361,Male,39,Bachelor,Self-Employed,Married,0,57300.0,700.0,0,LN-2023-14361,Auto,25900.0,36,13.55,879.55,0.184,8.0,0,Good,Mortgage,West,Fully Paid,No,Good (670-739),Lower-Middle ($40k-$65k),0
CUST-5362,Female,27,Bachelor,Self-Employed,Married,1,67300.0,691.0,1,LN-2023-14362,Home,73400.0,60,11.29,1606.53,0.311,2.0,0,Good,Mortgage,Central,Current,No,Good (670-739),Upper-Middle ($65k-$95k),0
CUST-5363,Female,46,Bachelor,Self-Employed,Married,1,52200.0,562.0,3,LN-2023-14363,Auto,28600.0,36,15.44,997.6,0.359,14.0,1,Poor,Mortgage,East,Current,No,Poor (<580),Lower-Middle ($40k-$65k),0
CUST-5364,Male,35,High School,Employed,Divorced,1,41100.0,593.0,1,LN-2023-14364,Personal,12100.0,24,17.35,600.29,0.206,3.0,0,Fair,Rent,West,Current,No,Fair (580-669),Lower-Middle ($40k-$65k),0
CUST-5365,Male,67,Bachelor,Employed,Married,2,73700.0,665.0,0,LN-2023-14365,Home,119000.0,60,11.35,2608.17,0.425,14.0,0,Fair,Own,West,Defaulted,Yes,Fair (580-669),Upper-Middle ($65k-$95k),1
CUST-5366,Female,58,Bachelor,Unemployed,Single,1,18000.0,666.0,2,LN-2023-14366,Home,51200.0,60,10.9,1110.66,0.75,0.0,0,Fair,Own,West,Defaulted,Yes,Fair (580-669),Low (<$40k),1
CUST-5367,Male,23,Bachelor,Self-Employed,Divorced,0,220000.0,720.0,2,LN-2023-14367,Personal,3900.0,36,15.9,136.92,0.08,2.0,0,Good,Mortgage,South,Fully Paid,No,Good (670-739),High (>$95k),0
CUST-5368,Male,58,High School,Self-Employed,Married,0,79200.0,613.0,4,LN-2023-14368,Education,19800.0,24,16.13,970.7,0.217,20.0,0,Fair,Mortgage,Central,Fully Paid,No,Fair (580-669),Upper-Middle ($65k-$95k),0
CUST-5369,Male,36,Master,Employed,Married,2,44000.0,676.0,0,LN-2023-14369,Home,59700.0,24,11.15,2786.65,0.75,11.0,2,Fair,Mortgage,North,Defaulted,Yes,Good (670-739),Lower-Middle ($40k-$65k),1
CUST-5370,Male,22,Master,Employed,Single,1,25500.0,677.0,3,LN-2023-14370,Auto,38300.0,36,13.19,1293.99,0.75,1.0,0,Good,Mortgage,South,Defaulted,Yes,Good (670-739),Low (<$40k),1
CUST-5371,Male,51,Bachelor,Self-Employed,Single,0,53100.0,680.0,1,LN-2023-14371,Personal,13200.0,48,15.05,367.7,0.137,17.0,0,Good,Mortgage,West,Current,No,Good (670-739),Lower-Middle ($40k-$65k),0
CUST-5372,Male,48,Bachelor,Employed,Married,1,85500.0,671.0,0,LN-2023-14372,Home,67200.0,12,11.43,5952.73,0.75,20.0,0,Good,Mortgage,South,Fully Paid,No,Good (670-739),Upper-Middle ($65k-$95k),0
CUST-5373,Male,27,Master,Employed,Married,1,97100.0,550.0,4,LN-2023-14373,Education,18200.0,48,17.04,525.54,0.151,2.0,0,Poor,Own,East,Fully Paid,No,Poor (<580),High (>$95k),0
CUST-5374,Male,50,High School,Employed,Married,2,46700.0,477.0,0,LN-2023-14374,Home,63700.0,12,16.63,5798.56,0.75,16.0,1,Poor,Own,North,Defaulted,Yes,Poor (<580),Lower-Middle ($40k-$65k),1
CUST-5375,Male,63,Bachelor,Employed,Married,3,48000.0,589.0,2,LN-2023-14375,Auto,21400.0,48,14.71,592.44,0.199,21.0,0,Fair,Rent,Central,Fully Paid,No,Fair (580-669),Lower-Middle ($40k-$65k),0
CUST-5376,Male,27,Bachelor,Employed,Married,1,41900.0,624.0,2,LN-2023-14376,Auto,31600.0,36,13.39,1070.67,0.423,3.0,0,Fair,Mortgage,Central,Fully Paid,No,Fair (580-669),Lower-Middle ($40k-$65k),0
CUST-5377,Male,56,Master,Employed,Married,2,64900.0,569.0,1,LN-2023-14377,Home,118400.0,60,13.08,2698.82,0.54,5.0,1,Poor,Mortgage,Central,Defaulted,Yes,Poor (<580),Lower-Middle ($40k-$65k),1
CUST-5378,Female,49,High School,Employed,Single,0,31100.0,665.0,2,LN-2023-14378,Home,76500.0,48,12.06,2016.79,0.75,7.0,0,Fair,Rent,North,Fully Paid,No,Fair (580-669),Low (<$40k),0
CUST-5379,Male,44,PhD,Employed,Divorced,1,77600.0,762.0,1,LN-2023-14379,Personal,12300.0,36,14.01,420.44,0.1,6.0,0,Excellent,Mortgage,North,Current,No,Very Good (740-799),Upper-Middle ($65k-$95k),0
CUST-5380,Male,59,Bachelor,Employed,Single,2,114400.0,731.0,0,LN-2023-14380,Auto,39700.0,24,12.91,1885.73,0.198,20.0,0,Good,Own,East,Fully Paid,No,Good (670-739),High (>$95k),0
CUST-5381,Male,24,Bachelor,Employed,Divorced,1,44400.0,709.0,2,LN-2023-14381,Auto,10900.0,36,12.73,365.85,0.223,3.0,0,Good,Rent,South,Fully Paid,No,Good (670-739),Lower-Middle ($40k-$65k),0
CUST-5382,Male,49,Bachelor,Self-Employed,Single,1,72400.0,753.0,3,LN-2023-14382,Auto,21500.0,12,12.86,1918.91,0.311,23.0,0,Excellent,Rent,East,Current,No,Very Good (740-799),Upper-Middle ($65k-$95k),0
CUST-5383,Female,64,High School,Employed,Single,3,69200.0,591.0,1,LN-2023-14383,Personal,16100.0,60,16.69,397.45,0.113,8.0,0,Fair,Own,Central,Fully Paid,No,Fair (580-669),Upper-Middle ($65k-$95k),0
CUST-5384,Female,25,Master,Employed,Married,0,47900.0,631.0,5,LN-2023-14384,Personal,20400.0,24,15.17,990.78,0.496,1.0,0,Fair,Rent,North,Current,No,Fair (580-669),Lower-Middle ($40k-$65k),0
CUST-5385,Female,49,PhD,Self-Employed,Married,0,73000.0,722.0,1,LN-2023-14385,Personal,7500.0,60,15.86,181.83,0.08,1.0,0,Good,Own,North,Fully Paid,No,Good (670-739),Upper-Middle ($65k-$95k),0
CUST-5386,Female,50,Bachelor,Self-Employed,Single,2,117000.0,629.0,1,LN-2023-14386,Personal,15600.0,24,16.4,766.81,0.104,10.0,0,Fair,Rent,Central,Current,No,Fair (580-669),High (>$95k),0
CUST-5387,Female,49,PhD,Employed,Divorced,2,61200.0,634.0,2,LN-2023-14387,Home,93100.0,24,12.45,4402.13,0.75,20.0,1,Fair,Mortgage,South,Defaulted,Yes,Fair (580-669),Lower-Middle ($40k-$65k),1
CUST-5388,Male,46,Master,Employed,Married,2,75800.0,828.0,0,LN-2023-14388,Personal,17800.0,24,12.68,843.57,0.134,20.0,0,Excellent,Mortgage,North,Fully Paid,No,Excellent (800+),Upper-Middle ($65k-$95k),0
CUST-5389,Male,39,Bachelor,Employed,Married,1,157400.0,678.0,3,LN-2023-14389,Auto,31800.0,48,13.61,862.77,0.091,4.0,0,Good,Mortgage,East,Current,No,Good (670-739),High (>$95k),0
CUST-5390,Male,46,Bachelor,Employed,Single,2,97700.0,819.0,2,LN-2023-14390,Business,66400.0,36,12.25,2213.37,0.302,6.0,0,Excellent,Own,West,Fully Paid,No,Excellent (800+),High (>$95k),0
CUST-5391,Male,57,Bachelor,Self-Employed,Married,2,75100.0,515.0,3,LN-2023-14391,Personal,14000.0,12,18.8,1288.86,0.327,7.0,1,Poor,Rent,West,Defaulted,Yes,Poor (<580),Upper-Middle ($65k-$95k),1
CUST-5392,Female,47,Bachelor,Unemployed,Married,0,32100.0,616.0,2,LN-2023-14392,Education,8200.0,24,14.53,395.76,0.266,0.0,1,Fair,Mortgage,East,Fully Paid,No,Fair (580-669),Low (<$40k),0
CUST-5393,Female,50,High School,Unemployed,Single,2,18000.0,704.0,3,LN-2023-14393,Auto,12100.0,36,13.23,409.04,0.654,0.0,0,Good,Own,West,Fully Paid,No,Good (670-739),Low (<$40k),0
CUST-5394,Male,50,Bachelor,Employed,Married,0,99400.0,677.0,2,LN-2023-14394,Education,35200.0,36,14.45,1210.76,0.197,9.0,1,Good,Mortgage,East,Fully Paid,No,Good (670-739),High (>$95k),0
CUST-5395,Female,23,High School,Employed,Single,0,19500.0,495.0,1,LN-2023-14395,Personal,22600.0,48,19.73,684.48,0.565,2.0,0,Poor,Own,East,Current,No,Poor (<580),Low (<$40k),0
CUST-5396,Female,63,Master,Unemployed,Divorced,0,25600.0,650.0,3,LN-2023-14396,Business,73500.0,36,15.88,2579.69,0.75,0.0,0,Fair,Rent,Central,Defaulted,Yes,Fair (580-669),Low (<$40k),1
CUST-5397,Male,27,Master,Employed,Single,0,30400.0,850.0,1,LN-2023-14397,Business,85000.0,24,12.3,4013.16,0.75,4.0,0,Excellent,Mortgage,Central,Defaulted,Yes,Excellent (800+),Low (<$40k),1
CUST-5398,Male,29,High School,Employed,Married,0,52800.0,690.0,1,LN-2023-14398,Business,72500.0,12,14.38,6522.54,0.75,6.0,0,Good,Mortgage,East,Fully Paid,No,Good (670-739),Lower-Middle ($40k-$65k),0
CUST-5399,Male,61,Bachelor,Self-Employed,Married,0,65000.0,721.0,0,LN-2023-14399,Education,29500.0,12,14.3,2652.89,0.49,20.0,0,Good,Rent,East,Fully Paid,No,Good (670-739),Lower-Middle ($40k-$65k),0
CUST-5400,Male,62,Bachelor,Employed,Married,0,116000.0,615.0,4,LN-2023-14400,Personal,22000.0,48,17.59,641.55,0.153,9.0,0,Fair,Mortgage,South,Defaulted,Yes,Fair (580-669),High (>$95k),1
CUST-5401,Male,33,Bachelor,Employed,Single,0,86600.0,690.0,0,LN-2023-14401,Personal,10500.0,48,15.51,294.94,0.08,2.0,0,Good,Rent,South,Fully Paid,No,Good (670-739),Upper-Middle ($65k-$95k),0
CUST-5402,Male,35,Bachelor,Self-Employed,Married,1,72400.0,668.0,0,LN-2023-14402,Business,87000.0,48,16.48,2487.04,0.523,0.0,0,Fair,Mortgage,Central,Fully Paid,No,Fair (580-669),Upper-Middle ($65k-$95k),0
CUST-5403,Male,25,Bachelor,Employed,Married,2,52400.0,765.0,0,LN-2023-14403,Personal,18700.0,48,14.41,514.86,0.118,3.0,0,Excellent,Own,West,Current,No,Very Good (740-799),Lower-Middle ($40k-$65k),0
CUST-5404,Male,49,Bachelor,Employed,Married,2,74600.0,762.0,1,LN-2023-14404,Home,63900.0,24,9.7,2939.82,0.51,20.0,0,Excellent,Mortgage,South,Fully Paid,No,Very Good (740-799),Upper-Middle ($65k-$95k),0
CUST-5405,Female,55,High School,Employed,Married,2,37900.0,704.0,0,LN-2023-14405,Personal,9100.0,60,13.99,211.69,0.08,22.0,0,Good,Mortgage,West,Fully Paid,No,Good (670-739),Low (<$40k),0
CUST-5406,Female,47,High School,Employed,Married,0,48400.0,676.0,2,LN-2023-14406,Auto,41000.0,12,13.72,3675.87,0.75,2.0,0,Good,Mortgage,North,Defaulted,Yes,Good (670-739),Lower-Middle ($40k-$65k),1
CUST-5407,Female,47,High School,Employed,Single,2,88800.0,527.0,1,LN-2023-14407,Auto,19500.0,48,17.73,570.06,0.097,17.0,0,Poor,Mortgage,Central,Fully Paid,No,Poor (<580),Upper-Middle ($65k-$95k),0
CUST-5408,Male,28,Master,Employed,Married,0,53600.0,524.0,2,LN-2023-14408,Business,22900.0,12,18.68,2106.89,0.57,0.0,1,Poor,Mortgage,East,Defaulted,Yes,Poor (<580),Lower-Middle ($40k-$65k),1
CUST-5409,Male,52,PhD,Employed,Married,0,75900.0,676.0,0,LN-2023-14409,Education,20600.0,24,14.6,994.91,0.157,3.0,0,Good,Rent,South,Fully Paid,No,Good (670-739),Upper-Middle ($65k-$95k),0
CUST-5410,Female,40,Bachelor,Self-Employed,Married,1,63000.0,744.0,0,LN-2023-14410,Home,114500.0,36,10.53,3723.15,0.709,7.0,2,Fair,Mortgage,North,Defaulted,Yes,Very Good (740-799),Lower-Middle ($40k-$65k),1
CUST-5411,Male,30,Bachelor,Employed,Divorced,1,220000.0,783.0,2,LN-2023-14411,Auto,25700.0,12,11.28,2274.77,0.14,4.0,0,Excellent,Mortgage,West,Fully Paid,No,Very Good (740-799),High (>$95k),0
CUST-5412,Male,33,High School,Self-Employed,Married,2,74200.0,594.0,1,LN-2023-14412,Home,113300.0,36,13.35,3836.65,0.642,9.0,0,Fair,Rent,Central,Current,No,Fair (580-669),Upper-Middle ($65k-$95k),0
CUST-5413,Female,49,Bachelor,Employed,Single,1,104600.0,541.0,0,LN-2023-14413,Personal,27000.0,36,19.29,993.68,0.114,16.0,2,Poor,Rent,East,Defaulted,Yes,Poor (<580),High (>$95k),1
CUST-5414,Female,55,High School,Employed,Single,0,69400.0,749.0,4,LN-2023-14414,Education,35200.0,36,12.61,1179.43,0.386,4.0,0,Excellent,Mortgage,South,Fully Paid,No,Very Good (740-799),Upper-Middle ($65k-$95k),0
CUST-5415,Male,28,Bachelor,Employed,Single,2,91600.0,600.0,0,LN-2023-14415,Auto,32400.0,48,16.42,925.21,0.121,1.0,0,Fair,Mortgage,South,Defaulted,Yes,Fair (580-669),Upper-Middle ($65k-$95k),1
CUST-5416,Male,49,Master,Employed,Married,1,96300.0,535.0,0,LN-2023-14416,Home,104500.0,12,15.21,9442.35,0.75,7.0,0,Poor,Mortgage,East,Current,No,Poor (<580),High (>$95k),0
CUST-5417,Male,51,High School,Self-Employed,Divorced,2,66500.0,628.0,1,LN-2023-14417,Personal,10600.0,12,17.48,969.19,0.22,3.0,1,Fair,Rent,West,Fully Paid,No,Fair (580-669),Upper-Middle ($65k-$95k),0
CUST-5418,Male,61,Master,Employed,Single,2,40500.0,626.0,0,LN-2023-14418,Auto,13800.0,48,15.27,385.96,0.114,10.0,1,Fair,Own,North,Current,No,Fair (580-669),Lower-Middle ($40k-$65k),0
CUST-5419,Male,50,High School,Employed,Single,0,57700.0,782.0,0,LN-2023-14419,Home,90300.0,36,9.59,2896.38,0.602,18.0,0,Excellent,Mortgage,Central,Fully Paid,No,Very Good (740-799),Lower-Middle ($40k-$65k),0
CUST-5420,Male,42,Bachelor,Employed,Married,0,59900.0,743.0,3,LN-2023-14420,Personal,3300.0,36,13.0,111.19,0.101,4.0,0,Excellent,Mortgage,South,Current,No,Very Good (740-799),Lower-Middle ($40k-$65k),0
CUST-5421,Male,41,High School,Employed,Single,0,62800.0,607.0,0,LN-2023-14421,Education,21800.0,60,15.36,522.75,0.1,14.0,0,Fair,Mortgage,East,Current,No,Fair (580-669),Lower-Middle ($40k-$65k),0
CUST-5422,Female,32,Bachelor,Employed,Single,0,60900.0,788.0,0,LN-2023-14422,Personal,6000.0,36,13.03,202.25,0.08,5.0,0,Excellent,Mortgage,Central,Current,No,Very Good (740-799),Lower-Middle ($40k-$65k),0
CUST-5423,Female,31,High School,Employed,Married,0,69200.0,680.0,3,LN-2023-14423,Home,54200.0,24,11.57,2540.51,0.508,3.0,0,Good,Own,East,Current,No,Good (670-739),Upper-Middle ($65k-$95k),0
CUST-5424,Female,22,Bachelor,Employed,Married,1,96000.0,760.0,1,LN-2023-14424,Education,35600.0,48,11.69,932.08,0.131,0.0,0,Excellent,Rent,West,Current,No,Very Good (740-799),High (>$95k),0
CUST-5425,Male,61,Bachelor,Employed,Single,3,18000.0,782.0,0,LN-2023-14425,Education,27800.0,48,12.01,732.22,0.488,24.0,0,Excellent,Own,East,Fully Paid,No,Very Good (740-799),Low (<$40k),0
CUST-5426,Male,22,Bachelor,Employed,Married,2,51700.0,647.0,1,LN-2023-14426,Education,27900.0,36,14.27,957.22,0.266,1.0,1,Fair,Mortgage,South,Fully Paid,No,Fair (580-669),Lower-Middle ($40k-$65k),0
CUST-5427,Male,54,Bachelor,Employed,Single,2,27300.0,668.0,0,LN-2023-14427,Education,19800.0,48,14.19,542.95,0.239,0.0,0,Good,Mortgage,Central,Current,No,Fair (580-669),Low (<$40k),0
CUST-5428,Male,23,Master,Employed,Married,0,86700.0,635.0,1,LN-2023-14428,Personal,15000.0,36,17.99,542.21,0.109,2.0,0,Fair,Mortgage,East,Defaulted,Yes,Fair (580-669),Upper-Middle ($65k-$95k),1
CUST-5429,Male,36,Bachelor,Employed,Married,0,54900.0,749.0,1,LN-2023-14429,Business,41200.0,36,13.11,1390.37,0.35,1.0,0,Excellent,Rent,North,Fully Paid,No,Very Good (740-799),Lower-Middle ($40k-$65k),0
CUST-5430,Female,24,High School,Self-Employed,Single,2,103900.0,677.0,4,LN-2023-14430,Personal,15600.0,12,16.13,1416.36,0.213,3.0,0,Good,Mortgage,Central,Fully Paid,No,Good (670-739),High (>$95k),0
CUST-5431,Female,43,Bachelor,Self-Employed,Married,0,79400.0,751.0,1,LN-2023-14431,Personal,20000.0,24,13.95,959.79,0.168,1.0,0,Excellent,Rent,East,Current,No,Very Good (740-799),Upper-Middle ($65k-$95k),0
CUST-5432,Female,40,Master,Self-Employed,Divorced,2,71900.0,799.0,2,LN-2023-14432,Personal,8400.0,36,13.4,284.65,0.124,13.0,0,Excellent,Own,East,Current,No,Very Good (740-799),Upper-Middle ($65k-$95k),0
CUST-5433,Male,45,Bachelor,Employed,Single,3,95900.0,716.0,0,LN-2023-14433,Business,38300.0,36,15.26,1332.56,0.167,11.0,0,Good,Mortgage,Central,Current,No,Good (670-739),High (>$95k),0
CUST-5434,Female,50,Bachelor,Unemployed,Single,0,19100.0,662.0,1,LN-2023-14434,Home,87100.0,48,10.84,2244.38,0.75,0.0,0,Fair,Rent,East,Defaulted,Yes,Fair (580-669),Low (<$40k),1
CUST-5435,Male,38,High School,Employed,Single,2,39200.0,663.0,0,LN-2023-14435,Home,77700.0,12,11.03,6868.34,0.75,7.0,0,Fair,Rent,South,Defaulted,Yes,Fair (580-669),Low (<$40k),1
CUST-5436,Male,62,Bachelor,Unemployed,Divorced,0,26300.0,418.0,1,LN-2023-14436,Personal,26800.0,12,21.01,2495.58,0.75,0.0,2,Poor,Mortgage,North,Defaulted,Yes,Poor (<580),Low (<$40k),1
CUST-5437,Male,31,Bachelor,Employed,Married,2,129900.0,609.0,1,LN-2023-14437,Personal,26800.0,12,17.02,2444.54,0.249,6.0,0,Fair,Mortgage,West,Defaulted,Yes,Fair (580-669),High (>$95k),1
CUST-5438,Female,49,PhD,Employed,Single,0,136300.0,749.0,4,LN-2023-14438,Auto,22800.0,36,11.46,751.42,0.15,6.0,1,Good,Rent,South,Fully Paid,No,Very Good (740-799),High (>$95k),0
CUST-5439,Female,37,Master,Employed,Married,0,100500.0,752.0,3,LN-2023-14439,Personal,16100.0,36,14.81,556.61,0.107,11.0,0,Excellent,Rent,East,Fully Paid,No,Very Good (740-799),High (>$95k),0
CUST-5440,Male,46,High School,Employed,Married,2,169300.0,607.0,1,LN-2023-14440,Auto,47100.0,36,15.1,1635.04,0.129,19.0,2,Fair,Mortgage,East,Current,No,Fair (580-669),High (>$95k),0
CUST-5441,Female,43,Bachelor,Self-Employed,Single,2,52000.0,683.0,0,LN-2023-14441,Education,34100.0,24,13.16,1623.74,0.375,10.0,0,Good,Rent,West,Fully Paid,No,Good (670-739),Lower-Middle ($40k-$65k),0
CUST-5442,Female,40,High School,Self-Employed,Single,1,40200.0,653.0,1,LN-2023-14442,Auto,18200.0,36,13.71,619.47,0.242,6.0,0,Fair,Own,West,Fully Paid,No,Fair (580-669),Lower-Middle ($40k-$65k),0
CUST-5443,Male,65,Bachelor,Unemployed,Married,1,23500.0,728.0,2,LN-2023-14443,Education,15500.0,48,11.13,401.58,0.485,0.0,0,Good,Mortgage,South,Fully Paid,No,Good (670-739),Low (<$40k),0
CUST-5444,Male,22,Master,Employed,Married,1,153900.0,850.0,0,LN-2023-14444,Personal,5400.0,48,13.51,146.24,0.08,0.0,0,Excellent,Own,South,Fully Paid,No,Excellent (800+),High (>$95k),0
CUST-5445,Male,44,Bachelor,Employed,Single,2,41200.0,730.0,1,LN-2023-14445,Personal,22700.0,36,14.75,784.13,0.303,14.0,0,Good,Own,South,Fully Paid,No,Good (670-739),Lower-Middle ($40k-$65k),0
CUST-5446,Female,51,Bachelor,Employed,Married,3,138500.0,613.0,0,LN-2023-14446,Auto,22000.0,12,15.51,1990.98,0.173,7.0,0,Fair,Rent,South,Fully Paid,No,Fair (580-669),High (>$95k),0
CUST-5447,Male,47,High School,Unemployed,Single,3,18000.0,663.0,0,LN-2023-14447,Education,24200.0,60,14.77,572.8,0.382,0.0,0,Fair,Mortgage,West,Fully Paid,No,Fair (580-669),Low (<$40k),0
CUST-5448,Female,22,Master,Employed,Single,2,73700.0,789.0,0,LN-2023-14448,Home,110300.0,36,8.92,3503.41,0.57,0.0,0,Excellent,Rent,East,Current,No,Very Good (740-799),Upper-Middle ($65k-$95k),0
CUST-5449,Male,34,Bachelor,Self-Employed,Married,2,78200.0,550.0,4,LN-2023-14449,Education,34400.0,60,15.03,818.92,0.238,8.0,0,Poor,Rent,North,Fully Paid,No,Poor (<580),Upper-Middle ($65k-$95k),0
CUST-5450,Female,24,Bachelor,Employed,Married,1,42300.0,617.0,0,LN-2023-14450,Home,72700.0,36,12.34,2426.5,0.688,1.0,0,Fair,Rent,East,Current,No,Fair (580-669),Lower-Middle ($40k-$65k),0
CUST-5451,Male,33,High School,Employed,Single,0,37100.0,730.0,0,LN-2023-14451,Personal,9900.0,24,14.99,479.97,0.155,0.0,0,Good,Mortgage,Central,Fully Paid,No,Good (670-739),Low (<$40k),0
CUST-5452,Female,56,Bachelor,Unemployed,Married,0,31500.0,780.0,4,LN-2023-14452,Home,117100.0,24,9.18,5359.36,0.75,0.0,0,Excellent,Rent,North,Defaulted,Yes,Very Good (740-799),Low (<$40k),1
CUST-5453,Female,55,PhD,Employed,Married,2,177500.0,721.0,1,LN-2023-14453,Personal,14100.0,36,15.67,493.42,0.08,3.0,0,Good,Own,North,Fully Paid,No,Good (670-739),High (>$95k),0
CUST-5454,Female,64,Bachelor,Employed,Married,2,24300.0,618.0,2,LN-2023-14454,Home,114900.0,36,12.7,3854.85,0.75,26.0,0,Fair,Rent,West,Defaulted,Yes,Fair (580-669),Low (<$40k),1
CUST-5455,Female,28,Bachelor,Employed,Married,1,68200.0,715.0,1,LN-2023-14455,Personal,7300.0,48,16.36,208.23,0.08,0.0,0,Good,Mortgage,Central,Current,No,Good (670-739),Upper-Middle ($65k-$95k),0
CUST-5456,Male,22,Bachelor,Self-Employed,Married,1,68700.0,705.0,1,LN-2023-14456,Personal,29400.0,24,14.55,1419.23,0.285,1.0,0,Good,Rent,North,Fully Paid,No,Good (670-739),Upper-Middle ($65k-$95k),0
CUST-5457,Female,26,Master,Employed,Single,0,81700.0,699.0,0,LN-2023-14457,Education,22400.0,24,13.78,1073.16,0.158,1.0,0,Good,Rent,South,Fully Paid,No,Good (670-739),Upper-Middle ($65k-$95k),0
CUST-5458,Male,51,Bachelor,Employed,Single,0,54500.0,661.0,1,LN-2023-14458,Personal,7900.0,24,15.54,385.07,0.126,2.0,0,Fair,Own,North,Current,No,Fair (580-669),Lower-Middle ($40k-$65k),0
CUST-5459,Male,30,High School,Employed,Single,1,27500.0,674.0,1,LN-2023-14459,Personal,18500.0,60,16.61,455.9,0.303,6.0,0,Good,Rent,South,Current,No,Good (670-739),Low (<$40k),0
CUST-5460,Female,64,Bachelor,Employed,Single,1,125800.0,592.0,1,LN-2023-14460,Business,80900.0,24,17.05,4001.82,0.402,19.0,1,Fair,Mortgage,East,Defaulted,Yes,Fair (580-669),High (>$95k),1
CUST-5461,Male,41,Bachelor,Employed,Married,3,105900.0,850.0,1,LN-2023-14461,Auto,24800.0,36,8.37,781.38,0.1,5.0,0,Excellent,Mortgage,South,Current,No,Excellent (800+),High (>$95k),0
CUST-5462,Male,62,Bachelor,Employed,Married,0,60000.0,683.0,2,LN-2023-14462,Auto,16800.0,36,12.23,559.85,0.161,14.0,0,Good,Mortgage,South,Defaulted,Yes,Good (670-739),Lower-Middle ($40k-$65k),1
CUST-5463,Female,30,Master,Unemployed,Single,1,21900.0,716.0,1,LN-2023-14463,Education,25600.0,36,12.72,859.12,0.602,0.0,0,Good,Rent,North,Fully Paid,No,Good (670-739),Low (<$40k),0
CUST-5464,Male,43,Bachelor,Unemployed,Single,0,18000.0,651.0,2,LN-2023-14464,Home,115900.0,48,13.07,3113.33,0.75,0.0,0,Fair,Rent,East,Defaulted,Yes,Fair (580-669),Low (<$40k),1
CUST-5465,Female,23,High School,Employed,Single,4,18000.0,741.0,0,LN-2023-14465,Personal,6500.0,12,15.02,586.74,0.391,0.0,0,Excellent,Own,East,Fully Paid,No,Very Good (740-799),Low (<$40k),0
CUST-5466,Male,52,PhD,Self-Employed,Single,2,125100.0,559.0,3,LN-2023-14466,Home,48500.0,12,14.31,4361.75,0.493,18.0,0,Poor,Own,West,Fully Paid,No,Poor (<580),High (>$95k),0
CUST-5467,Male,40,Bachelor,Employed,Single,1,89300.0,521.0,1,LN-2023-14467,Auto,12100.0,24,16.79,597.03,0.102,6.0,1,Poor,Mortgage,West,Current,No,Poor (<580),Upper-Middle ($65k-$95k),0
CUST-5468,Male,30,Bachelor,Employed,Married,4,66900.0,667.0,1,LN-2023-14468,Education,13800.0,36,13.34,467.24,0.112,6.0,0,Fair,Mortgage,West,Current,No,Fair (580-669),Upper-Middle ($65k-$95k),0
CUST-5469,Female,49,Bachelor,Employed,Single,1,60500.0,844.0,1,LN-2023-14469,Personal,3200.0,36,11.58,105.65,0.08,15.0,0,Excellent,Rent,Central,Fully Paid,No,Excellent (800+),Lower-Middle ($40k-$65k),0
CUST-5470,Female,61,Bachelor,Employed,Single,0,66800.0,772.0,3,LN-2023-14470,Personal,15400.0,36,13.43,522.08,0.207,22.0,0,Excellent,Mortgage,North,Fully Paid,No,Very Good (740-799),Upper-Middle ($65k-$95k),0
CUST-5471,Female,66,High School,Employed,Divorced,1,33400.0,601.0,3,LN-2023-14471,Home,104300.0,48,12.63,2778.99,0.75,31.0,3,Fair,Own,Central,Defaulted,Yes,Fair (580-669),Low (<$40k),1
CUST-5472,Female,54,Master,Employed,Single,0,62200.0,713.0,0,LN-2023-14472,Auto,37000.0,48,12.15,977.08,0.189,18.0,0,Good,Mortgage,North,Fully Paid,No,Good (670-739),Lower-Middle ($40k-$65k),0
CUST-5473,Male,57,Master,Self-Employed,Single,1,83100.0,615.0,2,LN-2023-14473,Personal,21500.0,48,16.6,615.94,0.151,13.0,0,Fair,Mortgage,Central,Current,No,Fair (580-669),Upper-Middle ($65k-$95k),0
CUST-5474,Male,40,Bachelor,Employed,Married,3,86000.0,706.0,0,LN-2023-14474,Education,16100.0,48,13.27,434.08,0.08,6.0,0,Good,Mortgage,West,Fully Paid,No,Good (670-739),Upper-Middle ($65k-$95k),0
CUST-5475,Female,28,Bachelor,Employed,Single,2,116900.0,712.0,0,LN-2023-14475,Business,71500.0,12,14.41,6433.58,0.66,1.0,0,Good,Rent,West,Current,No,Good (670-739),High (>$95k),0
CUST-5476,Male,27,High School,Employed,Divorced,0,44300.0,748.0,3,LN-2023-14476,Auto,31900.0,24,12.64,1511.2,0.593,4.0,0,Excellent,Own,West,Current,No,Very Good (740-799),Lower-Middle ($40k-$65k),0
CUST-5477,Male,26,High School,Employed,Single,0,30700.0,536.0,0,LN-2023-14477,Business,80300.0,48,19.59,2426.05,0.75,4.0,1,Poor,Own,West,Defaulted,Yes,Poor (<580),Low (<$40k),1
CUST-5478,Male,31,Bachelor,Employed,Single,0,63900.0,562.0,0,LN-2023-14478,Personal,16900.0,36,18.86,618.29,0.116,2.0,0,Poor,Own,East,Current,No,Poor (<580),Lower-Middle ($40k-$65k),0
CUST-5479,Female,64,Bachelor,Employed,Married,0,155400.0,663.0,2,LN-2023-14479,Education,12100.0,36,14.55,416.79,0.286,32.0,0,Fair,Rent,North,Current,No,Fair (580-669),High (>$95k),0
CUST-5480,Female,38,PhD,Self-Employed,Single,0,69400.0,582.0,2,LN-2023-14480,Auto,34100.0,48,14.41,938.86,0.25,9.0,0,Fair,Mortgage,East,Current,No,Fair (580-669),Upper-Middle ($65k-$95k),0
CUST-5481,Male,62,Master,Self-Employed,Single,1,133400.0,575.0,0,LN-2023-14481,Personal,7400.0,60,19.75,195.03,0.08,17.0,0,Poor,Mortgage,South,Fully Paid,No,Poor (<580),High (>$95k),0
CUST-5482,Male,49,Bachelor,Employed,Single,2,114700.0,693.0,0,LN-2023-14482,Home,126900.0,36,10.86,4146.13,0.434,0.0,0,Good,Rent,South,Defaulted,Yes,Good (670-739),High (>$95k),1
CUST-5483,Female,45,Bachelor,Employed,Married,2,53500.0,592.0,0,LN-2023-14483,Home,104800.0,24,13.83,5023.34,0.75,8.0,1,Fair,Own,East,Fully Paid,No,Fair (580-669),Lower-Middle ($40k-$65k),0
CUST-5484,Female,41,High School,Unemployed,Single,0,18000.0,850.0,0,LN-2023-14484,Education,31700.0,12,10.68,2796.97,0.75,0.0,0,Excellent,Mortgage,Central,Current,No,Excellent (800+),Low (<$40k),0
CUST-5485,Male,66,PhD,Employed,Married,0,120200.0,624.0,0,LN-2023-14485,Education,29100.0,36,14.34,999.38,0.1,25.0,0,Fair,Mortgage,East,Current,No,Fair (580-669),High (>$95k),0
CUST-5486,Female,23,Bachelor,Employed,Single,0,73700.0,647.0,4,LN-2023-14486,Auto,13700.0,48,13.63,371.83,0.14,0.0,2,Fair,Rent,Central,Current,No,Fair (580-669),Upper-Middle ($65k-$95k),0
CUST-5487,Male,38,High School,Employed,Married,0,67100.0,695.0,0,LN-2023-14487,Auto,27700.0,24,13.29,1320.68,0.236,7.0,0,Good,Own,South,Fully Paid,No,Good (670-739),Upper-Middle ($65k-$95k),0
CUST-5488,Male,44,Bachelor,Employed,Single,0,159800.0,541.0,1,LN-2023-14488,Personal,21900.0,24,17.82,1091.43,0.095,20.0,0,Poor,Mortgage,North,Current,No,Poor (<580),High (>$95k),0
CUST-5489,Female,67,Master,Self-Employed,Married,0,96500.0,713.0,3,LN-2023-14489,Auto,18700.0,60,12.55,421.19,0.157,28.0,0,Good,Own,South,Fully Paid,No,Good (670-739),High (>$95k),0
CUST-5490,Female,58,Master,Employed,Married,1,45500.0,699.0,2,LN-2023-14490,Auto,35800.0,36,11.25,1176.29,0.419,17.0,0,Good,Rent,North,Fully Paid,No,Good (670-739),Lower-Middle ($40k-$65k),0
CUST-5491,Male,30,High School,Employed,Single,3,50600.0,640.0,0,LN-2023-14491,Personal,26800.0,24,16.73,1321.58,0.313,4.0,0,Fair,Mortgage,West,Fully Paid,No,Fair (580-669),Lower-Middle ($40k-$65k),0
CUST-5492,Female,47,Master,Employed,Married,1,86800.0,693.0,1,LN-2023-14492,Business,39200.0,24,16.32,1925.35,0.283,1.0,0,Good,Mortgage,North,Current,No,Good (670-739),Upper-Middle ($65k-$95k),0
CUST-5493,Female,32,Bachelor,Employed,Single,2,111200.0,706.0,3,LN-2023-14493,Home,62000.0,60,10.77,1340.93,0.235,9.0,0,Good,Rent,East,Fully Paid,No,Good (670-739),High (>$95k),0
CUST-5494,Female,27,High School,Self-Employed,Divorced,0,51700.0,791.0,1,LN-2023-14494,Education,36000.0,48,10.37,919.46,0.239,5.0,0,Excellent,Rent,Central,Fully Paid,No,Very Good (740-799),Lower-Middle ($40k-$65k),0
CUST-5495,Female,37,Master,Employed,Divorced,3,64700.0,850.0,1,LN-2023-14495,Home,45400.0,36,7.21,1406.18,0.282,10.0,0,Excellent,Mortgage,South,Current,No,Excellent (800+),Lower-Middle ($40k-$65k),0
CUST-5496,Female,21,Master,Employed,Married,0,42000.0,579.0,0,LN-2023-14496,Business,37900.0,36,18.29,1375.7,0.393,0.0,0,Poor,Mortgage,South,Current,No,Poor (<580),Lower-Middle ($40k-$65k),0
CUST-5497,Male,46,Bachelor,Unemployed,Single,0,28200.0,559.0,1,LN-2023-14497,Personal,14800.0,60,18.62,380.83,0.271,0.0,0,Poor,Own,North,Defaulted,Yes,Poor (<580),Low (<$40k),1
CUST-5498,Male,35,Bachelor,Employed,Married,0,220000.0,678.0,0,LN-2023-14498,Auto,35500.0,24,13.7,1699.43,0.093,3.0,0,Good,Mortgage,West,Current,No,Good (670-739),High (>$95k),0
CUST-5499,Male,53,Master,Employed,Divorced,0,70400.0,493.0,2,LN-2023-14499,Personal,31900.0,36,19.83,1182.76,0.295,5.0,0,Poor,Rent,South,Defaulted,Yes,Poor (<580),Upper-Middle ($65k-$95k),1
CUST-5500,Male,57,Master,Employed,Single,1,95400.0,725.0,2,LN-2023-14500,Personal,13800.0,12,14.31,1241.08,0.184,16.0,0,Good,Own,Central,Fully Paid,No,Good (670-739),High (>$95k),0
CUST-5501,Female,67,Master,Employed,Married,4,60800.0,679.0,1,LN-2023-14501,Personal,30500.0,36,15.95,1071.54,0.256,8.0,0,Good,Rent,North,Fully Paid,No,Good (670-739),Lower-Middle ($40k-$65k),0
CUST-5502,Male,51,Bachelor,Employed,Married,2,35300.0,701.0,2,LN-2023-14502,Home,76200.0,36,10.93,2492.17,0.75,18.0,0,Good,Mortgage,North,Current,No,Good (670-739),Low (<$40k),0
CUST-5503,Male,55,PhD,Employed,Married,0,112800.0,644.0,0,LN-2023-14503,Education,29600.0,60,15.35,709.63,0.08,16.0,1,Fair,Mortgage,East,Current,No,Fair (580-669),High (>$95k),0
CUST-5504,Male,21,PhD,Employed,Single,1,94000.0,691.0,2,LN-2023-14504,Home,59100.0,36,10.77,1928.43,0.295,0.0,0,Good,Rent,North,Fully Paid,No,Good (670-739),Upper-Middle ($65k-$95k),0
CUST-5505,Male,28,High School,Unemployed,Married,1,18000.0,710.0,2,LN-2023-14505,Auto,27500.0,48,12.71,733.8,0.75,0.0,0,Good,Own,South,Fully Paid,No,Good (670-739),Low (<$40k),0
CUST-5506,Male,32,Master,Employed,Single,2,160600.0,687.0,2,LN-2023-14506,Business,81000.0,48,15.38,2269.92,0.209,7.0,0,Good,Mortgage,South,Fully Paid,No,Good (670-739),High (>$95k),0
CUST-5507,Female,39,Bachelor,Employed,Single,2,75800.0,555.0,0,LN-2023-14507,Auto,22200.0,24,17.68,1104.89,0.175,3.0,0,Poor,Rent,South,Current,No,Poor (<580),Upper-Middle ($65k-$95k),0
CUST-5508,Male,45,Bachelor,Employed,Divorced,1,65000.0,684.0,2,LN-2023-14508,Personal,6100.0,60,15.22,145.82,0.123,17.0,0,Good,Rent,Central,Fully Paid,No,Good (670-739),Lower-Middle ($40k-$65k),0
CUST-5509,Female,52,Bachelor,Self-Employed,Divorced,1,59800.0,827.0,1,LN-2023-14509,Personal,18200.0,36,12.34,607.46,0.17,9.0,0,Excellent,Mortgage,South,Current,No,Excellent (800+),Lower-Middle ($40k-$65k),0
CUST-5510,Female,32,High School,Employed,Married,2,58900.0,690.0,1,LN-2023-14510,Personal,15700.0,36,14.95,543.86,0.163,3.0,0,Good,Mortgage,North,Fully Paid,No,Good (670-739),Lower-Middle ($40k-$65k),0
CUST-5511,Male,33,Bachelor,Self-Employed,Single,0,88600.0,681.0,1,LN-2023-14511,Personal,9700.0,12,16.73,883.44,0.149,0.0,0,Good,Rent,North,Fully Paid,No,Good (670-739),Upper-Middle ($65k-$95k),0
CUST-5512,Male,48,Master,Employed,Single,0,93200.0,802.0,0,LN-2023-14512,Home,122000.0,48,9.62,3072.02,0.396,23.0,0,Excellent,Mortgage,South,Fully Paid,No,Excellent (800+),Upper-Middle ($65k-$95k),0
CUST-5513,Male,21,High School,Unemployed,Divorced,2,27800.0,606.0,1,LN-2023-14513,Auto,32900.0,12,14.82,2966.7,0.75,0.0,0,Fair,Rent,West,Fully Paid,No,Fair (580-669),Low (<$40k),0
CUST-5514,Female,26,Bachelor,Employed,Married,2,112600.0,745.0,1,LN-2023-14514,Personal,13100.0,24,15.24,636.67,0.095,3.0,0,Excellent,Mortgage,South,Defaulted,Yes,Very Good (740-799),High (>$95k),1
CUST-5515,Female,28,Master,Employed,Married,0,191900.0,624.0,1,LN-2023-14515,Home,129700.0,12,12.8,11572.28,0.733,3.0,0,Fair,Rent,East,Defaulted,Yes,Fair (580-669),High (>$95k),1
CUST-5516,Male,24,Bachelor,Employed,Married,4,43100.0,762.0,2,LN-2023-14516,Home,56700.0,36,10.03,1830.35,0.569,0.0,0,Excellent,Mortgage,Central,Defaulted,Yes,Very Good (740-799),Lower-Middle ($40k-$65k),1
CUST-5517,Male,25,Bachelor,Self-Employed,Married,0,55900.0,737.0,1,LN-2023-14517,Auto,42200.0,48,11.39,1098.69,0.277,3.0,0,Good,Own,South,Fully Paid,No,Good (670-739),Lower-Middle ($40k-$65k),0
CUST-5518,Female,45,Bachelor,Employed,Married,0,74000.0,634.0,0,LN-2023-14518,Education,13800.0,48,14.96,383.78,0.08,6.0,3,Fair,Rent,East,Defaulted,Yes,Fair (580-669),Upper-Middle ($65k-$95k),1
CUST-5519,Male,42,Bachelor,Employed,Married,0,44300.0,647.0,1,LN-2023-14519,Business,36800.0,12,17.68,3368.22,0.75,18.0,0,Fair,Rent,East,Current,No,Fair (580-669),Lower-Middle ($40k-$65k),0
CUST-5520,Male,48,Bachelor,Employed,Single,3,47600.0,753.0,1,LN-2023-14520,Auto,28900.0,48,12.77,772.02,0.25,22.0,0,Excellent,Rent,East,Fully Paid,No,Very Good (740-799),Lower-Middle ($40k-$65k),0
CUST-5521,Female,59,Master,Self-Employed,Married,0,110900.0,512.0,1,LN-2023-14521,Home,101300.0,36,15.6,3541.43,0.407,24.0,0,Poor,Own,Central,Current,No,Poor (<580),High (>$95k),0
CUST-5522,Female,43,Bachelor,Self-Employed,Single,1,108400.0,632.0,3,LN-2023-14522,Auto,36200.0,12,15.06,3268.38,0.443,18.0,1,Fair,Rent,West,Fully Paid,No,Fair (580-669),High (>$95k),0
CUST-5523,Female,24,Master,Employed,Married,0,138200.0,722.0,2,LN-2023-14523,Auto,10800.0,24,14.12,519.15,0.086,0.0,0,Good,Mortgage,North,Fully Paid,No,Good (670-739),High (>$95k),0
CUST-5524,Female,24,Bachelor,Employed,Divorced,1,57600.0,643.0,0,LN-2023-14524,Home,69400.0,48,12.7,1851.51,0.386,1.0,0,Fair,Rent,North,Current,No,Fair (580-669),Lower-Middle ($40k-$65k),0
CUST-5525,Female,67,Bachelor,Employed,Divorced,2,77400.0,681.0,1,LN-2023-14525,Auto,35100.0,48,12.85,939.03,0.174,10.0,0,Good,Rent,North,Current,No,Good (670-739),Upper-Middle ($65k-$95k),0
CUST-5526,Male,41,Bachelor,Self-Employed,Single,0,80600.0,496.0,1,LN-2023-14526,Home,120600.0,24,16.24,5918.79,0.75,1.0,3,Poor,Mortgage,South,Defaulted,Yes,Poor (<580),Upper-Middle ($65k-$95k),1
CUST-5527,Female,57,Bachelor,Self-Employed,Divorced,2,72900.0,597.0,1,LN-2023-14527,Business,66900.0,12,17.41,6114.62,0.75,30.0,0,Fair,Mortgage,South,Fully Paid,No,Fair (580-669),Upper-Middle ($65k-$95k),0
CUST-5528,Female,61,Bachelor,Employed,Married,3,43500.0,727.0,4,LN-2023-14528,Personal,10700.0,24,15.15,519.57,0.295,2.0,0,Good,Mortgage,West,Current,No,Good (670-739),Lower-Middle ($40k-$65k),0
CUST-5529,Female,22,High School,Employed,Single,0,32100.0,606.0,1,LN-2023-14529,Home,88200.0,48,13.05,2368.37,0.75,1.0,0,Fair,Mortgage,East,Defaulted,Yes,Fair (580-669),Low (<$40k),1
CUST-5530,Male,27,High School,Unemployed,Married,2,23200.0,559.0,2,LN-2023-14530,Home,100000.0,60,13.51,2301.5,0.75,0.0,1,Poor,Mortgage,Central,Current,No,Poor (<580),Low (<$40k),0
CUST-5531,Male,36,Bachelor,Self-Employed,Married,0,49700.0,760.0,4,LN-2023-14531,Education,10600.0,36,12.3,353.59,0.315,10.0,0,Excellent,Rent,West,Fully Paid,No,Very Good (740-799),Lower-Middle ($40k-$65k),0
CUST-5532,Male,37,Bachelor,Employed,Married,0,28300.0,713.0,0,LN-2023-14532,Personal,18800.0,12,15.79,1703.87,0.722,5.0,0,Good,Mortgage,Central,Current,No,Good (670-739),Low (<$40k),0
CUST-5533,Male,40,Bachelor,Employed,Single,1,62000.0,577.0,0,LN-2023-14533,Home,85100.0,36,14.12,2913.48,0.564,0.0,0,Poor,Rent,North,Fully Paid,No,Poor (<580),Lower-Middle ($40k-$65k),0
CUST-5534,Male,43,High School,Employed,Married,2,94500.0,681.0,1,LN-2023-14534,Auto,22800.0,60,13.65,526.39,0.092,0.0,0,Good,Own,East,Current,No,Good (670-739),Upper-Middle ($65k-$95k),0
CUST-5535,Female,54,Master,Employed,Single,0,22100.0,580.0,0,LN-2023-14535,Auto,33700.0,60,15.4,808.81,0.439,6.0,0,Fair,Mortgage,North,Fully Paid,No,Fair (580-669),Low (<$40k),0
CUST-5536,Female,31,Bachelor,Employed,Married,0,55200.0,657.0,0,LN-2023-14536,Auto,34200.0,60,12.68,772.56,0.168,4.0,0,Fair,Mortgage,West,Fully Paid,No,Fair (580-669),Lower-Middle ($40k-$65k),0
CUST-5537,Male,54,Bachelor,Employed,Single,3,85200.0,684.0,5,LN-2023-14537,Home,127600.0,48,11.22,3311.54,0.607,13.0,0,Good,Mortgage,West,Defaulted,Yes,Good (670-739),Upper-Middle ($65k-$95k),1
CUST-5538,Female,53,Bachelor,Employed,Single,2,27700.0,601.0,4,LN-2023-14538,Auto,26300.0,36,15.47,917.76,0.63,16.0,0,Fair,Own,South,Fully Paid,No,Fair (580-669),Low (<$40k),0
CUST-5539,Male,46,High School,Employed,Married,0,44600.0,733.0,2,LN-2023-14539,Auto,30200.0,60,10.66,651.51,0.259,17.0,0,Good,Rent,North,Fully Paid,No,Good (670-739),Lower-Middle ($40k-$65k),0
CUST-5540,Male,22,Master,Employed,Married,1,46600.0,746.0,2,LN-2023-14540,Education,11400.0,60,12.34,255.55,0.138,0.0,0,Excellent,Own,North,Fully Paid,No,Very Good (740-799),Lower-Middle ($40k-$65k),0
CUST-5541,Male,43,High School,Employed,Single,0,31200.0,692.0,0,LN-2023-14541,Auto,30800.0,24,13.01,1464.43,0.563,3.0,0,Good,Rent,West,Current,No,Good (670-739),Low (<$40k),0
CUST-5542,Male,61,Bachelor,Self-Employed,Married,0,60300.0,705.0,1,LN-2023-14542,Personal,4000.0,48,14.65,110.61,0.08,27.0,0,Good,Mortgage,East,Current,No,Good (670-739),Lower-Middle ($40k-$65k),0
CUST-5543,Male,42,Master,Employed,Single,1,47000.0,546.0,0,LN-2023-14543,Auto,15700.0,60,16.82,388.67,0.099,6.0,0,Poor,Mortgage,East,Current,No,Poor (<580),Lower-Middle ($40k-$65k),0
CUST-5544,Male,54,Bachelor,Employed,Single,1,36500.0,785.0,1,LN-2023-14544,Personal,8000.0,60,14.19,186.93,0.135,8.0,1,Good,Rent,East,Current,No,Very Good (740-799),Low (<$40k),0
CUST-5545,Male,35,Bachelor,Employed,Married,0,61200.0,662.0,1,LN-2023-14545,Home,98800.0,48,13.01,2651.05,0.573,9.0,0,Fair,Rent,East,Fully Paid,No,Fair (580-669),Lower-Middle ($40k-$65k),0
CUST-5546,Female,30,Bachelor,Self-Employed,Married,2,197000.0,590.0,2,LN-2023-14546,Home,93200.0,36,13.3,3153.76,0.209,7.0,0,Fair,Rent,Central,Fully Paid,No,Fair (580-669),High (>$95k),0
CUST-5547,Male,35,Bachelor,Self-Employed,Married,0,101700.0,682.0,0,LN-2023-14547,Education,33100.0,48,14.7,916.17,0.108,6.0,0,Good,Mortgage,East,Current,No,Good (670-739),High (>$95k),0
CUST-5548,Female,62,PhD,Employed,Married,1,146200.0,733.0,0,LN-2023-14548,Personal,16500.0,36,14.1,564.73,0.08,5.0,0,Good,Rent,East,Fully Paid,No,Good (670-739),High (>$95k),0
CUST-5549,Female,49,Master,Unemployed,Married,0,39000.0,713.0,2,LN-2023-14549,Auto,28000.0,36,12.35,934.69,0.374,0.0,0,Good,Mortgage,Central,Current,No,Good (670-739),Low (<$40k),0
CUST-5550,Female,43,Bachelor,Employed,Married,1,45900.0,577.0,2,LN-2023-14550,Personal,7700.0,24,18.58,386.58,0.193,10.0,3,Poor,Own,South,Fully Paid,No,Poor (<580),Lower-Middle ($40k-$65k),0
CUST-5551,Female,37,PhD,Unemployed,Married,0,37400.0,734.0,1,LN-2023-14551,Business,72000.0,36,13.99,2460.44,0.75,0.0,0,Good,Mortgage,North,Fully Paid,No,Good (670-739),Low (<$40k),0
CUST-5552,Male,29,High School,Employed,Married,1,80500.0,664.0,0,LN-2023-14552,Home,45300.0,36,11.58,1495.54,0.223,1.0,0,Fair,Rent,East,Current,No,Fair (580-669),Upper-Middle ($65k-$95k),0
CUST-5553,Male,56,High School,Employed,Divorced,1,71300.0,712.0,3,LN-2023-14553,Auto,26100.0,36,13.22,882.18,0.213,29.0,0,Good,Mortgage,West,Fully Paid,No,Good (670-739),Upper-Middle ($65k-$95k),0
CUST-5554,Female,29,Master,Employed,Single,0,85000.0,601.0,0,LN-2023-14554,Auto,17200.0,24,15.07,834.54,0.118,2.0,1,Fair,Own,North,Fully Paid,No,Fair (580-669),Upper-Middle ($65k-$95k),0
CUST-5555,Male,36,High School,Employed,Single,0,62000.0,758.0,2,LN-2023-14555,Home,110500.0,36,8.98,3512.84,0.747,3.0,0,Excellent,Own,North,Fully Paid,No,Very Good (740-799),Lower-Middle ($40k-$65k),0
CUST-5556,Female,56,High School,Employed,Married,1,148700.0,685.0,0,LN-2023-14556,Business,67100.0,36,15.12,2329.99,0.188,27.0,0,Good,Mortgage,North,Fully Paid,No,Good (670-739),High (>$95k),0
CUST-5557,Female,53,High School,Self-Employed,Married,0,82400.0,771.0,2,LN-2023-14557,Auto,36900.0,48,11.15,956.39,0.215,27.0,0,Excellent,Rent,West,Current,No,Very Good (740-799),Upper-Middle ($65k-$95k),0
CUST-5558,Female,51,Bachelor,Self-Employed,Single,1,62700.0,539.0,2,LN-2023-14558,Home,57600.0,36,14.85,1992.49,0.458,18.0,0,Poor,Rent,North,Fully Paid,No,Poor (<580),Lower-Middle ($40k-$65k),0
CUST-5559,Female,26,Master,Employed,Single,0,75300.0,550.0,2,LN-2023-14559,Home,101800.0,48,13.97,2780.3,0.497,1.0,0,Poor,Mortgage,Central,Current,No,Poor (<580),Upper-Middle ($65k-$95k),0
CUST-5560,Female,30,Bachelor,Employed,Married,1,39100.0,649.0,1,LN-2023-14560,Education,29500.0,24,12.81,1399.85,0.474,4.0,1,Fair,Mortgage,East,Fully Paid,No,Fair (580-669),Low (<$40k),0
CUST-5561,Female,36,High School,Employed,Married,3,141200.0,794.0,0,LN-2023-14561,Personal,3100.0,24,13.88,148.66,0.08,11.0,0,Excellent,Mortgage,Central,Fully Paid,No,Very Good (740-799),High (>$95k),0
CUST-5562,Male,24,Bachelor,Employed,Single,1,129400.0,836.0,2,LN-2023-14562,Home,72000.0,24,8.36,3268.2,0.35,2.0,1,Good,Rent,South,Fully Paid,No,Excellent (800+),High (>$95k),0
CUST-5563,Female,42,Master,Employed,Single,2,80800.0,594.0,1,LN-2023-14563,Education,9000.0,48,14.99,250.43,0.08,2.0,0,Fair,Mortgage,Central,Current,No,Fair (580-669),Upper-Middle ($65k-$95k),0
CUST-5564,Male,33,Master,Employed,Married,2,207700.0,674.0,3,LN-2023-14564,Personal,22800.0,36,15.18,792.38,0.08,2.0,0,Good,Mortgage,Central,Current,No,Good (670-739),High (>$95k),0
CUST-5565,Male,36,Bachelor,Self-Employed,Single,3,96100.0,683.0,2,LN-2023-14565,Auto,18100.0,36,14.22,620.55,0.112,11.0,0,Good,Rent,North,Fully Paid,No,Good (670-739),High (>$95k),0
CUST-5566,Female,49,PhD,Employed,Single,0,76400.0,731.0,1,LN-2023-14566,Home,67500.0,48,10.05,1713.6,0.311,13.0,0,Good,Mortgage,North,Current,No,Good (670-739),Upper-Middle ($65k-$95k),0
CUST-5567,Male,26,Bachelor,Employed,Divorced,2,94500.0,745.0,5,LN-2023-14567,Personal,5300.0,24,14.94,256.83,0.113,3.0,0,Excellent,Rent,South,Current,No,Very Good (740-799),Upper-Middle ($65k-$95k),0
CUST-5568,Male,46,High School,Employed,Single,3,58700.0,575.0,1,LN-2023-14568,Auto,28400.0,12,15.16,2565.48,0.556,8.0,0,Poor,Own,South,Fully Paid,No,Poor (<580),Lower-Middle ($40k-$65k),0
CUST-5569,Male,31,High School,Employed,Married,0,71600.0,675.0,2,LN-2023-14569,Education,7100.0,24,14.41,342.27,0.103,5.0,0,Good,Mortgage,East,Current,No,Good (670-739),Upper-Middle ($65k-$95k),0
CUST-5570,Female,44,High School,Employed,Single,0,26500.0,499.0,2,LN-2023-14570,Home,116900.0,24,14.68,5650.33,0.75,19.0,0,Poor,Rent,North,Defaulted,Yes,Poor (<580),Low (<$40k),1
CUST-5571,Male,49,Bachelor,Self-Employed,Single,3,50200.0,738.0,1,LN-2023-14571,Personal,3800.0,24,14.86,184.0,0.085,8.0,0,Good,Mortgage,West,Fully Paid,No,Good (670-739),Lower-Middle ($40k-$65k),0
CUST-5572,Female,23,High School,Employed,Single,1,95900.0,641.0,1,LN-2023-14572,Home,50200.0,60,12.45,1128.12,0.16,1.0,0,Fair,Mortgage,North,Current,No,Fair (580-669),High (>$95k),0
CUST-5573,Male,30,Bachelor,Employed,Single,0,134700.0,567.0,2,LN-2023-14573,Business,64800.0,36,16.68,2299.99,0.247,1.0,0,Poor,Own,North,Fully Paid,No,Poor (<580),High (>$95k),0
CUST-5574,Female,21,High School,Self-Employed,Divorced,2,106700.0,698.0,1,LN-2023-14574,Personal,29600.0,36,15.53,1033.79,0.141,0.0,0,Good,Rent,West,Fully Paid,No,Good (670-739),High (>$95k),0
CUST-5575,Female,63,Master,Employed,Married,0,211200.0,638.0,1,LN-2023-14575,Personal,28900.0,36,16.26,1019.75,0.08,28.0,0,Fair,Rent,North,Current,No,Fair (580-669),High (>$95k),0
CUST-5576,Male,46,Bachelor,Self-Employed,Married,0,93700.0,777.0,2,LN-2023-14576,Business,25900.0,36,14.27,888.6,0.154,18.0,0,Excellent,Mortgage,West,Fully Paid,No,Very Good (740-799),Upper-Middle ($65k-$95k),0
CUST-5577,Male,32,Master,Employed,Single,1,97800.0,594.0,0,LN-2023-14577,Education,15800.0,60,15.9,383.39,0.08,6.0,0,Fair,Rent,North,Fully Paid,No,Fair (580-669),High (>$95k),0
CUST-5578,Male,34,PhD,Employed,Married,1,61500.0,850.0,0,LN-2023-14578,Auto,29800.0,60,9.43,624.84,0.122,2.0,0,Excellent,Mortgage,West,Fully Paid,No,Excellent (800+),Lower-Middle ($40k-$65k),0
CUST-5579,Female,45,High School,Self-Employed,Married,2,43500.0,742.0,0,LN-2023-14579,Personal,3800.0,48,15.54,106.8,0.08,5.0,0,Excellent,Mortgage,West,Fully Paid,No,Very Good (740-799),Lower-Middle ($40k-$65k),0
CUST-5580,Female,28,Bachelor,Self-Employed,Married,1,29500.0,779.0,1,LN-2023-14580,Personal,18300.0,24,12.33,864.27,0.403,6.0,0,Excellent,Mortgage,East,Current,No,Very Good (740-799),Low (<$40k),0
CUST-5581,Female,63,High School,Employed,Single,2,42500.0,582.0,3,LN-2023-14581,Personal,16000.0,60,19.35,418.14,0.28,10.0,0,Fair,Rent,South,Current,No,Fair (580-669),Lower-Middle ($40k-$65k),0
CUST-5582,Male,24,Master,Employed,Married,0,30800.0,822.0,2,LN-2023-14582,Auto,32400.0,12,11.53,2871.58,0.75,2.0,0,Excellent,Rent,North,Current,No,Excellent (800+),Low (<$40k),0
CUST-5583,Female,48,Bachelor,Self-Employed,Single,1,117600.0,566.0,4,LN-2023-14583,Home,123200.0,36,13.58,4185.6,0.472,7.0,0,Poor,Mortgage,West,Current,No,Poor (<580),High (>$95k),0
CUST-5584,Female,27,High School,Employed,Married,0,58500.0,652.0,0,LN-2023-14584,Personal,11000.0,36,17.08,392.62,0.081,5.0,0,Fair,Mortgage,North,Fully Paid,No,Fair (580-669),Lower-Middle ($40k-$65k),0
CUST-5585,Female,30,High School,Employed,Married,0,19700.0,780.0,2,LN-2023-14585,Personal,21500.0,12,13.98,1930.22,0.75,7.0,0,Excellent,Rent,Central,Fully Paid,No,Very Good (740-799),Low (<$40k),0
CUST-5586,Female,56,Bachelor,Self-Employed,Married,2,66400.0,713.0,1,LN-2023-14586,Education,20600.0,60,11.37,451.7,0.101,1.0,0,Good,Rent,West,Current,No,Good (670-739),Upper-Middle ($65k-$95k),0
CUST-5587,Male,22,PhD,Employed,Married,0,220000.0,564.0,0,LN-2023-14587,Education,20800.0,60,16.31,509.25,0.08,1.0,0,Poor,Own,West,Fully Paid,No,Poor (<580),High (>$95k),0
CUST-5588,Male,46,Bachelor,Self-Employed,Single,2,68300.0,766.0,3,LN-2023-14588,Auto,34600.0,60,10.56,744.72,0.191,4.0,0,Excellent,Rent,Central,Fully Paid,No,Very Good (740-799),Upper-Middle ($65k-$95k),0
CUST-5589,Female,34,Master,Self-Employed,Single,0,57100.0,698.0,0,LN-2023-14589,Personal,30600.0,24,14.49,1476.29,0.31,2.0,1,Good,Rent,West,Current,No,Good (670-739),Lower-Middle ($40k-$65k),0
CUST-5590,Female,36,Bachelor,Employed,Single,0,28200.0,634.0,0,LN-2023-14590,Education,35300.0,36,14.65,1217.64,0.518,6.0,0,Fair,Mortgage,North,Defaulted,Yes,Fair (580-669),Low (<$40k),1
CUST-5591,Female,63,High School,Self-Employed,Married,0,25600.0,538.0,1,LN-2023-14591,Home,99400.0,60,14.29,2327.84,0.75,21.0,0,Poor,Mortgage,South,Defaulted,Yes,Poor (<580),Low (<$40k),1
CUST-5592,Male,62,PhD,Employed,Single,2,118100.0,706.0,2,LN-2023-14592,Home,84200.0,12,11.62,7466.11,0.75,11.0,0,Good,Rent,East,Current,No,Good (670-739),High (>$95k),0
CUST-5593,Male,37,High School,Employed,Married,0,40400.0,656.0,2,LN-2023-14593,Business,49700.0,36,15.64,1738.48,0.618,8.0,0,Fair,Rent,East,Fully Paid,No,Fair (580-669),Lower-Middle ($40k-$65k),0
CUST-5594,Male,66,PhD,Employed,Married,1,79200.0,683.0,0,LN-2023-14594,Personal,25800.0,36,15.5,900.7,0.136,7.0,0,Good,Rent,North,Fully Paid,No,Good (670-739),Upper-Middle ($65k-$95k),0
CUST-5595,Male,42,Bachelor,Self-Employed,Married,2,59600.0,535.0,0,LN-2023-14595,Auto,18300.0,24,17.49,909.11,0.183,0.0,1,Poor,Rent,South,Defaulted,Yes,Poor (<580),Lower-Middle ($40k-$65k),1
CUST-5596,Female,24,High School,Self-Employed,Single,0,53000.0,634.0,0,LN-2023-14596,Education,26000.0,60,14.72,614.72,0.139,2.0,0,Fair,Rent,West,Current,No,Fair (580-669),Lower-Middle ($40k-$65k),0
CUST-5597,Female,39,Bachelor,Employed,Married,1,36200.0,710.0,0,LN-2023-14597,Personal,17600.0,24,14.82,851.86,0.282,8.0,0,Good,Own,East,Defaulted,Yes,Good (670-739),Low (<$40k),1
CUST-5598,Male,22,PhD,Employed,Married,0,107000.0,829.0,3,LN-2023-14598,Home,100200.0,36,8.66,3170.5,0.426,1.0,0,Excellent,Rent,Central,Current,No,Excellent (800+),High (>$95k),0
CUST-5599,Male,59,PhD,Unemployed,Divorced,3,18000.0,652.0,3,LN-2023-14599,Business,33100.0,24,16.63,1630.66,0.75,0.0,0,Fair,Rent,Central,Defaulted,Yes,Fair (580-669),Low (<$40k),1
CUST-5600,Male,29,High School,Employed,Married,0,34900.0,792.0,4,LN-2023-14600,Personal,23200.0,36,13.45,786.74,0.431,5.0,0,Excellent,Rent,Central,Fully Paid,No,Very Good (740-799),Low (<$40k),0
CUST-5601,Male,39,High School,Employed,Divorced,0,77400.0,736.0,3,LN-2023-14601,Home,98300.0,24,10.75,4570.15,0.75,14.0,0,Good,Own,East,Fully Paid,No,Good (670-739),Upper-Middle ($65k-$95k),0
CUST-5602,Female,36,Bachelor,Employed,Divorced,0,74500.0,689.0,3,LN-2023-14602,Auto,16800.0,36,12.27,560.17,0.197,6.0,0,Good,Own,East,Defaulted,Yes,Good (670-739),Upper-Middle ($65k-$95k),1
CUST-5603,Female,45,Bachelor,Unemployed,Single,1,30000.0,583.0,2,LN-2023-14603,Home,83200.0,60,13.07,1896.04,0.75,0.0,1,Fair,Rent,South,Defaulted,Yes,Fair (580-669),Low (<$40k),1
CUST-5604,Male,38,Master,Self-Employed,Married,2,220000.0,587.0,4,LN-2023-14604,Home,102700.0,48,14.78,2846.78,0.196,0.0,0,Fair,Own,Central,Current,No,Fair (580-669),High (>$95k),0
CUST-5605,Female,43,High School,Self-Employed,Single,3,55000.0,722.0,3,LN-2023-14605,Personal,29100.0,48,12.79,777.65,0.283,12.0,0,Good,Rent,West,Current,No,Good (670-739),Lower-Middle ($40k-$65k),0
CUST-5606,Female,41,PhD,Employed,Married,3,93700.0,625.0,1,LN-2023-14606,Personal,6500.0,48,16.58,186.15,0.08,12.0,0,Fair,Rent,West,Current,No,Fair (580-669),Upper-Middle ($65k-$95k),0
CUST-5607,Female,31,Bachelor,Self-Employed,Married,0,64200.0,617.0,1,LN-2023-14607,Education,6300.0,48,14.4,173.42,0.083,5.0,1,Fair,Mortgage,West,Current,No,Fair (580-669),Lower-Middle ($40k-$65k),0
CUST-5608,Male,59,Master,Employed,Single,1,63800.0,654.0,1,LN-2023-14608,Education,11600.0,36,14.46,399.06,0.106,23.0,1,Fair,Mortgage,Central,Current,No,Fair (580-669),Lower-Middle ($40k-$65k),0
CUST-5609,Female,61,Bachelor,Self-Employed,Married,2,45900.0,656.0,2,LN-2023-14609,Home,129100.0,36,12.29,4305.87,0.75,11.0,0,Fair,Rent,Central,Current,No,Fair (580-669),Lower-Middle ($40k-$65k),0
CUST-5610,Male,24,Bachelor,Employed,Married,3,65300.0,746.0,1,LN-2023-14610,Home,110300.0,60,10.66,2379.53,0.473,0.0,0,Excellent,Mortgage,West,Defaulted,Yes,Very Good (740-799),Upper-Middle ($65k-$95k),1
CUST-5611,Male,45,PhD,Employed,Single,0,108900.0,627.0,2,LN-2023-14611,Home,97200.0,48,12.22,2570.16,0.339,14.0,0,Fair,Mortgage,West,Current,No,Fair (580-669),High (>$95k),0
CUST-5612,Male,52,Bachelor,Employed,Single,1,75600.0,738.0,2,LN-2023-14612,Home,56300.0,24,9.42,2582.91,0.462,7.0,0,Good,Own,West,Fully Paid,No,Good (670-739),Upper-Middle ($65k-$95k),0
CUST-5613,Male,50,Master,Employed,Married,3,80100.0,707.0,0,LN-2023-14613,Auto,25800.0,48,11.73,676.0,0.101,11.0,0,Good,Rent,South,Fully Paid,No,Good (670-739),Upper-Middle ($65k-$95k),0
CUST-5614,Male,65,PhD,Self-Employed,Married,0,161900.0,527.0,1,LN-2023-14614,Personal,23700.0,12,19.24,2186.83,0.171,19.0,0,Poor,Rent,East,Current,No,Poor (<580),High (>$95k),0
CUST-5615,Male,46,Bachelor,Unemployed,Married,1,22300.0,695.0,3,LN-2023-14615,Education,36500.0,48,15.0,1015.82,0.75,0.0,0,Good,Rent,East,Defaulted,Yes,Good (670-739),Low (<$40k),1
CUST-5616,Male,56,Bachelor,Employed,Married,3,52300.0,443.0,1,LN-2023-14616,Home,77500.0,48,16.14,2201.93,0.567,14.0,0,Poor,Rent,West,Defaulted,Yes,Poor (<580),Lower-Middle ($40k-$65k),1
CUST-5617,Female,54,High School,Self-Employed,Single,2,37200.0,593.0,1,LN-2023-14617,Education,40000.0,48,15.7,1127.47,0.4,17.0,0,Fair,Rent,South,Fully Paid,No,Fair (580-669),Low (<$40k),0
CUST-5618,Female,29,High School,Employed,Single,0,24500.0,709.0,3,LN-2023-14618,Home,56900.0,12,10.8,5023.61,0.75,0.0,0,Good,Mortgage,South,Current,No,Good (670-739),Low (<$40k),0
CUST-5619,Male,32,High School,Self-Employed,Single,0,108900.0,669.0,0,LN-2023-14619,Education,19200.0,60,13.79,444.66,0.08,10.0,0,Fair,Rent,East,Fully Paid,No,Fair (580-669),High (>$95k),0
CUST-5620,Female,22,High School,Self-Employed,Married,0,41200.0,519.0,1,LN-2023-14620,Education,35800.0,36,18.38,1301.09,0.442,1.0,1,Poor,Mortgage,Central,Defaulted,Yes,Poor (<580),Lower-Middle ($40k-$65k),1
CUST-5621,Female,58,Bachelor,Self-Employed,Married,3,47700.0,668.0,0,LN-2023-14621,Home,100200.0,48,14.52,2764.32,0.695,14.0,1,Poor,Own,East,Defaulted,Yes,Fair (580-669),Lower-Middle ($40k-$65k),1
CUST-5622,Female,25,Bachelor,Employed,Married,4,52100.0,448.0,3,LN-2023-14622,Auto,40800.0,36,19.02,1495.98,0.422,1.0,1,Poor,Rent,North,Defaulted,Yes,Poor (<580),Lower-Middle ($40k-$65k),1
CUST-5623,Male,25,Bachelor,Employed,Married,2,55500.0,555.0,2,LN-2023-14623,Auto,44500.0,36,16.76,1581.24,0.391,0.0,0,Poor,Mortgage,West,Fully Paid,No,Poor (<580),Lower-Middle ($40k-$65k),0
CUST-5624,Female,42,Bachelor,Self-Employed,Married,1,151100.0,719.0,1,LN-2023-14624,Home,88100.0,24,10.0,4065.37,0.334,12.0,0,Good,Mortgage,East,Fully Paid,No,Good (670-739),High (>$95k),0
CUST-5625,Female,25,High School,Employed,Married,0,42400.0,622.0,3,LN-2023-14625,Home,65000.0,12,11.81,5769.4,0.75,6.0,0,Fair,Own,Central,Fully Paid,No,Fair (580-669),Lower-Middle ($40k-$65k),0
CUST-5626,Female,24,High School,Self-Employed,Married,2,184700.0,684.0,3,LN-2023-14626,Home,104000.0,36,10.78,3394.0,0.244,1.0,0,Good,Own,Central,Fully Paid,No,Good (670-739),High (>$95k),0
CUST-5627,Male,29,Bachelor,Unemployed,Single,0,22600.0,671.0,2,LN-2023-14627,Home,92900.0,24,11.73,4361.42,0.75,0.0,0,Good,Rent,South,Fully Paid,No,Good (670-739),Low (<$40k),0
CUST-5628,Male,49,Bachelor,Employed,Single,1,158600.0,672.0,3,LN-2023-14628,Auto,39400.0,36,13.29,1333.05,0.145,9.0,0,Good,Rent,North,Fully Paid,No,Good (670-739),High (>$95k),0
CUST-5629,Female,42,Bachelor,Self-Employed,Single,1,72400.0,756.0,2,LN-2023-14629,Personal,17800.0,36,14.57,613.3,0.128,11.0,0,Excellent,Rent,West,Current,No,Very Good (740-799),Upper-Middle ($65k-$95k),0
CUST-5630,Male,47,Bachelor,Self-Employed,Married,1,85100.0,652.0,2,LN-2023-14630,Business,76800.0,36,16.33,2712.59,0.458,15.0,0,Fair,Rent,East,Current,No,Fair (580-669),Upper-Middle ($65k-$95k),0
CUST-5631,Male,30,Master,Employed,Divorced,3,158300.0,747.0,1,LN-2023-14631,Auto,44300.0,24,10.93,2063.29,0.168,5.0,0,Excellent,Rent,North,Current,No,Very Good (740-799),High (>$95k),0
CUST-5632,Male,36,Bachelor,Employed,Divorced,0,104200.0,459.0,0,LN-2023-14632,Home,108700.0,36,17.07,3879.24,0.447,11.0,1,Poor,Rent,Central,Fully Paid,No,Poor (<580),High (>$95k),0
CUST-5633,Female,62,Bachelor,Self-Employed,Married,2,96200.0,764.0,0,LN-2023-14633,Personal,24600.0,60,13.63,567.69,0.08,8.0,0,Excellent,Mortgage,Central,Current,No,Very Good (740-799),High (>$95k),0
CUST-5634,Female,62,PhD,Employed,Single,0,220000.0,560.0,2,LN-2023-14634,Auto,32300.0,36,16.53,1144.04,0.083,22.0,0,Poor,Own,West,Defaulted,Yes,Poor (<580),High (>$95k),1
CUST-5635,Male,30,Master,Employed,Single,2,62200.0,578.0,0,LN-2023-14635,Personal,16700.0,36,17.49,599.48,0.116,1.0,0,Poor,Mortgage,North,Current,No,Poor (<580),Lower-Middle ($40k-$65k),0
CUST-5636,Female,26,Bachelor,Self-Employed,Single,1,46200.0,610.0,1,LN-2023-14636,Auto,47000.0,36,14.26,1612.29,0.47,3.0,0,Fair,Rent,North,Fully Paid,No,Fair (580-669),Lower-Middle ($40k-$65k),0
CUST-5637,Male,25,Bachelor,Employed,Married,0,46400.0,762.0,0,LN-2023-14637,Personal,21700.0,36,13.39,735.24,0.19,2.0,0,Excellent,Mortgage,South,Current,No,Very Good (740-799),Lower-Middle ($40k-$65k),0
CUST-5638,Female,26,High School,Self-Employed,Married,0,124200.0,594.0,1,LN-2023-14638,Auto,41900.0,12,14.23,3766.62,0.381,1.0,0,Fair,Own,North,Current,No,Fair (580-669),High (>$95k),0
CUST-5639,Female,67,Bachelor,Employed,Married,0,120800.0,614.0,1,LN-2023-14639,Home,88000.0,24,11.81,4134.66,0.432,15.0,0,Fair,Own,West,Current,No,Fair (580-669),High (>$95k),0
CUST-5640,Female,45,PhD,Employed,Married,0,73300.0,588.0,3,LN-2023-14640,Auto,31100.0,36,15.63,1087.71,0.275,17.0,0,Fair,Mortgage,North,Current,No,Fair (580-669),Upper-Middle ($65k-$95k),0
CUST-5641,Female,24,Bachelor,Unemployed,Divorced,2,18000.0,691.0,4,LN-2023-14641,Personal,22200.0,36,14.95,769.03,0.75,0.0,0,Good,Rent,North,Defaulted,Yes,Good (670-739),Low (<$40k),1
CUST-5642,Male,60,Master,Employed,Single,0,71000.0,733.0,4,LN-2023-14642,Personal,24100.0,24,14.92,1167.61,0.358,5.0,0,Good,Mortgage,South,Fully Paid,No,Good (670-739),Upper-Middle ($65k-$95k),0
CUST-5643,Female,52,Bachelor,Self-Employed,Married,1,45800.0,814.0,2,LN-2023-14643,Personal,16000.0,36,12.96,538.8,0.199,12.0,0,Excellent,Mortgage,South,Fully Paid,No,Excellent (800+),Lower-Middle ($40k-$65k),0
CUST-5644,Male,55,PhD,Self-Employed,Single,0,85500.0,850.0,4,LN-2023-14644,Home,75300.0,24,8.22,3413.18,0.572,27.0,0,Excellent,Rent,South,Current,No,Excellent (800+),Upper-Middle ($65k-$95k),0
CUST-5645,Female,30,Bachelor,Self-Employed,Single,1,45000.0,725.0,1,LN-2023-14645,Personal,9900.0,36,14.14,339.03,0.159,4.0,0,Good,Rent,Central,Fully Paid,No,Good (670-739),Lower-Middle ($40k-$65k),0
CUST-5646,Female,54,High School,Employed,Married,2,23800.0,701.0,1,LN-2023-14646,Personal,15300.0,48,16.12,434.55,0.315,21.0,0,Good,Mortgage,Central,Defaulted,Yes,Good (670-739),Low (<$40k),1
CUST-5647,Female,56,Bachelor,Employed,Married,0,146700.0,566.0,0,LN-2023-14647,Home,63000.0,36,13.21,2129.1,0.174,25.0,0,Poor,Own,East,Current,No,Poor (<580),High (>$95k),0
CUST-5648,Male,26,Bachelor,Self-Employed,Divorced,1,53200.0,832.0,3,LN-2023-14648,Auto,25800.0,60,8.08,524.12,0.211,1.0,0,Excellent,Rent,North,Fully Paid,No,Excellent (800+),Lower-Middle ($40k-$65k),0
CUST-5649,Female,63,High School,Employed,Single,2,92700.0,688.0,0,LN-2023-14649,Auto,43200.0,60,13.3,989.58,0.128,8.0,0,Good,Own,West,Fully Paid,No,Good (670-739),Upper-Middle ($65k-$95k),0
CUST-5650,Male,66,Master,Employed,Married,0,70500.0,645.0,2,LN-2023-14650,Business,88400.0,60,15.8,2140.33,0.415,29.0,0,Fair,Rent,Central,Fully Paid,No,Fair (580-669),Upper-Middle ($65k-$95k),0
CUST-5651,Male,36,Bachelor,Employed,Married,2,37800.0,702.0,2,LN-2023-14651,Home,94100.0,24,11.91,4425.66,0.75,10.0,0,Good,Rent,Central,Fully Paid,No,Good (670-739),Low (<$40k),0
CUST-5652,Female,39,Master,Employed,Married,0,97900.0,615.0,1,LN-2023-14652,Home,57400.0,36,12.98,1933.48,0.265,1.0,0,Fair,Rent,East,Current,No,Fair (580-669),High (>$95k),0
CUST-5653,Male,54,Bachelor,Self-Employed,Single,0,60600.0,471.0,0,LN-2023-14653,Auto,26200.0,36,17.88,945.62,0.187,9.0,0,Poor,Rent,North,Defaulted,Yes,Poor (<580),Lower-Middle ($40k-$65k),1
CUST-5654,Female,45,High School,Self-Employed,Married,1,51400.0,718.0,2,LN-2023-14654,Home,96200.0,48,10.65,2470.02,0.635,8.0,0,Good,Rent,West,Fully Paid,No,Good (670-739),Lower-Middle ($40k-$65k),0
CUST-5655,Male,51,PhD,Unemployed,Single,0,34700.0,784.0,2,LN-2023-14655,Auto,24100.0,36,10.7,785.58,0.396,0.0,0,Excellent,Mortgage,East,Defaulted,Yes,Very Good (740-799),Low (<$40k),1
CUST-5656,Male,61,Bachelor,Employed,Married,2,43600.0,717.0,0,LN-2023-14656,Business,34400.0,24,16.0,1684.33,0.464,28.0,0,Good,Own,South,Fully Paid,No,Good (670-739),Lower-Middle ($40k-$65k),0
CUST-5657,Female,37,Bachelor,Self-Employed,Married,0,34900.0,669.0,2,LN-2023-14657,Home,64300.0,36,11.2,2111.19,0.75,6.0,0,Fair,Rent,North,Defaulted,Yes,Fair (580-669),Low (<$40k),1
CUST-5658,Female,67,Bachelor,Employed,Single,0,61400.0,671.0,3,LN-2023-14658,Home,85300.0,12,11.86,7573.22,0.75,37.0,0,Good,Mortgage,North,Current,No,Good (670-739),Lower-Middle ($40k-$65k),0
CUST-5659,Male,50,Bachelor,Employed,Married,1,97000.0,684.0,5,LN-2023-14659,Education,13400.0,48,13.18,360.69,0.207,25.0,0,Good,Rent,East,Current,No,Good (670-739),High (>$95k),0
CUST-5660,Female,59,Master,Employed,Divorced,1,51900.0,682.0,1,LN-2023-14660,Auto,19500.0,36,13.3,659.85,0.286,25.0,0,Good,Own,South,Defaulted,Yes,Good (670-739),Lower-Middle ($40k-$65k),1
CUST-5661,Male,51,Bachelor,Self-Employed,Married,2,77500.0,664.0,0,LN-2023-14661,Home,119200.0,36,10.83,3892.87,0.603,17.0,3,Fair,Rent,East,Defaulted,Yes,Fair (580-669),Upper-Middle ($65k-$95k),1
CUST-5662,Female,39,Bachelor,Self-Employed,Single,0,142300.0,672.0,1,LN-2023-14662,Personal,25600.0,24,16.18,1255.66,0.12,6.0,0,Good,Rent,West,Current,No,Good (670-739),High (>$95k),0
CUST-5663,Male,55,Master,Unemployed,Married,2,26200.0,802.0,2,LN-2023-14663,Business,23900.0,36,13.0,805.29,0.546,0.0,0,Excellent,Rent,Central,Fully Paid,No,Excellent (800+),Low (<$40k),0
CUST-5664,Female,49,High School,Self-Employed,Married,3,58700.0,710.0,3,LN-2023-14664,Home,72200.0,36,11.06,2365.79,0.597,2.0,0,Good,Own,North,Fully Paid,No,Good (670-739),Lower-Middle ($40k-$65k),0
CUST-5665,Female,21,Bachelor,Self-Employed,Single,1,74100.0,678.0,3,LN-2023-14665,Home,90200.0,36,11.71,2983.45,0.537,0.0,0,Good,Mortgage,West,Fully Paid,No,Good (670-739),Upper-Middle ($65k-$95k),0
CUST-5666,Female,24,PhD,Employed,Married,2,68300.0,726.0,3,LN-2023-14666,Business,24200.0,48,14.65,669.22,0.225,1.0,0,Good,Mortgage,North,Fully Paid,No,Good (670-739),Upper-Middle ($65k-$95k),0
CUST-5667,Male,48,Bachelor,Self-Employed,Single,1,46200.0,726.0,2,LN-2023-14667,Education,29200.0,48,14.26,801.75,0.315,8.0,0,Good,Rent,Central,Fully Paid,No,Good (670-739),Lower-Middle ($40k-$65k),0
CUST-5668,Female,38,Master,Employed,Married,0,49900.0,750.0,2,LN-2023-14668,Home,77700.0,36,9.79,2499.51,0.688,10.0,0,Excellent,Rent,West,Current,No,Very Good (740-799),Lower-Middle ($40k-$65k),0
CUST-5669,Female,46,Bachelor,Employed,Single,0,74200.0,605.0,0,LN-2023-14669,Home,78800.0,60,13.02,1793.75,0.29,10.0,0,Fair,Mortgage,South,Fully Paid,No,Fair (580-669),Upper-Middle ($65k-$95k),0
CUST-5670,Female,60,Master,Employed,Single,0,109500.0,629.0,1,LN-2023-14670,Auto,20100.0,36,14.4,690.88,0.105,25.0,0,Fair,Mortgage,East,Fully Paid,No,Fair (580-669),High (>$95k),0
CUST-5671,Male,39,PhD,Employed,Single,4,133300.0,600.0,3,LN-2023-14671,Home,73400.0,36,13.24,2481.63,0.28,6.0,0,Fair,Rent,West,Fully Paid,No,Fair (580-669),High (>$95k),0
CUST-5672,Female,26,Bachelor,Employed,Single,0,53000.0,735.0,2,LN-2023-14672,Personal,28000.0,36,14.43,962.83,0.33,1.0,0,Good,Mortgage,East,Fully Paid,No,Good (670-739),Lower-Middle ($40k-$65k),0
CUST-5673,Female,21,High School,Employed,Single,1,80300.0,731.0,1,LN-2023-14673,Business,75200.0,36,14.26,2579.66,0.426,0.0,0,Good,Own,Central,Current,No,Good (670-739),Upper-Middle ($65k-$95k),0
CUST-5674,Male,28,Bachelor,Employed,Divorced,0,72200.0,561.0,0,LN-2023-14674,Auto,45600.0,36,16.48,1613.99,0.268,6.0,0,Poor,Rent,Central,Current,No,Poor (<580),Upper-Middle ($65k-$95k),0
CUST-5675,Male,53,Bachelor,Self-Employed,Married,1,74600.0,703.0,0,LN-2023-14675,Education,29800.0,12,13.3,2665.85,0.429,22.0,0,Good,Own,North,Current,No,Good (670-739),Upper-Middle ($65k-$95k),0
CUST-5676,Female,63,High School,Self-Employed,Single,0,18000.0,786.0,1,LN-2023-14676,Auto,32000.0,36,11.75,1059.04,0.75,7.0,0,Excellent,Mortgage,West,Defaulted,Yes,Very Good (740-799),Low (<$40k),1
CUST-5677,Male,41,High School,Employed,Married,2,34000.0,649.0,3,LN-2023-14677,Auto,19900.0,24,12.7,943.28,0.471,7.0,2,Fair,Rent,West,Defaulted,Yes,Fair (580-669),Low (<$40k),1
CUST-5678,Female,44,Bachelor,Employed,Married,0,31700.0,696.0,0,LN-2023-14678,Business,66700.0,24,16.35,3277.0,0.75,6.0,0,Good,Mortgage,West,Current,No,Good (670-739),Low (<$40k),0
CUST-5679,Female,45,PhD,Employed,Married,3,123100.0,732.0,0,LN-2023-14679,Home,122000.0,24,10.82,5675.97,0.553,3.0,0,Good,Mortgage,Central,Current,No,Good (670-739),High (>$95k),0
CUST-5680,Female,67,Bachelor,Employed,Single,2,65600.0,557.0,2,LN-2023-14680,Auto,12600.0,48,16.01,357.15,0.123,10.0,3,Poor,Mortgage,East,Fully Paid,No,Poor (<580),Upper-Middle ($65k-$95k),0
CUST-5681,Male,63,Bachelor,Employed,Married,1,38800.0,682.0,1,LN-2023-14681,Education,21100.0,24,13.74,1010.48,0.363,9.0,0,Good,Mortgage,South,Fully Paid,No,Good (670-739),Low (<$40k),0
CUST-5682,Male,39,High School,Unemployed,Single,0,19700.0,778.0,0,LN-2023-14682,Business,30500.0,60,13.93,708.58,0.432,0.0,0,Excellent,Rent,West,Fully Paid,No,Very Good (740-799),Low (<$40k),0
CUST-5683,Female,49,Bachelor,Employed,Married,0,33100.0,619.0,0,LN-2023-14683,Auto,40800.0,48,13.96,1114.1,0.404,14.0,0,Fair,Mortgage,South,Fully Paid,No,Fair (580-669),Low (<$40k),0
CUST-5684,Male,30,High School,Employed,Married,2,30700.0,740.0,1,LN-2023-14684,Education,26900.0,36,12.55,900.55,0.442,3.0,0,Excellent,Mortgage,South,Current,No,Very Good (740-799),Low (<$40k),0
CUST-5685,Female,32,High School,Employed,Divorced,0,35700.0,672.0,1,LN-2023-14685,Personal,28500.0,36,16.12,1003.66,0.426,1.0,0,Good,Rent,East,Fully Paid,No,Good (670-739),Low (<$40k),0
CUST-5686,Male,53,Master,Employed,Married,0,99300.0,612.0,3,LN-2023-14686,Personal,4800.0,12,15.91,435.3,0.096,17.0,3,Fair,Mortgage,South,Fully Paid,No,Fair (580-669),High (>$95k),0
CUST-5687,Male,27,PhD,Employed,Married,1,174200.0,661.0,1,LN-2023-14687,Personal,29300.0,48,16.5,837.89,0.08,1.0,0,Fair,Mortgage,West,Current,No,Fair (580-669),High (>$95k),0
CUST-5688,Male,37,High School,Employed,Married,0,37700.0,625.0,2,LN-2023-14688,Personal,4900.0,24,16.1,240.15,0.242,8.0,1,Fair,Rent,Central,Current,No,Fair (580-669),Low (<$40k),0
CUST-5689,Female,30,High School,Unemployed,Single,0,31200.0,594.0,0,LN-2023-14689,Personal,11300.0,12,18.49,1038.62,0.399,0.0,2,Fair,Rent,Central,Fully Paid,No,Fair (580-669),Low (<$40k),0
CUST-5690,Female,51,Bachelor,Employed,Married,1,64200.0,648.0,2,LN-2023-14690,Personal,7500.0,48,17.48,218.28,0.089,13.0,0,Fair,Rent,North,Fully Paid,No,Fair (580-669),Lower-Middle ($40k-$65k),0
CUST-5691,Male,26,Bachelor,Employed,Married,0,69900.0,675.0,2,LN-2023-14691,Business,30200.0,36,16.81,1073.86,0.237,2.0,1,Good,Rent,South,Fully Paid,No,Good (670-739),Upper-Middle ($65k-$95k),0
CUST-5692,Male,37,High School,Employed,Single,0,47700.0,655.0,0,LN-2023-14692,Personal,8000.0,36,16.16,281.89,0.08,1.0,0,Fair,Own,West,Current,No,Fair (580-669),Lower-Middle ($40k-$65k),0
CUST-5693,Male,57,Bachelor,Employed,Married,1,57500.0,647.0,2,LN-2023-14693,Home,85800.0,48,11.83,2252.29,0.571,20.0,0,Fair,Rent,East,Defaulted,Yes,Fair (580-669),Lower-Middle ($40k-$65k),1
CUST-5694,Male,38,High School,Employed,Single,0,59800.0,689.0,0,LN-2023-14694,Education,32700.0,48,12.26,865.3,0.174,6.0,0,Good,Mortgage,North,Fully Paid,No,Good (670-739),Lower-Middle ($40k-$65k),0
CUST-5695,Male,46,Master,Employed,Married,2,108600.0,715.0,1,LN-2023-14695,Personal,29100.0,36,15.55,1016.62,0.127,9.0,0,Good,Mortgage,South,Fully Paid,No,Good (670-739),High (>$95k),0
CUST-5696,Female,36,Bachelor,Employed,Married,0,42200.0,572.0,2,LN-2023-14696,Home,93200.0,60,12.66,2104.4,0.715,8.0,0,Poor,Rent,West,Current,No,Poor (<580),Lower-Middle ($40k-$65k),0
CUST-5697,Male,28,Bachelor,Employed,Single,1,57700.0,648.0,2,LN-2023-14697,Personal,7600.0,36,15.53,265.43,0.112,4.0,1,Fair,Mortgage,East,Fully Paid,No,Fair (580-669),Lower-Middle ($40k-$65k),0
CUST-5698,Male,44,Bachelor,Employed,Single,1,133200.0,502.0,3,LN-2023-14698,Personal,5300.0,36,19.54,195.73,0.08,0.0,0,Poor,Own,West,Current,No,Poor (<580),High (>$95k),0
CUST-5699,Male,33,Master,Employed,Single,0,84300.0,656.0,4,LN-2023-14699,Business,54600.0,36,15.39,1903.17,0.389,1.0,0,Fair,Mortgage,East,Current,No,Fair (580-669),Upper-Middle ($65k-$95k),0
CUST-5700,Female,49,PhD,Employed,Single,0,105600.0,682.0,2,LN-2023-14700,Education,32000.0,12,13.12,2859.95,0.375,6.0,0,Good,Mortgage,Central,Fully Paid,No,Good (670-739),High (>$95k),0
CUST-5701,Male,52,High School,Employed,Married,0,83000.0,718.0,3,LN-2023-14701,Education,27100.0,36,13.04,913.63,0.202,18.0,0,Good,Mortgage,Central,Current,No,Good (670-739),Upper-Middle ($65k-$95k),0
CUST-5702,Male,44,High School,Employed,Married,2,39200.0,683.0,0,LN-2023-14702,Education,25800.0,36,14.39,886.68,0.271,11.0,0,Good,Mortgage,South,Fully Paid,No,Good (670-739),Low (<$40k),0
CUST-5703,Female,36,Bachelor,Employed,Married,0,61900.0,716.0,1,LN-2023-14703,Personal,4400.0,60,15.43,105.67,0.08,10.0,0,Good,Rent,East,Fully Paid,No,Good (670-739),Lower-Middle ($40k-$65k),0
CUST-5704,Female,31,High School,Employed,Single,2,70900.0,675.0,0,LN-2023-14704,Education,20000.0,36,14.08,684.33,0.116,7.0,0,Good,Own,East,Fully Paid,No,Good (670-739),Upper-Middle ($65k-$95k),0
CUST-5705,Male,52,Bachelor,Employed,Single,3,109800.0,612.0,0,LN-2023-14705,Auto,30900.0,24,15.64,1507.65,0.165,23.0,0,Fair,Own,South,Fully Paid,No,Fair (580-669),High (>$95k),0
CUST-5706,Male,26,Bachelor,Employed,Divorced,1,21700.0,575.0,1,LN-2023-14706,Business,61900.0,36,18.04,2239.08,0.75,2.0,0,Poor,Own,East,Fully Paid,No,Poor (<580),Low (<$40k),0
CUST-5707,Female,55,Bachelor,Employed,Married,0,45100.0,647.0,3,LN-2023-14707,Personal,3100.0,48,16.2,88.17,0.211,10.0,0,Fair,Own,South,Current,No,Fair (580-669),Lower-Middle ($40k-$65k),0
CUST-5708,Male,53,Bachelor,Employed,Single,0,40100.0,604.0,1,LN-2023-14708,Home,62000.0,36,12.47,2073.23,0.656,23.0,0,Fair,Rent,North,Current,No,Fair (580-669),Lower-Middle ($40k-$65k),0
CUST-5709,Female,38,Bachelor,Self-Employed,Single,3,68400.0,659.0,2,LN-2023-14709,Personal,30500.0,24,16.69,1503.45,0.31,4.0,3,Fair,Rent,North,Fully Paid,No,Fair (580-669),Upper-Middle ($65k-$95k),0
CUST-5710,Female,57,PhD,Self-Employed,Single,2,70500.0,628.0,1,LN-2023-14710,Personal,17800.0,36,16.21,627.64,0.149,14.0,0,Fair,Rent,South,Current,No,Fair (580-669),Upper-Middle ($65k-$95k),0
CUST-5711,Male,33,High School,Self-Employed,Single,1,76100.0,705.0,2,LN-2023-14711,Auto,36700.0,12,13.03,3278.46,0.6,2.0,0,Good,Rent,East,Defaulted,Yes,Good (670-739),Upper-Middle ($65k-$95k),1
CUST-5712,Male,30,Bachelor,Self-Employed,Single,1,78100.0,674.0,2,LN-2023-14712,Personal,11900.0,48,15.67,335.24,0.086,7.0,0,Good,Mortgage,North,Fully Paid,No,Good (670-739),Upper-Middle ($65k-$95k),0
CUST-5713,Male,57,High School,Unemployed,Married,2,25600.0,708.0,1,LN-2023-14713,Home,94800.0,60,10.14,2020.76,0.75,0.0,0,Good,Mortgage,West,Fully Paid,No,Good (670-739),Low (<$40k),0
CUST-5714,Female,46,High School,Self-Employed,Married,2,86700.0,707.0,3,LN-2023-14714,Auto,23500.0,12,12.15,2089.6,0.378,9.0,0,Good,Rent,Central,Fully Paid,No,Good (670-739),Upper-Middle ($65k-$95k),0
CUST-5715,Male,66,Bachelor,Employed,Married,0,85300.0,654.0,0,LN-2023-14715,Personal,11600.0,36,17.09,414.09,0.08,8.0,0,Fair,Rent,South,Fully Paid,No,Fair (580-669),Upper-Middle ($65k-$95k),0
CUST-5716,Male,37,High School,Employed,Married,1,42200.0,659.0,3,LN-2023-14716,Personal,14900.0,36,15.7,521.64,0.321,10.0,0,Fair,Own,Central,Fully Paid,No,Fair (580-669),Lower-Middle ($40k-$65k),0
CUST-5717,Female,21,High School,Employed,Married,1,51500.0,712.0,0,LN-2023-14717,Business,52200.0,36,14.74,1802.89,0.42,0.0,0,Good,Rent,North,Fully Paid,No,Good (670-739),Lower-Middle ($40k-$65k),0
CUST-5718,Female,45,High School,Employed,Married,0,39900.0,850.0,1,LN-2023-14718,Education,17300.0,36,9.77,556.36,0.247,20.0,0,Excellent,Rent,North,Current,No,Excellent (800+),Low (<$40k),0
CUST-5719,Male,54,Bachelor,Unemployed,Married,2,18000.0,585.0,5,LN-2023-14719,Auto,19800.0,48,16.17,562.86,0.75,0.0,0,Fair,Mortgage,West,Fully Paid,No,Fair (580-669),Low (<$40k),0
CUST-5720,Female,59,Bachelor,Employed,Single,0,96600.0,673.0,2,LN-2023-14720,Education,27200.0,36,15.07,943.83,0.175,12.0,0,Good,Rent,Central,Fully Paid,No,Good (670-739),High (>$95k),0
CUST-5721,Male,30,High School,Self-Employed,Divorced,1,54400.0,568.0,1,LN-2023-14721,Personal,14000.0,60,18.94,362.71,0.128,5.0,0,Poor,Own,South,Current,No,Poor (<580),Lower-Middle ($40k-$65k),0
CUST-5722,Male,40,Bachelor,Employed,Single,0,32000.0,668.0,2,LN-2023-14722,Personal,8900.0,36,15.84,312.2,0.283,6.0,0,Fair,Mortgage,East,Fully Paid,No,Fair (580-669),Low (<$40k),0
CUST-5723,Male,27,High School,Employed,Married,0,62500.0,612.0,1,LN-2023-14723,Personal,25000.0,12,17.58,2287.01,0.476,4.0,0,Fair,Rent,East,Fully Paid,No,Fair (580-669),Lower-Middle ($40k-$65k),0
CUST-5724,Male,36,Bachelor,Employed,Married,1,56800.0,659.0,0,LN-2023-14724,Home,106500.0,60,11.17,2324.61,0.491,12.0,0,Fair,Mortgage,West,Current,No,Fair (580-669),Lower-Middle ($40k-$65k),0
CUST-5725,Male,57,Bachelor,Employed,Married,4,24900.0,683.0,0,LN-2023-14725,Auto,43700.0,24,13.42,2086.21,0.75,24.0,0,Good,Rent,East,Defaulted,Yes,Good (670-739),Low (<$40k),1
CUST-5726,Male,49,Bachelor,Employed,Divorced,0,33900.0,628.0,0,LN-2023-14726,Personal,19100.0,48,15.75,538.86,0.191,20.0,0,Fair,Rent,South,Fully Paid,No,Fair (580-669),Low (<$40k),0
CUST-5727,Female,32,PhD,Self-Employed,Single,0,77900.0,518.0,3,LN-2023-14727,Personal,11100.0,36,19.57,410.09,0.151,1.0,1,Poor,Rent,North,Current,No,Poor (<580),Upper-Middle ($65k-$95k),0
CUST-5728,Female,37,Master,Self-Employed,Married,1,98400.0,791.0,3,LN-2023-14728,Education,35400.0,48,11.36,921.13,0.164,13.0,0,Excellent,Mortgage,North,Current,No,Very Good (740-799),High (>$95k),0
CUST-5729,Female,40,High School,Self-Employed,Single,0,80500.0,741.0,1,LN-2023-14729,Home,68800.0,36,10.31,2230.01,0.366,10.0,0,Excellent,Rent,North,Fully Paid,No,Very Good (740-799),Upper-Middle ($65k-$95k),0
CUST-5730,Male,46,Master,Employed,Married,0,109300.0,658.0,3,LN-2023-14730,Business,65900.0,12,16.12,5982.91,0.713,19.0,0,Fair,Rent,North,Current,No,Fair (580-669),High (>$95k),0
CUST-5731,Male,39,High School,Self-Employed,Divorced,0,57900.0,593.0,0,LN-2023-14731,Personal,8500.0,36,18.34,308.75,0.08,11.0,0,Fair,Mortgage,North,Fully Paid,No,Fair (580-669),Lower-Middle ($40k-$65k),0
CUST-5732,Male,67,PhD,Employed,Married,0,91400.0,677.0,0,LN-2023-14732,Auto,33900.0,36,12.87,1140.1,0.15,8.0,0,Good,Rent,North,Current,No,Good (670-739),Upper-Middle ($65k-$95k),0
CUST-5733,Female,32,Bachelor,Employed,Married,1,136500.0,700.0,2,LN-2023-14733,Education,34600.0,36,13.93,1181.37,0.127,6.0,0,Good,Rent,North,Fully Paid,No,Good (670-739),High (>$95k),0
CUST-5734,Female,41,Bachelor,Self-Employed,Married,1,99100.0,735.0,1,LN-2023-14734,Education,24400.0,60,12.96,554.68,0.091,2.0,0,Good,Mortgage,East,Current,No,Good (670-739),High (>$95k),0
CUST-5735,Male,62,High School,Employed,Divorced,0,54300.0,743.0,0,LN-2023-14735,Home,85000.0,36,10.72,2771.53,0.612,24.0,0,Excellent,Rent,North,Fully Paid,No,Very Good (740-799),Lower-Middle ($40k-$65k),0
CUST-5736,Male,54,High School,Employed,Single,2,63400.0,759.0,2,LN-2023-14736,Personal,31800.0,24,14.91,1540.52,0.374,12.0,0,Excellent,Rent,Central,Fully Paid,No,Very Good (740-799),Lower-Middle ($40k-$65k),0
CUST-5737,Male,27,Bachelor,Employed,Single,0,52500.0,522.0,5,LN-2023-14737,Personal,3700.0,12,18.65,340.36,0.225,1.0,1,Poor,Rent,East,Fully Paid,No,Poor (<580),Lower-Middle ($40k-$65k),0
CUST-5738,Male,65,PhD,Self-Employed,Married,3,104000.0,644.0,1,LN-2023-14738,Auto,22600.0,48,14.49,623.15,0.087,37.0,0,Fair,Mortgage,Central,Current,No,Fair (580-669),High (>$95k),0
CUST-5739,Male,55,Bachelor,Employed,Married,1,24600.0,754.0,0,LN-2023-14739,Home,123100.0,60,8.9,2549.38,0.75,26.0,0,Excellent,Mortgage,East,Defaulted,Yes,Very Good (740-799),Low (<$40k),1
CUST-5740,Female,35,Bachelor,Employed,Divorced,0,52800.0,591.0,1,LN-2023-14740,Auto,34400.0,36,16.11,1211.27,0.301,11.0,0,Fair,Rent,North,Current,No,Fair (580-669),Lower-Middle ($40k-$65k),0
CUST-5741,Female,21,Master,Employed,Single,3,171800.0,773.0,2,LN-2023-14741,Personal,18700.0,36,13.2,631.88,0.08,0.0,0,Excellent,Mortgage,Central,Current,No,Very Good (740-799),High (>$95k),0
CUST-5742,Male,46,Bachelor,Self-Employed,Single,0,77300.0,823.0,2,LN-2023-14742,Home,99200.0,60,7.93,2008.1,0.372,15.0,0,Excellent,Mortgage,North,Fully Paid,No,Excellent (800+),Upper-Middle ($65k-$95k),0
CUST-5743,Male,55,High School,Self-Employed,Married,1,59200.0,771.0,3,LN-2023-14743,Home,72400.0,24,9.49,3323.88,0.75,19.0,0,Excellent,Rent,North,Fully Paid,No,Very Good (740-799),Lower-Middle ($40k-$65k),0
CUST-5744,Female,45,High School,Employed,Single,0,77000.0,726.0,3,LN-2023-14744,Education,8400.0,36,13.34,284.41,0.173,2.0,0,Good,Mortgage,North,Fully Paid,No,Good (670-739),Upper-Middle ($65k-$95k),0
CUST-5745,Male,62,Bachelor,Employed,Married,2,73900.0,631.0,3,LN-2023-14745,Education,15400.0,36,15.18,535.2,0.197,32.0,0,Fair,Rent,East,Defaulted,Yes,Fair (580-669),Upper-Middle ($65k-$95k),1
CUST-5746,Male,35,High School,Employed,Single,1,34500.0,693.0,2,LN-2023-14746,Home,73600.0,12,11.59,6525.16,0.75,11.0,0,Good,Rent,South,Defaulted,Yes,Good (670-739),Low (<$40k),1
CUST-5747,Male,42,High School,Employed,Single,0,49600.0,555.0,1,LN-2023-14747,Auto,28200.0,48,16.1,800.64,0.248,14.0,1,Poor,Own,North,Defaulted,Yes,Poor (<580),Lower-Middle ($40k-$65k),1
CUST-5748,Male,26,High School,Self-Employed,Married,0,33900.0,603.0,2,LN-2023-14748,Personal,14400.0,24,17.7,716.82,0.38,4.0,0,Fair,Mortgage,East,Fully Paid,No,Fair (580-669),Low (<$40k),0
CUST-5749,Male,35,High School,Employed,Married,2,53300.0,609.0,2,LN-2023-14749,Auto,29800.0,36,13.67,1013.72,0.311,7.0,1,Fair,Mortgage,Central,Fully Paid,No,Fair (580-669),Lower-Middle ($40k-$65k),0
CUST-5750,Female,44,Master,Employed,Married,0,53400.0,675.0,0,LN-2023-14750,Personal,8700.0,36,16.67,308.75,0.08,9.0,0,Good,Own,West,Fully Paid,No,Good (670-739),Lower-Middle ($40k-$65k),0
CUST-5751,Male,41,High School,Self-Employed,Married,0,85700.0,636.0,1,LN-2023-14751,Auto,17000.0,36,14.1,581.85,0.114,17.0,0,Fair,Rent,North,Current,No,Fair (580-669),Upper-Middle ($65k-$95k),0
CUST-5752,Male,27,Bachelor,Employed,Divorced,1,50000.0,692.0,0,LN-2023-14752,Auto,23400.0,12,12.77,2087.5,0.501,3.0,0,Good,Rent,South,Fully Paid,No,Good (670-739),Lower-Middle ($40k-$65k),0
CUST-5753,Female,49,Bachelor,Self-Employed,Married,2,49900.0,744.0,3,LN-2023-14753,Home,85300.0,36,11.29,2804.34,0.75,15.0,0,Excellent,Own,West,Current,No,Very Good (740-799),Lower-Middle ($40k-$65k),0
CUST-5754,Male,52,Bachelor,Self-Employed,Single,0,68700.0,609.0,1,LN-2023-14754,Home,74000.0,24,11.01,3449.32,0.641,10.0,0,Fair,Rent,North,Fully Paid,No,Fair (580-669),Upper-Middle ($65k-$95k),0
CUST-5755,Female,52,High School,Self-Employed,Single,0,66600.0,682.0,2,LN-2023-14755,Personal,19700.0,12,15.86,1786.09,0.384,17.0,0,Good,Mortgage,East,Fully Paid,No,Good (670-739),Upper-Middle ($65k-$95k),0
CUST-5756,Female,25,Bachelor,Employed,Single,2,36500.0,634.0,1,LN-2023-14756,Home,71400.0,48,10.78,1837.75,0.64,3.0,0,Fair,Own,East,Defaulted,Yes,Fair (580-669),Low (<$40k),1
CUST-5757,Male,24,High School,Employed,Divorced,0,38800.0,686.0,2,LN-2023-14757,Business,32400.0,24,15.75,1582.54,0.595,2.0,0,Good,Rent,North,Fully Paid,No,Good (670-739),Low (<$40k),0
CUST-5758,Female,42,Bachelor,Unemployed,Single,1,23100.0,728.0,0,LN-2023-14758,Home,118300.0,24,9.79,5447.49,0.75,0.0,0,Good,Own,East,Defaulted,Yes,Good (670-739),Low (<$40k),1
CUST-5759,Male,38,High School,Employed,Divorced,3,89700.0,748.0,2,LN-2023-14759,Home,62100.0,48,7.79,1509.93,0.231,8.0,0,Excellent,Mortgage,Central,Current,No,Very Good (740-799),Upper-Middle ($65k-$95k),0
CUST-5760,Female,55,Bachelor,Employed,Married,2,20100.0,726.0,0,LN-2023-14760,Auto,46700.0,12,13.09,4173.09,0.75,9.0,0,Good,Own,East,Fully Paid,No,Good (670-739),Low (<$40k),0
CUST-5761,Male,37,Bachelor,Employed,Single,0,82900.0,705.0,1,LN-2023-14761,Home,128900.0,60,9.89,2731.77,0.431,9.0,0,Good,Rent,Central,Current,No,Good (670-739),Upper-Middle ($65k-$95k),0
CUST-5762,Female,44,Bachelor,Employed,Single,0,52900.0,549.0,0,LN-2023-14762,Home,104200.0,48,14.89,2894.16,0.657,18.0,0,Poor,Mortgage,East,Fully Paid,No,Poor (<580),Lower-Middle ($40k-$65k),0
CUST-5763,Female,22,Bachelor,Unemployed,Married,0,18000.0,578.0,1,LN-2023-14763,Personal,17600.0,24,17.4,873.57,0.671,0.0,0,Poor,Own,West,Defaulted,Yes,Poor (<580),Low (<$40k),1
CUST-5764,Male,33,Bachelor,Employed,Single,3,46300.0,599.0,3,LN-2023-14764,Auto,40200.0,36,14.8,1389.61,0.552,0.0,0,Fair,Rent,Central,Defaulted,Yes,Fair (580-669),Lower-Middle ($40k-$65k),1
CUST-5765,Female,35,Master,Employed,Single,4,66100.0,700.0,2,LN-2023-14765,Auto,43200.0,60,11.3,945.75,0.245,2.0,0,Good,Rent,East,Fully Paid,No,Good (670-739),Upper-Middle ($65k-$95k),0
CUST-5766,Female,25,High School,Self-Employed,Single,0,74700.0,560.0,0,LN-2023-14766,Business,69700.0,36,18.58,2540.15,0.408,0.0,0,Poor,Rent,North,Defaulted,Yes,Poor (<580),Upper-Middle ($65k-$95k),1
CUST-5767,Female,23,Master,Self-Employed,Married,1,70300.0,698.0,1,LN-2023-14767,Personal,6000.0,36,15.04,208.11,0.08,2.0,0,Good,Own,North,Current,No,Good (670-739),Upper-Middle ($65k-$95k),0
CUST-5768,Male,57,Master,Employed,Single,2,164200.0,692.0,3,LN-2023-14768,Personal,3100.0,36,15.32,107.95,0.08,21.0,0,Good,Rent,Central,Fully Paid,No,Good (670-739),High (>$95k),0
CUST-5769,Female,57,Bachelor,Employed,Married,0,83200.0,505.0,2,LN-2023-14769,Education,12500.0,36,17.62,449.53,0.138,29.0,1,Poor,Rent,East,Defaulted,Yes,Poor (<580),Upper-Middle ($65k-$95k),1
CUST-5770,Male,57,Bachelor,Employed,Single,0,68700.0,577.0,0,LN-2023-14770,Auto,17200.0,24,14.45,829.48,0.145,18.0,0,Poor,Mortgage,West,Current,No,Poor (<580),Upper-Middle ($65k-$95k),0
CUST-5771,Male,23,Bachelor,Employed,Married,0,58300.0,758.0,1,LN-2023-14771,Business,32800.0,24,14.41,1581.18,0.369,1.0,0,Excellent,Mortgage,East,Fully Paid,No,Very Good (740-799),Lower-Middle ($40k-$65k),0
CUST-5772,Male,55,High School,Self-Employed,Single,0,96400.0,729.0,1,LN-2023-14772,Home,88300.0,48,9.87,2234.01,0.298,23.0,0,Good,Mortgage,East,Current,No,Good (670-739),High (>$95k),0
CUST-5773,Male,43,High School,Employed,Married,3,89600.0,597.0,0,LN-2023-14773,Home,89200.0,60,14.77,2111.31,0.283,3.0,0,Fair,Mortgage,East,Fully Paid,No,Fair (580-669),Upper-Middle ($65k-$95k),0
CUST-5774,Female,48,High School,Employed,Married,3,29100.0,582.0,2,LN-2023-14774,Home,106500.0,24,13.16,5071.21,0.75,9.0,2,Fair,Mortgage,East,Defaulted,Yes,Fair (580-669),Low (<$40k),1
CUST-5775,Male,50,High School,Employed,Married,0,35800.0,461.0,2,LN-2023-14775,Personal,8800.0,36,20.39,328.79,0.285,12.0,1,Poor,Mortgage,Central,Defaulted,Yes,Poor (<580),Low (<$40k),1
CUST-5776,Female,38,Bachelor,Employed,Married,0,83600.0,795.0,0,LN-2023-14776,Home,52900.0,60,7.86,1069.08,0.153,4.0,0,Excellent,Own,North,Current,No,Very Good (740-799),Upper-Middle ($65k-$95k),0
CUST-5777,Male,56,Master,Employed,Single,0,118600.0,673.0,1,LN-2023-14777,Personal,22300.0,24,14.86,1079.77,0.131,11.0,0,Good,Rent,West,Fully Paid,No,Good (670-739),High (>$95k),0
CUST-5778,Male,53,High School,Employed,Single,2,42900.0,830.0,2,LN-2023-14778,Home,86100.0,36,8.65,2723.95,0.75,2.0,0,Excellent,Own,West,Fully Paid,No,Excellent (800+),Lower-Middle ($40k-$65k),0
CUST-5779,Male,46,Master,Self-Employed,Married,1,64100.0,653.0,1,LN-2023-14779,Education,28700.0,36,15.18,997.43,0.218,4.0,0,Fair,Rent,North,Fully Paid,No,Fair (580-669),Lower-Middle ($40k-$65k),0
CUST-5780,Male,60,PhD,Employed,Married,1,94000.0,694.0,0,LN-2023-14780,Home,77400.0,12,10.64,6827.75,0.75,11.0,0,Good,Rent,North,Fully Paid,No,Good (670-739),Upper-Middle ($65k-$95k),0
CUST-5781,Male,37,PhD,Self-Employed,Married,1,207400.0,745.0,2,LN-2023-14781,Personal,24800.0,36,14.49,853.52,0.08,11.0,0,Excellent,Mortgage,West,Fully Paid,No,Very Good (740-799),High (>$95k),0
CUST-5782,Male,60,Master,Employed,Single,0,79300.0,809.0,0,LN-2023-14782,Business,67800.0,24,13.67,3244.71,0.491,6.0,0,Excellent,Own,North,Current,No,Excellent (800+),Upper-Middle ($65k-$95k),0
CUST-5783,Female,27,Bachelor,Employed,Married,1,35600.0,712.0,3,LN-2023-14783,Personal,21900.0,24,15.34,1065.4,0.607,2.0,0,Good,Rent,East,Current,No,Good (670-739),Low (<$40k),0
CUST-5784,Male,28,High School,Employed,Married,4,51600.0,670.0,4,LN-2023-14784,Home,47300.0,48,11.9,1243.27,0.426,0.0,0,Good,Rent,North,Fully Paid,No,Good (670-739),Lower-Middle ($40k-$65k),0
CUST-5785,Male,51,Bachelor,Employed,Married,0,89400.0,672.0,4,LN-2023-14785,Education,35200.0,48,14.08,963.31,0.251,14.0,0,Good,Mortgage,North,Fully Paid,No,Good (670-739),Upper-Middle ($65k-$95k),0
CUST-5786,Male,32,Bachelor,Employed,Married,1,60100.0,581.0,1,LN-2023-14786,Personal,13900.0,60,17.56,349.65,0.101,6.0,0,Fair,Own,Central,Current,No,Fair (580-669),Lower-Middle ($40k-$65k),0
CUST-5787,Female,51,Master,Employed,Married,0,137100.0,637.0,2,LN-2023-14787,Education,10600.0,60,15.06,252.51,0.08,22.0,1,Fair,Rent,South,Current,No,Fair (580-669),High (>$95k),0
CUST-5788,Female,64,PhD,Self-Employed,Married,1,157600.0,674.0,3,LN-2023-14788,Auto,38700.0,60,14.78,916.21,0.125,30.0,0,Good,Rent,West,Fully Paid,No,Good (670-739),High (>$95k),0
CUST-5789,Male,39,Bachelor,Self-Employed,Single,1,70300.0,787.0,0,LN-2023-14789,Home,86400.0,24,8.62,3932.11,0.671,4.0,0,Excellent,Mortgage,East,Current,No,Very Good (740-799),Upper-Middle ($65k-$95k),0
CUST-5790,Male,30,Bachelor,Employed,Single,1,64100.0,633.0,0,LN-2023-14790,Education,7100.0,24,15.48,345.88,0.08,1.0,0,Fair,Rent,South,Fully Paid,No,Fair (580-669),Lower-Middle ($40k-$65k),0
CUST-5791,Male,59,High School,Employed,Married,2,21400.0,760.0,1,LN-2023-14791,Auto,39700.0,24,11.71,1863.44,0.75,5.0,0,Excellent,Rent,East,Current,No,Very Good (740-799),Low (<$40k),0
CUST-5792,Female,32,High School,Self-Employed,Single,0,97300.0,663.0,3,LN-2023-14792,Auto,26500.0,36,13.3,896.72,0.202,9.0,0,Fair,Own,East,Current,No,Fair (580-669),High (>$95k),0
CUST-5793,Male,40,Bachelor,Employed,Married,1,54200.0,775.0,1,LN-2023-14793,Home,109200.0,24,9.88,5032.98,0.75,11.0,0,Excellent,Mortgage,Central,Current,No,Very Good (740-799),Lower-Middle ($40k-$65k),0
CUST-5794,Male,57,Bachelor,Unemployed,Divorced,0,18400.0,727.0,1,LN-2023-14794,Personal,24900.0,36,15.35,867.44,0.682,0.0,0,Good,Rent,South,Current,No,Good (670-739),Low (<$40k),0
CUST-5795,Male,61,Master,Self-Employed,Married,2,69900.0,721.0,2,LN-2023-14795,Home,53500.0,48,10.84,1378.58,0.315,1.0,0,Good,Own,East,Fully Paid,No,Good (670-739),Upper-Middle ($65k-$95k),0
CUST-5796,Male,27,Bachelor,Employed,Single,0,77200.0,753.0,1,LN-2023-14796,Personal,20800.0,24,15.46,1013.07,0.201,1.0,0,Excellent,Mortgage,West,Fully Paid,No,Very Good (740-799),Upper-Middle ($65k-$95k),0
CUST-5797,Male,34,Master,Employed,Single,2,46800.0,740.0,0,LN-2023-14797,Personal,13400.0,36,15.8,469.78,0.12,6.0,0,Excellent,Mortgage,East,Fully Paid,No,Very Good (740-799),Lower-Middle ($40k-$65k),0
CUST-5798,Female,31,Bachelor,Employed,Married,0,40400.0,760.0,1,LN-2023-14798,Personal,18800.0,12,14.12,1689.06,0.577,2.0,0,Excellent,Mortgage,East,Fully Paid,No,Very Good (740-799),Lower-Middle ($40k-$65k),0
CUST-5799,Male,27,Master,Self-Employed,Divorced,0,87400.0,850.0,2,LN-2023-14799,Personal,5600.0,36,12.03,186.08,0.08,4.0,0,Excellent,Own,West,Fully Paid,No,Excellent (800+),Upper-Middle ($65k-$95k),0
CUST-5800,Female,49,High School,Employed,Married,0,37000.0,807.0,2,LN-2023-14800,Personal,20100.0,24,12.05,946.65,0.435,14.0,0,Excellent,Own,West,Current,No,Excellent (800+),Low (<$40k),0
CUST-5801,Male,30,Master,Self-Employed,Single,4,104100.0,709.0,2,LN-2023-14801,Personal,25500.0,60,16.28,623.91,0.109,5.0,0,Good,Rent,Central,Fully Paid,No,Good (670-739),High (>$95k),0
CUST-5802,Male,49,Bachelor,Employed,Married,0,48200.0,632.0,1,LN-2023-14802,Auto,47500.0,60,14.34,1113.63,0.326,6.0,0,Fair,Rent,Central,Fully Paid,No,Fair (580-669),Lower-Middle ($40k-$65k),0
CUST-5803,Female,29,High School,Employed,Married,0,100600.0,701.0,3,LN-2023-14803,Personal,12300.0,24,14.95,596.09,0.114,2.0,0,Good,Mortgage,North,Fully Paid,No,Good (670-739),High (>$95k),0
CUST-5804,Male,56,High School,Employed,Single,0,67100.0,506.0,1,LN-2023-14804,Home,58200.0,60,14.51,1369.65,0.275,18.0,1,Poor,Rent,East,Defaulted,Yes,Poor (<580),Upper-Middle ($65k-$95k),1
CUST-5805,Female,30,Master,Employed,Married,0,105700.0,740.0,1,LN-2023-14805,Home,76100.0,36,9.36,2432.73,0.289,6.0,0,Excellent,Mortgage,Central,Fully Paid,No,Very Good (740-799),High (>$95k),0
CUST-5806,Female,39,High School,Employed,Married,0,37400.0,579.0,2,LN-2023-14806,Education,6700.0,36,17.29,239.84,0.193,6.0,1,Poor,Rent,Central,Fully Paid,No,Poor (<580),Low (<$40k),0
CUST-5807,Male,51,Bachelor,Employed,Married,1,185600.0,765.0,3,LN-2023-14807,Auto,25500.0,36,12.1,848.18,0.09,13.0,0,Excellent,Own,North,Current,No,Very Good (740-799),High (>$95k),0
CUST-5808,Female,37,Bachelor,Employed,Single,0,51600.0,838.0,2,LN-2023-14808,Business,84000.0,48,11.12,2175.92,0.58,12.0,0,Excellent,Rent,Central,Fully Paid,No,Excellent (800+),Lower-Middle ($40k-$65k),0
CUST-5809,Male,29,Bachelor,Employed,Married,1,45600.0,546.0,0,LN-2023-14809,Auto,17400.0,36,15.27,605.48,0.159,1.0,1,Poor,Rent,North,Defaulted,Yes,Poor (<580),Lower-Middle ($40k-$65k),1
CUST-5810,Female,65,Master,Employed,Married,0,107000.0,665.0,1,LN-2023-14810,Personal,16900.0,12,16.26,1535.43,0.185,21.0,0,Fair,Rent,East,Current,No,Fair (580-669),High (>$95k),0
CUST-5811,Male,53,Bachelor,Self-Employed,Single,1,78900.0,579.0,0,LN-2023-14811,Home,93700.0,36,12.85,3150.36,0.479,10.0,0,Poor,Rent,East,Fully Paid,No,Poor (<580),Upper-Middle ($65k-$95k),0
CUST-5812,Female,54,Bachelor,Employed,Married,1,43500.0,523.0,1,LN-2023-14812,Auto,16800.0,36,16.62,595.79,0.21,20.0,2,Poor,Mortgage,Central,Defaulted,Yes,Poor (<580),Lower-Middle ($40k-$65k),1
CUST-5813,Male,65,PhD,Employed,Married,0,220000.0,660.0,1,LN-2023-14813,Home,73100.0,36,12.87,2458.45,0.142,1.0,0,Fair,Mortgage,West,Current,No,Fair (580-669),High (>$95k),0
CUST-5814,Male,44,Master,Self-Employed,Married,0,138800.0,723.0,2,LN-2023-14814,Home,122500.0,48,11.14,3174.41,0.3,13.0,0,Good,Mortgage,Central,Fully Paid,No,Good (670-739),High (>$95k),0
CUST-5815,Female,29,Master,Self-Employed,Married,0,89700.0,734.0,1,LN-2023-14815,Auto,21200.0,12,10.95,1873.2,0.286,1.0,0,Good,Rent,West,Fully Paid,No,Good (670-739),Upper-Middle ($65k-$95k),0
CUST-5816,Female,27,Bachelor,Employed,Married,0,185200.0,683.0,0,LN-2023-14816,Personal,21400.0,60,15.07,509.89,0.08,0.0,0,Good,Mortgage,South,Fully Paid,No,Good (670-739),High (>$95k),0
CUST-5817,Female,36,High School,Employed,Divorced,1,48800.0,528.0,0,LN-2023-14817,Business,29600.0,60,19.16,770.45,0.131,9.0,0,Poor,Rent,North,Defaulted,Yes,Poor (<580),Lower-Middle ($40k-$65k),1
CUST-5818,Female,39,Bachelor,Self-Employed,Married,1,71900.0,680.0,1,LN-2023-14818,Home,101900.0,12,12.13,9059.89,0.75,10.0,0,Good,Mortgage,North,Defaulted,Yes,Good (670-739),Upper-Middle ($65k-$95k),1
CUST-5819,Female,59,Bachelor,Self-Employed,Married,1,201800.0,543.0,2,LN-2023-14819,Auto,20600.0,36,15.78,722.0,0.08,29.0,2,Poor,Rent,North,Current,No,Poor (<580),High (>$95k),0
CUST-5820,Male,26,High School,Self-Employed,Married,0,57900.0,548.0,3,LN-2023-14820,Business,36200.0,36,18.8,1323.29,0.283,2.0,0,Poor,Own,Central,Current,No,Poor (<580),Lower-Middle ($40k-$65k),0
CUST-5821,Male,31,Bachelor,Employed,Married,0,82900.0,585.0,4,LN-2023-14821,Education,10200.0,36,15.61,356.64,0.205,5.0,0,Fair,Own,East,Fully Paid,No,Fair (580-669),Upper-Middle ($65k-$95k),0
CUST-5822,Male,32,High School,Employed,Single,0,41300.0,759.0,3,LN-2023-14822,Home,49000.0,36,10.83,1600.26,0.676,7.0,0,Excellent,Rent,Central,Fully Paid,No,Very Good (740-799),Lower-Middle ($40k-$65k),0
CUST-5823,Male,62,Bachelor,Employed,Married,1,64300.0,716.0,1,LN-2023-14823,Education,38900.0,36,13.48,1319.71,0.286,11.0,0,Good,Own,West,Current,No,Good (670-739),Lower-Middle ($40k-$65k),0
CUST-5824,Male,33,Master,Self-Employed,Married,1,74400.0,697.0,2,LN-2023-14824,Auto,25700.0,48,12.83,687.3,0.154,0.0,0,Good,Rent,Central,Fully Paid,No,Good (670-739),Upper-Middle ($65k-$95k),0
CUST-5825,Female,32,High School,Employed,Married,0,93800.0,596.0,0,LN-2023-14825,Home,111100.0,36,12.14,3697.54,0.473,2.0,0,Fair,Own,Central,Defaulted,Yes,Fair (580-669),Upper-Middle ($65k-$95k),1
CUST-5826,Male,41,Bachelor,Employed,Single,2,30500.0,637.0,0,LN-2023-14826,Education,37300.0,36,14.04,1275.55,0.502,4.0,0,Fair,Rent,East,Defaulted,Yes,Fair (580-669),Low (<$40k),1
CUST-5827,Female,30,Master,Self-Employed,Married,0,165500.0,553.0,0,LN-2023-14827,Personal,8900.0,36,16.87,316.73,0.08,3.0,0,Poor,Rent,North,Fully Paid,No,Poor (<580),High (>$95k),0
CUST-5828,Male,40,High School,Employed,Married,4,33100.0,785.0,0,LN-2023-14828,Home,118900.0,60,9.22,2480.88,0.75,16.0,0,Excellent,Own,South,Fully Paid,No,Very Good (740-799),Low (<$40k),0
CUST-5829,Male,56,Bachelor,Employed,Single,0,61300.0,850.0,0,LN-2023-14829,Home,105200.0,36,8.07,3299.98,0.646,24.0,0,Excellent,Rent,South,Fully Paid,No,Excellent (800+),Lower-Middle ($40k-$65k),0
CUST-5830,Male,48,PhD,Employed,Married,2,81300.0,717.0,3,LN-2023-14830,Auto,32000.0,12,13.03,2858.6,0.498,22.0,0,Good,Mortgage,North,Defaulted,Yes,Good (670-739),Upper-Middle ($65k-$95k),1
CUST-5831,Female,44,PhD,Employed,Single,0,73400.0,732.0,1,LN-2023-14831,Personal,26500.0,24,14.27,1275.72,0.251,20.0,0,Good,Mortgage,West,Fully Paid,No,Good (670-739),Upper-Middle ($65k-$95k),0
CUST-5832,Female,25,High School,Employed,Single,2,67000.0,656.0,2,LN-2023-14832,Auto,14200.0,36,14.76,490.58,0.186,2.0,2,Fair,Own,East,Current,No,Fair (580-669),Upper-Middle ($65k-$95k),0
CUST-5833,Female,57,High School,Employed,Married,0,49000.0,532.0,3,LN-2023-14833,Home,67400.0,48,15.7,1899.8,0.583,7.0,0,Poor,Own,North,Fully Paid,No,Poor (<580),Lower-Middle ($40k-$65k),0
CUST-5834,Male,32,High School,Employed,Married,0,36400.0,598.0,5,LN-2023-14834,Personal,6800.0,36,17.18,243.05,0.307,5.0,0,Fair,Mortgage,West,Current,No,Fair (580-669),Low (<$40k),0
CUST-5835,Female,55,Bachelor,Employed,Divorced,0,67400.0,630.0,3,LN-2023-14835,Business,82700.0,36,17.57,2971.99,0.59,26.0,0,Fair,Mortgage,West,Fully Paid,No,Fair (580-669),Upper-Middle ($65k-$95k),0
CUST-5836,Male,60,Bachelor,Employed,Single,4,46000.0,637.0,2,LN-2023-14836,Personal,5900.0,48,16.88,169.88,0.117,16.0,0,Fair,Rent,North,Fully Paid,No,Fair (580-669),Lower-Middle ($40k-$65k),0
CUST-5837,Male,22,Bachelor,Employed,Divorced,4,49400.0,617.0,1,LN-2023-14837,Home,128300.0,12,12.36,11420.92,0.75,1.0,0,Fair,Rent,North,Defaulted,Yes,Fair (580-669),Lower-Middle ($40k-$65k),1
CUST-5838,Male,61,Bachelor,Employed,Married,0,32000.0,674.0,1,LN-2023-14838,Personal,6200.0,48,16.83,178.36,0.106,5.0,0,Good,Mortgage,South,Current,No,Good (670-739),Low (<$40k),0
CUST-5839,Male,65,High School,Employed,Married,1,40100.0,597.0,2,LN-2023-14839,Auto,35100.0,48,14.32,964.8,0.354,16.0,0,Fair,Rent,East,Fully Paid,No,Fair (580-669),Lower-Middle ($40k-$65k),0
CUST-5840,Male,59,Bachelor,Employed,Divorced,1,78500.0,850.0,3,LN-2023-14840,Education,28500.0,48,9.06,710.04,0.196,13.0,0,Excellent,Rent,Central,Fully Paid,No,Excellent (800+),Upper-Middle ($65k-$95k),0
CUST-5841,Female,62,Bachelor,Employed,Married,0,63900.0,553.0,4,LN-2023-14841,Education,37700.0,60,16.36,924.02,0.344,6.0,0,Poor,Rent,West,Fully Paid,No,Poor (<580),Lower-Middle ($40k-$65k),0
CUST-5842,Female,29,Bachelor,Employed,Divorced,0,142300.0,745.0,2,LN-2023-14842,Home,72500.0,24,9.75,3337.15,0.328,6.0,0,Excellent,Rent,West,Current,No,Very Good (740-799),High (>$95k),0
CUST-5843,Male,42,Bachelor,Employed,Married,4,203700.0,647.0,1,LN-2023-14843,Home,73200.0,36,10.92,2393.7,0.149,1.0,2,Fair,Mortgage,South,Current,No,Fair (580-669),High (>$95k),0
CUST-5844,Male,67,Bachelor,Employed,Divorced,1,51000.0,709.0,4,LN-2023-14844,Auto,42200.0,24,13.05,2007.26,0.685,38.0,0,Good,Rent,East,Defaulted,Yes,Good (670-739),Lower-Middle ($40k-$65k),1
CUST-5845,Male,25,Bachelor,Employed,Married,0,43200.0,713.0,4,LN-2023-14845,Auto,47200.0,36,12.07,1569.29,0.658,0.0,0,Good,Own,North,Fully Paid,No,Good (670-739),Lower-Middle ($40k-$65k),0
CUST-5846,Male,32,High School,Self-Employed,Married,0,93900.0,683.0,1,LN-2023-14846,Auto,11100.0,36,12.36,370.59,0.08,9.0,0,Good,Rent,West,Fully Paid,No,Good (670-739),Upper-Middle ($65k-$95k),0
CUST-5847,Female,21,Bachelor,Employed,Divorced,0,73100.0,573.0,2,LN-2023-14847,Education,27600.0,60,16.65,680.75,0.187,0.0,0,Poor,Rent,North,Current,No,Poor (<580),Upper-Middle ($65k-$95k),0
CUST-5848,Male,64,High School,Employed,Married,1,81900.0,641.0,2,LN-2023-14848,Personal,10100.0,12,16.4,918.29,0.176,26.0,0,Fair,Rent,North,Fully Paid,No,Fair (580-669),Upper-Middle ($65k-$95k),0
CUST-5849,Female,42,Bachelor,Employed,Married,0,75200.0,684.0,1,LN-2023-14849,Personal,24100.0,24,16.49,1185.66,0.214,3.0,0,Good,Mortgage,East,Fully Paid,No,Good (670-739),Upper-Middle ($65k-$95k),0
CUST-5850,Male,58,High School,Self-Employed,Married,1,51700.0,679.0,3,LN-2023-14850,Auto,39400.0,36,13.68,1340.48,0.429,21.0,0,Good,Mortgage,South,Fully Paid,No,Good (670-739),Lower-Middle ($40k-$65k),0
CUST-5851,Female,39,High School,Employed,Single,0,45100.0,583.0,0,LN-2023-14851,Home,109800.0,48,13.34,2964.22,0.75,14.0,0,Fair,Rent,East,Current,No,Fair (580-669),Lower-Middle ($40k-$65k),0
CUST-5852,Male,36,Master,Employed,Divorced,0,94600.0,779.0,1,LN-2023-14852,Home,82000.0,48,9.93,2076.98,0.287,2.0,0,Excellent,Rent,West,Fully Paid,No,Very Good (740-799),Upper-Middle ($65k-$95k),0
CUST-5853,Female,51,Bachelor,Employed,Married,0,57200.0,458.0,1,LN-2023-14853,Home,58400.0,12,16.52,5313.06,0.75,3.0,2,Poor,Own,West,Defaulted,Yes,Poor (<580),Lower-Middle ($40k-$65k),1
CUST-5854,Male,23,Bachelor,Employed,Married,3,108800.0,648.0,2,LN-2023-14854,Home,94700.0,36,12.03,3146.75,0.382,1.0,0,Fair,Mortgage,Central,Fully Paid,No,Fair (580-669),High (>$95k),0
CUST-5855,Female,43,Bachelor,Unemployed,Married,0,18000.0,668.0,0,LN-2023-14855,Auto,40000.0,24,15.66,1952.03,0.75,0.0,0,Fair,Mortgage,East,Defaulted,Yes,Fair (580-669),Low (<$40k),1
CUST-5856,Male,62,Bachelor,Employed,Single,2,108600.0,685.0,0,LN-2023-14856,Home,122500.0,60,11.61,2700.86,0.298,6.0,0,Good,Mortgage,East,Fully Paid,No,Good (670-739),High (>$95k),0
CUST-5857,Male,38,PhD,Self-Employed,Married,0,45900.0,756.0,3,LN-2023-14857,Auto,27200.0,60,10.9,590.04,0.283,2.0,0,Excellent,Mortgage,South,Current,No,Very Good (740-799),Lower-Middle ($40k-$65k),0
CUST-5858,Female,46,High School,Employed,Married,1,52400.0,550.0,1,LN-2023-14858,Personal,10100.0,12,20.35,937.3,0.263,15.0,0,Poor,Rent,West,Fully Paid,No,Poor (<580),Lower-Middle ($40k-$65k),0
CUST-5859,Female,33,Master,Employed,Married,0,67100.0,850.0,1,LN-2023-14859,Auto,14500.0,36,9.65,465.5,0.106,2.0,0,Excellent,Mortgage,East,Current,No,Excellent (800+),Upper-Middle ($65k-$95k),0
CUST-5860,Female,38,PhD,Employed,Single,2,46900.0,687.0,2,LN-2023-14860,Education,33100.0,48,13.75,900.36,0.373,10.0,0,Good,Own,South,Fully Paid,No,Good (670-739),Lower-Middle ($40k-$65k),0
CUST-5861,Female,23,Master,Employed,Divorced,2,30800.0,702.0,1,LN-2023-14861,Auto,30300.0,36,11.63,1001.05,0.448,2.0,0,Good,Mortgage,South,Current,No,Good (670-739),Low (<$40k),0
CUST-5862,Female,43,High School,Employed,Married,0,30000.0,547.0,3,LN-2023-14862,Home,102300.0,48,14.36,2814.01,0.75,12.0,0,Poor,Rent,South,Fully Paid,No,Poor (<580),Low (<$40k),0
CUST-5863,Male,23,Bachelor,Employed,Married,0,64200.0,666.0,1,LN-2023-14863,Personal,7600.0,24,16.27,373.1,0.089,0.0,0,Fair,Own,Central,Current,No,Fair (580-669),Lower-Middle ($40k-$65k),0
CUST-5864,Male,45,High School,Employed,Single,2,37400.0,752.0,2,LN-2023-14864,Personal,3200.0,24,13.45,152.81,0.19,12.0,0,Excellent,Mortgage,North,Fully Paid,No,Very Good (740-799),Low (<$40k),0
CUST-5865,Male,47,Bachelor,Self-Employed,Single,0,45300.0,687.0,1,LN-2023-14865,Personal,31100.0,60,14.96,739.21,0.254,9.0,0,Good,Mortgage,South,Current,No,Good (670-739),Lower-Middle ($40k-$65k),0
CUST-5866,Female,64,Bachelor,Employed,Married,1,115500.0,681.0,3,LN-2023-14866,Personal,26500.0,36,15.19,921.1,0.178,13.0,0,Good,Mortgage,South,Fully Paid,No,Good (670-739),High (>$95k),0
CUST-5867,Male,47,Bachelor,Employed,Married,0,36100.0,665.0,1,LN-2023-14867,Auto,25200.0,48,13.46,681.82,0.265,7.0,0,Fair,Mortgage,North,Defaulted,Yes,Fair (580-669),Low (<$40k),1
CUST-5868,Male,59,Bachelor,Employed,Married,1,85300.0,552.0,1,LN-2023-14868,Business,52000.0,36,18.61,1895.88,0.29,30.0,0,Poor,Mortgage,South,Fully Paid,No,Poor (<580),Upper-Middle ($65k-$95k),0
CUST-5869,Female,45,Bachelor,Employed,Single,1,42100.0,552.0,4,LN-2023-14869,Personal,29900.0,24,18.5,1499.96,0.724,15.0,0,Poor,Mortgage,East,Fully Paid,No,Poor (<580),Lower-Middle ($40k-$65k),0
CUST-5870,Female,44,Bachelor,Employed,Single,0,37900.0,769.0,2,LN-2023-14870,Personal,9000.0,36,14.09,307.99,0.252,3.0,0,Excellent,Own,East,Fully Paid,No,Very Good (740-799),Low (<$40k),0
CUST-5871,Male,28,Master,Self-Employed,Single,1,68200.0,744.0,2,LN-2023-14871,Education,33300.0,60,12.9,755.97,0.183,3.0,0,Excellent,Rent,East,Current,No,Very Good (740-799),Upper-Middle ($65k-$95k),0
CUST-5872,Male,29,Master,Unemployed,Married,1,36000.0,757.0,1,LN-2023-14872,Auto,10700.0,12,12.03,950.83,0.404,0.0,0,Excellent,Rent,West,Current,No,Very Good (740-799),Low (<$40k),0
CUST-5873,Male,66,High School,Employed,Married,0,26500.0,600.0,1,LN-2023-14873,Home,119400.0,24,13.35,5696.14,0.75,12.0,0,Fair,Rent,North,Defaulted,Yes,Fair (580-669),Low (<$40k),1
CUST-5874,Male,57,Bachelor,Employed,Divorced,0,71500.0,656.0,1,LN-2023-14874,Business,61200.0,24,16.37,3007.37,0.53,30.0,0,Fair,Mortgage,South,Current,No,Fair (580-669),Upper-Middle ($65k-$95k),0
CUST-5875,Male,50,High School,Employed,Married,1,31900.0,774.0,0,LN-2023-14875,Auto,28100.0,24,11.47,1315.82,0.495,24.0,0,Excellent,Mortgage,South,Fully Paid,No,Very Good (740-799),Low (<$40k),0
CUST-5876,Female,39,Bachelor,Self-Employed,Divorced,0,50900.0,565.0,1,LN-2023-14876,Auto,36800.0,12,15.77,3334.89,0.75,5.0,2,Poor,Own,West,Defaulted,Yes,Poor (<580),Lower-Middle ($40k-$65k),1
CUST-5877,Female,36,PhD,Employed,Single,3,111100.0,766.0,5,LN-2023-14877,Auto,12600.0,48,10.99,325.59,0.158,5.0,0,Excellent,Rent,North,Fully Paid,No,Very Good (740-799),High (>$95k),0
CUST-5878,Female,44,Master,Employed,Married,1,207000.0,620.0,0,LN-2023-14878,Personal,8700.0,24,17.09,430.52,0.08,12.0,0,Fair,Mortgage,North,Current,No,Fair (580-669),High (>$95k),0
CUST-5879,Male,64,Bachelor,Unemployed,Married,0,18000.0,597.0,0,LN-2023-14879,Home,79600.0,48,13.62,2160.04,0.75,0.0,0,Fair,Rent,North,Defaulted,Yes,Fair (580-669),Low (<$40k),1
CUST-5880,Female,41,Bachelor,Self-Employed,Divorced,2,100000.0,668.0,0,LN-2023-14880,Personal,20900.0,36,16.58,740.78,0.089,8.0,0,Fair,Mortgage,East,Current,No,Fair (580-669),High (>$95k),0
CUST-5881,Male,56,High School,Employed,Married,0,42700.0,575.0,2,LN-2023-14881,Home,57300.0,36,14.01,1958.66,0.692,6.0,0,Poor,Rent,West,Fully Paid,No,Poor (<580),Lower-Middle ($40k-$65k),0
CUST-5882,Male,60,Bachelor,Unemployed,Single,1,18000.0,508.0,1,LN-2023-14882,Personal,14000.0,36,19.29,515.24,0.417,0.0,0,Poor,Own,West,Defaulted,Yes,Poor (<580),Low (<$40k),1
CUST-5883,Female,59,High School,Employed,Married,0,79500.0,676.0,1,LN-2023-14883,Home,67200.0,48,11.28,1745.97,0.295,22.0,0,Good,Mortgage,West,Current,No,Good (670-739),Upper-Middle ($65k-$95k),0
CUST-5884,Male,67,Bachelor,Employed,Single,2,43000.0,715.0,3,LN-2023-14884,Home,99900.0,48,10.42,2553.92,0.75,13.0,0,Good,Mortgage,North,Fully Paid,No,Good (670-739),Lower-Middle ($40k-$65k),0
CUST-5885,Male,26,High School,Employed,Single,2,29200.0,773.0,1,LN-2023-14885,Personal,29700.0,36,13.37,1006.01,0.512,3.0,0,Excellent,Rent,East,Fully Paid,No,Very Good (740-799),Low (<$40k),0
CUST-5886,Female,25,Bachelor,Self-Employed,Divorced,1,88900.0,721.0,1,LN-2023-14886,Personal,7800.0,48,15.56,219.3,0.08,1.0,0,Good,Mortgage,North,Current,No,Good (670-739),Upper-Middle ($65k-$95k),0
CUST-5887,Male,34,High School,Employed,Married,0,100600.0,837.0,0,LN-2023-14887,Education,12400.0,12,9.1,1084.97,0.129,8.0,0,Excellent,Rent,Central,Current,No,Excellent (800+),High (>$95k),0
CUST-5888,Female,65,PhD,Employed,Single,0,130100.0,785.0,0,LN-2023-14888,Home,96000.0,36,10.45,3117.97,0.288,25.0,0,Excellent,Rent,North,Current,No,Very Good (740-799),High (>$95k),0
CUST-5889,Male,62,Bachelor,Unemployed,Married,0,18000.0,732.0,0,LN-2023-14889,Education,21400.0,36,14.15,732.96,0.489,0.0,0,Good,Mortgage,Central,Current,No,Good (670-739),Low (<$40k),0
CUST-5890,Female,24,Bachelor,Employed,Married,0,47700.0,709.0,1,LN-2023-14890,Education,30400.0,24,13.24,1448.7,0.396,1.0,0,Good,Rent,North,Current,No,Good (670-739),Lower-Middle ($40k-$65k),0
CUST-5891,Male,28,High School,Self-Employed,Married,0,87700.0,774.0,1,LN-2023-14891,Personal,11300.0,36,14.06,386.54,0.08,4.0,0,Excellent,Rent,East,Current,No,Very Good (740-799),Upper-Middle ($65k-$95k),0
CUST-5892,Male,44,Bachelor,Employed,Married,2,128100.0,481.0,0,LN-2023-14892,Home,91300.0,36,16.31,3223.83,0.302,9.0,1,Poor,Rent,Central,Fully Paid,No,Poor (<580),High (>$95k),0
CUST-5893,Female,31,High School,Employed,Married,2,54400.0,629.0,0,LN-2023-14893,Auto,24700.0,36,13.93,843.35,0.186,1.0,1,Fair,Mortgage,East,Current,No,Fair (580-669),Lower-Middle ($40k-$65k),0
CUST-5894,Male,37,Bachelor,Employed,Married,0,48400.0,512.0,0,LN-2023-14894,Home,68900.0,12,15.43,6232.79,0.75,3.0,1,Poor,Rent,East,Defaulted,Yes,Poor (<580),Lower-Middle ($40k-$65k),1
CUST-5895,Male,41,Master,Self-Employed,Divorced,0,187700.0,726.0,0,LN-2023-14895,Education,30800.0,36,13.75,1048.94,0.08,4.0,0,Good,Mortgage,North,Fully Paid,No,Good (670-739),High (>$95k),0
CUST-5896,Male,46,Bachelor,Employed,Single,2,60800.0,606.0,0,LN-2023-14896,Auto,40200.0,48,13.71,1092.69,0.216,1.0,0,Fair,Rent,East,Fully Paid,No,Fair (580-669),Lower-Middle ($40k-$65k),0
CUST-5897,Male,63,Bachelor,Employed,Married,3,47900.0,850.0,0,LN-2023-14897,Auto,22500.0,36,8.59,711.21,0.178,26.0,0,Excellent,Rent,East,Current,No,Excellent (800+),Lower-Middle ($40k-$65k),0
CUST-5898,Male,64,Bachelor,Employed,Divorced,0,44400.0,625.0,5,LN-2023-14898,Education,27200.0,36,15.58,950.64,0.549,14.0,0,Fair,Rent,South,Current,No,Fair (580-669),Lower-Middle ($40k-$65k),0
CUST-5899,Male,65,Master,Self-Employed,Married,0,52300.0,679.0,1,LN-2023-14899,Personal,8200.0,60,15.67,197.97,0.08,4.0,0,Good,Rent,North,Fully Paid,No,Good (670-739),Lower-Middle ($40k-$65k),0
CUST-5900,Female,47,Master,Employed,Married,2,220000.0,635.0,2,LN-2023-14900,Auto,40100.0,60,14.06,934.3,0.08,18.0,0,Fair,Rent,North,Fully Paid,No,Fair (580-669),High (>$95k),0
CUST-5901,Male,36,Bachelor,Employed,Single,2,119200.0,628.0,2,LN-2023-14901,Personal,11200.0,60,16.75,276.85,0.08,9.0,0,Fair,Rent,Central,Fully Paid,No,Fair (580-669),High (>$95k),0
CUST-5902,Male,46,Bachelor,Employed,Married,0,46800.0,564.0,2,LN-2023-14902,Personal,8000.0,12,17.6,731.92,0.258,10.0,1,Poor,Rent,Central,Fully Paid,No,Poor (<580),Lower-Middle ($40k-$65k),0
CUST-5903,Male,53,Bachelor,Self-Employed,Single,1,157600.0,561.0,2,LN-2023-14903,Personal,30300.0,36,18.17,1098.0,0.117,7.0,1,Poor,Rent,Central,Current,No,Poor (<580),High (>$95k),0
CUST-5904,Male,51,High School,Employed,Married,1,62400.0,484.0,2,LN-2023-14904,Auto,26100.0,24,16.73,1287.06,0.313,4.0,0,Poor,Rent,East,Defaulted,Yes,Poor (<580),Lower-Middle ($40k-$65k),1
CUST-5905,Female,67,Bachelor,Employed,Married,0,77800.0,716.0,2,LN-2023-14905,Education,27900.0,36,13.96,953.01,0.22,18.0,0,Good,Own,Central,Defaulted,Yes,Good (670-739),Upper-Middle ($65k-$95k),1
CUST-5906,Male,26,Bachelor,Unemployed,Married,2,18000.0,633.0,3,LN-2023-14906,Personal,26500.0,36,16.97,944.4,0.75,0.0,0,Fair,Mortgage,South,Defaulted,Yes,Fair (580-669),Low (<$40k),1
CUST-5907,Female,64,High School,Self-Employed,Divorced,1,44800.0,834.0,0,LN-2023-14907,Education,29300.0,36,10.53,952.74,0.255,33.0,0,Excellent,Mortgage,South,Current,No,Excellent (800+),Lower-Middle ($40k-$65k),0
CUST-5908,Male,28,High School,Employed,Single,1,48200.0,564.0,0,LN-2023-14908,Personal,19400.0,36,18.86,709.75,0.177,1.0,0,Poor,Rent,North,Defaulted,Yes,Poor (<580),Lower-Middle ($40k-$65k),1
CUST-5909,Female,27,Bachelor,Unemployed,Single,1,18000.0,795.0,0,LN-2023-14909,Personal,13800.0,48,15.26,385.89,0.257,0.0,0,Excellent,Mortgage,East,Current,No,Very Good (740-799),Low (<$40k),0
CUST-5910,Female,54,Master,Employed,Single,0,62500.0,803.0,3,LN-2023-14910,Business,84300.0,48,12.2,2228.23,0.501,16.0,0,Excellent,Rent,North,Fully Paid,No,Excellent (800+),Lower-Middle ($40k-$65k),0
CUST-5911,Female,64,Bachelor,Employed,Married,1,63000.0,778.0,1,LN-2023-14911,Personal,6900.0,48,12.39,183.03,0.081,35.0,0,Excellent,Own,North,Fully Paid,No,Very Good (740-799),Lower-Middle ($40k-$65k),0
CUST-5912,Female,34,Bachelor,Employed,Single,2,113300.0,689.0,3,LN-2023-14912,Personal,28600.0,60,15.62,689.74,0.126,7.0,0,Good,Rent,North,Fully Paid,No,Good (670-739),High (>$95k),0
CUST-5913,Female,36,Bachelor,Employed,Married,4,47600.0,641.0,1,LN-2023-14913,Personal,23600.0,48,15.42,661.84,0.22,6.0,0,Fair,Rent,South,Current,No,Fair (580-669),Lower-Middle ($40k-$65k),0
CUST-5914,Male,63,Bachelor,Self-Employed,Married,0,104200.0,778.0,1,LN-2023-14914,Personal,19600.0,36,13.45,664.66,0.106,26.0,0,Excellent,Mortgage,Central,Fully Paid,No,Very Good (740-799),High (>$95k),0
CUST-5915,Male,29,Bachelor,Employed,Single,0,24900.0,602.0,1,LN-2023-14915,Home,72600.0,24,13.67,3474.43,0.75,6.0,1,Fair,Own,South,Defaulted,Yes,Fair (580-669),Low (<$40k),1
CUST-5916,Female,30,Bachelor,Employed,Married,4,106300.0,693.0,2,LN-2023-14916,Personal,7200.0,24,16.62,354.67,0.08,5.0,0,Good,Mortgage,East,Fully Paid,No,Good (670-739),High (>$95k),0
CUST-5917,Male,37,High School,Employed,Married,1,32700.0,666.0,2,LN-2023-14917,Home,82700.0,36,10.55,2689.9,0.75,12.0,2,Fair,Rent,West,Fully Paid,No,Fair (580-669),Low (<$40k),0
CUST-5918,Male,32,Bachelor,Employed,Single,3,66700.0,594.0,1,LN-2023-14918,Home,111600.0,48,12.57,2970.19,0.566,5.0,0,Fair,Own,East,Current,No,Fair (580-669),Upper-Middle ($65k-$95k),0
CUST-5919,Female,26,Bachelor,Employed,Single,0,75500.0,693.0,2,LN-2023-14919,Auto,38300.0,12,13.31,3426.42,0.609,4.0,0,Good,Mortgage,East,Current,No,Good (670-739),Upper-Middle ($65k-$95k),0
CUST-5920,Male,39,Bachelor,Employed,Single,0,69100.0,733.0,0,LN-2023-14920,Education,27900.0,48,13.2,751.26,0.13,15.0,0,Good,Rent,East,Fully Paid,No,Good (670-739),Upper-Middle ($65k-$95k),0
CUST-5921,Female,63,PhD,Employed,Married,0,88500.0,590.0,1,LN-2023-14921,Personal,31800.0,48,18.39,940.62,0.153,18.0,0,Fair,Rent,North,Fully Paid,No,Fair (580-669),Upper-Middle ($65k-$95k),0
CUST-5922,Female,61,High School,Self-Employed,Married,2,32300.0,709.0,1,LN-2023-14922,Auto,47000.0,36,13.73,1600.19,0.654,21.0,0,Good,Mortgage,East,Current,No,Good (670-739),Low (<$40k),0
CUST-5923,Female,49,Bachelor,Employed,Single,3,42100.0,480.0,3,LN-2023-14923,Home,79000.0,36,16.25,2787.17,0.75,15.0,0,Poor,Rent,West,Defaulted,Yes,Poor (<580),Lower-Middle ($40k-$65k),1
CUST-5924,Female,26,Bachelor,Employed,Single,1,98400.0,580.0,3,LN-2023-14924,Personal,8600.0,12,17.96,788.28,0.142,4.0,0,Fair,Mortgage,North,Fully Paid,No,Fair (580-669),High (>$95k),0
CUST-5925,Male,45,Master,Employed,Married,0,59500.0,631.0,1,LN-2023-14925,Education,21800.0,24,15.66,1063.86,0.268,17.0,0,Fair,Rent,North,Current,No,Fair (580-669),Lower-Middle ($40k-$65k),0
CUST-5926,Male,44,Bachelor,Employed,Divorced,0,60000.0,700.0,0,LN-2023-14926,Auto,42100.0,12,12.95,3759.27,0.75,1.0,0,Good,Mortgage,East,Fully Paid,No,Good (670-739),Lower-Middle ($40k-$65k),0
CUST-5927,Male,45,Master,Unemployed,Divorced,1,18000.0,743.0,3,LN-2023-14927,Personal,16300.0,48,14.65,450.75,0.709,0.0,0,Excellent,Rent,West,Fully Paid,No,Very Good (740-799),Low (<$40k),0
CUST-5928,Male,36,Master,Self-Employed,Married,1,131700.0,677.0,0,LN-2023-14928,Personal,12700.0,36,15.56,443.74,0.08,10.0,0,Good,Mortgage,East,Fully Paid,No,Good (670-739),High (>$95k),0
CUST-5929,Female,36,Bachelor,Employed,Single,2,34700.0,718.0,1,LN-2023-14929,Home,108000.0,24,10.61,5014.11,0.75,10.0,0,Good,Own,South,Current,No,Good (670-739),Low (<$40k),0
CUST-5930,Female,26,Bachelor,Employed,Single,0,94900.0,656.0,0,LN-2023-14930,Education,28100.0,12,13.23,2512.85,0.318,6.0,0,Fair,Mortgage,Central,Current,No,Fair (580-669),Upper-Middle ($65k-$95k),0
CUST-5931,Male,57,Bachelor,Employed,Married,0,39000.0,704.0,1,LN-2023-14931,Education,38900.0,36,14.04,1330.27,0.457,22.0,0,Good,Own,North,Fully Paid,No,Good (670-739),Low (<$40k),0
CUST-5932,Male,41,Master,Employed,Married,0,122900.0,699.0,2,LN-2023-14932,Home,91700.0,48,10.22,2335.45,0.254,1.0,0,Good,Mortgage,North,Fully Paid,No,Good (670-739),High (>$95k),0
CUST-5933,Female,24,High School,Employed,Single,1,49300.0,626.0,1,LN-2023-14933,Personal,31100.0,48,16.41,887.93,0.252,1.0,0,Fair,Mortgage,West,Current,No,Fair (580-669),Lower-Middle ($40k-$65k),0
CUST-5934,Male,54,Bachelor,Self-Employed,Divorced,1,56200.0,639.0,3,LN-2023-14934,Home,69700.0,24,10.61,3235.96,0.75,23.0,0,Fair,Rent,North,Fully Paid,No,Fair (580-669),Lower-Middle ($40k-$65k),0
CUST-5935,Male,48,Bachelor,Self-Employed,Single,3,148600.0,721.0,2,LN-2023-14935,Education,35400.0,60,12.36,793.91,0.1,22.0,0,Good,Rent,North,Current,No,Good (670-739),High (>$95k),0
CUST-5936,Male,58,Bachelor,Employed,Single,1,60900.0,824.0,2,LN-2023-14936,Home,74800.0,36,7.5,2326.75,0.567,7.0,0,Excellent,Rent,Central,Fully Paid,No,Excellent (800+),Lower-Middle ($40k-$65k),0
CUST-5937,Female,61,Bachelor,Self-Employed,Married,0,61400.0,772.0,1,LN-2023-14937,Personal,26500.0,36,13.97,905.32,0.204,20.0,0,Excellent,Rent,North,Fully Paid,No,Very Good (740-799),Lower-Middle ($40k-$65k),0
CUST-5938,Female,48,Bachelor,Self-Employed,Married,0,108800.0,574.0,0,LN-2023-14938,Personal,29900.0,36,17.27,1070.04,0.118,19.0,1,Poor,Rent,East,Defaulted,Yes,Poor (<580),High (>$95k),1
CUST-5939,Female,37,High School,Self-Employed,Married,3,29000.0,574.0,2,LN-2023-14939,Home,98000.0,24,13.36,4675.69,0.75,10.0,2,Poor,Rent,South,Defaulted,Yes,Poor (<580),Low (<$40k),1
CUST-5940,Female,34,Bachelor,Unemployed,Married,0,18000.0,624.0,2,LN-2023-14940,Personal,24100.0,36,16.6,854.44,0.75,0.0,2,Fair,Rent,North,Defaulted,Yes,Fair (580-669),Low (<$40k),1
CUST-5941,Male,27,Bachelor,Employed,Single,0,105900.0,678.0,1,LN-2023-14941,Auto,46400.0,48,12.15,1225.31,0.158,3.0,0,Good,Mortgage,South,Fully Paid,No,Good (670-739),High (>$95k),0
CUST-5942,Male,42,Master,Employed,Married,3,53400.0,674.0,1,LN-2023-14942,Personal,13900.0,36,16.14,489.64,0.17,0.0,1,Good,Mortgage,South,Current,No,Good (670-739),Lower-Middle ($40k-$65k),0
CUST-5943,Female,21,Bachelor,Self-Employed,Single,1,106700.0,775.0,1,LN-2023-14943,Education,23400.0,60,11.6,515.8,0.087,0.0,0,Excellent,Mortgage,East,Fully Paid,No,Very Good (740-799),High (>$95k),0
CUST-5944,Male,49,Master,Self-Employed,Married,1,91400.0,780.0,2,LN-2023-14944,Auto,44100.0,36,11.17,1447.33,0.218,19.0,0,Excellent,Rent,North,Current,No,Very Good (740-799),Upper-Middle ($65k-$95k),0
CUST-5945,Female,51,Bachelor,Unemployed,Married,0,18000.0,670.0,2,LN-2023-14945,Home,102200.0,60,12.14,2280.62,0.75,0.0,0,Good,Mortgage,North,Defaulted,Yes,Good (670-739),Low (<$40k),1
CUST-5946,Female,50,High School,Employed,Married,2,64500.0,650.0,2,LN-2023-14946,Auto,43200.0,48,14.01,1180.72,0.277,18.0,1,Fair,Own,East,Current,No,Fair (580-669),Lower-Middle ($40k-$65k),0
CUST-5947,Female,35,Bachelor,Employed,Divorced,0,52300.0,713.0,3,LN-2023-14947,Personal,20900.0,12,14.88,1885.22,0.536,9.0,0,Good,Mortgage,North,Fully Paid,No,Good (670-739),Lower-Middle ($40k-$65k),0
CUST-5948,Female,38,High School,Employed,Married,0,30200.0,760.0,2,LN-2023-14948,Personal,24500.0,12,14.73,2208.21,0.75,6.0,0,Excellent,Mortgage,North,Fully Paid,No,Very Good (740-799),Low (<$40k),0
CUST-5949,Female,55,PhD,Employed,Married,0,57800.0,716.0,0,LN-2023-14949,Business,20900.0,48,14.62,577.64,0.286,29.0,0,Good,Mortgage,Central,Fully Paid,No,Good (670-739),Lower-Middle ($40k-$65k),0
CUST-5950,Female,50,Master,Employed,Single,0,35700.0,633.0,2,LN-2023-14950,Auto,22900.0,36,14.02,782.89,0.422,19.0,0,Fair,Mortgage,North,Fully Paid,No,Fair (580-669),Low (<$40k),0
CUST-5951,Male,54,Bachelor,Employed,Divorced,3,75400.0,617.0,2,LN-2023-14951,Personal,25300.0,24,17.69,1259.29,0.248,16.0,0,Fair,Rent,East,Fully Paid,No,Fair (580-669),Upper-Middle ($65k-$95k),0
CUST-5952,Male,62,Bachelor,Employed,Single,1,41300.0,575.0,0,LN-2023-14952,Home,79300.0,60,13.1,1808.38,0.525,33.0,0,Poor,Rent,North,Fully Paid,No,Poor (<580),Lower-Middle ($40k-$65k),0
CUST-5953,Male,31,Bachelor,Employed,Married,1,61900.0,686.0,1,LN-2023-14953,Personal,13500.0,60,16.53,332.11,0.105,8.0,0,Good,Rent,West,Current,No,Good (670-739),Lower-Middle ($40k-$65k),0
CUST-5954,Female,47,Bachelor,Employed,Married,3,57900.0,722.0,2,LN-2023-14954,Personal,30600.0,48,15.03,852.09,0.231,18.0,0,Good,Mortgage,East,Current,No,Good (670-739),Lower-Middle ($40k-$65k),0
CUST-5955,Male,44,Bachelor,Employed,Divorced,0,41200.0,732.0,2,LN-2023-14955,Personal,19000.0,48,15.79,536.42,0.264,11.0,0,Good,Rent,East,Current,No,Good (670-739),Lower-Middle ($40k-$65k),0
CUST-5956,Female,55,Bachelor,Employed,Single,0,31700.0,767.0,3,LN-2023-14956,Personal,8600.0,12,13.88,771.68,0.457,15.0,0,Excellent,Own,East,Fully Paid,No,Very Good (740-799),Low (<$40k),0
CUST-5957,Male,59,Bachelor,Employed,Single,1,196600.0,795.0,3,LN-2023-14957,Auto,27900.0,12,11.47,2471.97,0.176,11.0,0,Excellent,Mortgage,West,Current,No,Very Good (740-799),High (>$95k),0
CUST-5958,Female,28,High School,Unemployed,Married,1,18000.0,553.0,0,LN-2023-14958,Education,23600.0,36,15.49,823.78,0.549,0.0,0,Poor,Mortgage,West,Defaulted,Yes,Poor (<580),Low (<$40k),1
CUST-5959,Male,38,Master,Employed,Married,1,176800.0,704.0,2,LN-2023-14959,Home,129000.0,36,11.71,4266.8,0.32,4.0,0,Good,Own,North,Fully Paid,No,Good (670-739),High (>$95k),0
CUST-5960,Female,33,Master,Employed,Married,0,131500.0,707.0,1,LN-2023-14960,Home,106000.0,12,11.23,9379.83,0.75,5.0,0,Good,Rent,North,Fully Paid,No,Good (670-739),High (>$95k),0
CUST-5961,Female,65,Bachelor,Self-Employed,Single,1,62600.0,663.0,1,LN-2023-14961,Personal,18100.0,48,15.76,510.74,0.131,22.0,0,Fair,Rent,South,Current,No,Fair (580-669),Lower-Middle ($40k-$65k),0
CUST-5962,Male,44,Master,Employed,Married,0,84400.0,599.0,0,LN-2023-14962,Personal,15500.0,36,18.23,562.15,0.08,5.0,0,Fair,Own,West,Current,No,Fair (580-669),Upper-Middle ($65k-$95k),0
CUST-5963,Male,43,High School,Self-Employed,Divorced,0,60500.0,792.0,0,LN-2023-14963,Auto,44800.0,36,9.99,1445.36,0.287,18.0,1,Good,Own,North,Fully Paid,No,Very Good (740-799),Lower-Middle ($40k-$65k),0
CUST-5964,Female,32,High School,Employed,Married,0,112600.0,619.0,0,LN-2023-14964,Education,28000.0,36,14.83,968.3,0.103,5.0,0,Fair,Rent,South,Fully Paid,No,Fair (580-669),High (>$95k),0
CUST-5965,Male,50,Bachelor,Unemployed,Single,0,32000.0,483.0,2,LN-2023-14965,Personal,13300.0,12,19.58,1229.37,0.585,0.0,0,Poor,Mortgage,East,Current,No,Poor (<580),Low (<$40k),0
CUST-5966,Male,51,Bachelor,Employed,Married,0,43700.0,671.0,0,LN-2023-14966,Home,84500.0,36,12.18,2813.88,0.75,14.0,0,Good,Rent,South,Fully Paid,No,Good (670-739),Lower-Middle ($40k-$65k),0
CUST-5967,Female,48,Bachelor,Unemployed,Single,0,25800.0,649.0,0,LN-2023-14967,Business,39500.0,48,17.2,1143.87,0.532,0.0,0,Fair,Rent,East,Fully Paid,No,Fair (580-669),Low (<$40k),0
CUST-5968,Female,42,Master,Self-Employed,Married,4,128500.0,827.0,0,LN-2023-14968,Auto,46500.0,24,9.79,2141.23,0.2,8.0,0,Excellent,Mortgage,West,Current,No,Excellent (800+),High (>$95k),0
CUST-5969,Female,64,PhD,Employed,Single,3,54700.0,711.0,2,LN-2023-14969,Personal,23400.0,60,14.27,547.76,0.185,2.0,0,Good,Rent,North,Current,No,Good (670-739),Lower-Middle ($40k-$65k),0
CUST-5970,Male,48,Bachelor,Employed,Single,1,78500.0,644.0,0,LN-2023-14970,Personal,14400.0,24,15.95,704.72,0.108,21.0,1,Fair,Own,South,Fully Paid,No,Fair (580-669),Upper-Middle ($65k-$95k),0
CUST-5971,Male,33,Master,Employed,Married,4,142600.0,653.0,0,LN-2023-14971,Business,32800.0,36,16.3,1158.01,0.097,3.0,2,Fair,Mortgage,East,Fully Paid,No,Fair (580-669),High (>$95k),0
CUST-5972,Female,45,High School,Employed,Single,4,33400.0,652.0,1,LN-2023-14972,Personal,8100.0,36,16.48,286.7,0.155,13.0,0,Fair,Mortgage,Central,Current,No,Fair (580-669),Low (<$40k),0
CUST-5973,Male,64,High School,Employed,Single,0,35500.0,850.0,1,LN-2023-14973,Home,85600.0,24,7.36,3846.52,0.75,22.0,1,Good,Rent,North,Current,No,Excellent (800+),Low (<$40k),0
CUST-5974,Female,66,Master,Unemployed,Divorced,1,45900.0,727.0,1,LN-2023-14974,Home,84700.0,36,9.73,2722.31,0.75,0.0,1,Good,Own,East,Defaulted,Yes,Good (670-739),Lower-Middle ($40k-$65k),1
CUST-5975,Male,27,Bachelor,Employed,Divorced,3,53600.0,550.0,2,LN-2023-14975,Home,80500.0,48,15.34,2254.27,0.558,3.0,1,Poor,Rent,Central,Current,No,Poor (<580),Lower-Middle ($40k-$65k),0
CUST-5976,Male,65,Bachelor,Employed,Divorced,1,40400.0,649.0,0,LN-2023-14976,Personal,27700.0,48,16.09,786.3,0.234,20.0,0,Fair,Mortgage,North,Fully Paid,No,Fair (580-669),Lower-Middle ($40k-$65k),0
CUST-5977,Male,26,Bachelor,Self-Employed,Married,0,107500.0,667.0,0,LN-2023-14977,Auto,47200.0,60,13.04,1074.91,0.12,1.0,0,Fair,Mortgage,West,Current,No,Fair (580-669),High (>$95k),0
CUST-5978,Male,44,Bachelor,Employed,Married,2,81500.0,575.0,0,LN-2023-14978,Personal,13300.0,60,18.95,344.64,0.08,6.0,0,Poor,Rent,North,Current,No,Poor (<580),Upper-Middle ($65k-$95k),0
CUST-5979,Male,39,High School,Employed,Divorced,0,51200.0,518.0,3,LN-2023-14979,Auto,21200.0,60,16.71,523.57,0.203,8.0,0,Poor,Own,North,Current,No,Poor (<580),Lower-Middle ($40k-$65k),0
CUST-5980,Male,39,Bachelor,Self-Employed,Married,0,119900.0,720.0,0,LN-2023-14980,Home,110500.0,36,10.82,3608.22,0.361,12.0,0,Good,Rent,North,Current,No,Good (670-739),High (>$95k),0
CUST-5981,Female,56,High School,Self-Employed,Married,0,96700.0,601.0,5,LN-2023-14981,Personal,16000.0,36,16.97,570.2,0.186,13.0,1,Fair,Mortgage,East,Fully Paid,No,Fair (580-669),High (>$95k),0
CUST-5982,Male,29,High School,Employed,Single,0,47300.0,776.0,2,LN-2023-14982,Auto,18300.0,24,11.58,857.86,0.335,1.0,0,Excellent,Mortgage,East,Fully Paid,No,Very Good (740-799),Lower-Middle ($40k-$65k),0
CUST-5983,Female,56,Bachelor,Unemployed,Married,0,53500.0,670.0,1,LN-2023-14983,Business,32700.0,24,16.37,1606.88,0.411,0.0,0,Good,Rent,North,Fully Paid,No,Good (670-739),Lower-Middle ($40k-$65k),0
CUST-5984,Female,58,High School,Employed,Single,3,100100.0,629.0,2,LN-2023-14984,Education,15500.0,24,14.18,745.52,0.121,3.0,0,Fair,Own,North,Current,No,Fair (580-669),High (>$95k),0
CUST-5985,Female,60,Master,Employed,Single,0,31900.0,464.0,1,LN-2023-14985,Personal,3000.0,48,20.22,91.64,0.132,6.0,2,Poor,Rent,South,Current,No,Poor (<580),Low (<$40k),0
CUST-5986,Male,49,High School,Employed,Single,0,30900.0,773.0,1,LN-2023-14986,Home,125000.0,36,8.66,3955.22,0.75,10.0,0,Excellent,Rent,North,Defaulted,Yes,Very Good (740-799),Low (<$40k),1
CUST-5987,Female,44,High School,Employed,Married,0,18000.0,694.0,1,LN-2023-14987,Auto,26300.0,24,12.66,1246.15,0.75,2.0,0,Good,Rent,East,Current,No,Good (670-739),Low (<$40k),0
CUST-5988,Female,25,Bachelor,Employed,Married,1,54300.0,631.0,2,LN-2023-14988,Auto,13100.0,60,15.54,315.37,0.155,3.0,0,Fair,Rent,West,Fully Paid,No,Fair (580-669),Lower-Middle ($40k-$65k),0
CUST-5989,Female,62,Bachelor,Employed,Married,4,36500.0,594.0,0,LN-2023-14989,Auto,16300.0,36,15.41,568.32,0.187,7.0,0,Fair,Mortgage,Central,Current,No,Fair (580-669),Low (<$40k),0
CUST-5990,Female,65,High School,Self-Employed,Married,0,39100.0,805.0,2,LN-2023-14990,Business,42600.0,12,14.25,3829.94,0.75,19.0,0,Excellent,Rent,North,Current,No,Excellent (800+),Low (<$40k),0
CUST-5991,Female,46,High School,Employed,Married,0,80200.0,579.0,2,LN-2023-14991,Home,91900.0,12,14.6,8277.4,0.75,7.0,0,Poor,Mortgage,South,Current,No,Poor (<580),Upper-Middle ($65k-$95k),0
CUST-5992,Female,34,PhD,Self-Employed,Married,1,48500.0,638.0,1,LN-2023-14992,Education,29900.0,24,15.56,1457.72,0.405,11.0,0,Fair,Mortgage,South,Current,No,Fair (580-669),Lower-Middle ($40k-$65k),0
CUST-5993,Male,59,Bachelor,Employed,Married,1,66600.0,718.0,4,LN-2023-14993,Personal,11900.0,24,16.02,582.77,0.285,7.0,0,Good,Own,North,Current,No,Good (670-739),Upper-Middle ($65k-$95k),0
CUST-5994,Female,49,Bachelor,Unemployed,Single,0,23300.0,793.0,0,LN-2023-14994,Education,38600.0,60,12.17,861.96,0.444,0.0,0,Excellent,Mortgage,East,Current,No,Very Good (740-799),Low (<$40k),0
CUST-5995,Male,26,Bachelor,Employed,Single,0,60600.0,651.0,3,LN-2023-14995,Education,31900.0,48,15.67,898.67,0.259,2.0,0,Fair,Rent,North,Current,No,Fair (580-669),Lower-Middle ($40k-$65k),0
CUST-5996,Female,27,Bachelor,Employed,Married,1,66700.0,607.0,2,LN-2023-14996,Home,115200.0,24,13.33,5494.69,0.75,5.0,1,Fair,Rent,North,Defaulted,Yes,Fair (580-669),Upper-Middle ($65k-$95k),1
CUST-5997,Male,57,Bachelor,Employed,Married,0,23000.0,660.0,2,LN-2023-14997,Education,17000.0,24,14.76,822.34,0.547,10.0,0,Fair,Mortgage,North,Fully Paid,No,Fair (580-669),Low (<$40k),0
CUST-5998,Male,38,Bachelor,Self-Employed,Single,3,50200.0,746.0,3,LN-2023-14998,Auto,24500.0,36,12.35,817.85,0.355,10.0,0,Excellent,Own,South,Fully Paid,No,Very Good (740-799),Lower-Middle ($40k-$65k),0
CUST-5999,Female,43,Master,Self-Employed,Single,0,179200.0,765.0,3,LN-2023-14999,Auto,30400.0,60,11.16,663.4,0.095,6.0,0,Excellent,Mortgage,North,Current,No,Very Good (740-799),High (>$95k),0
CUST-6000,Female,64,High School,Employed,Married,0,28700.0,553.0,1,LN-2023-15000,Business,51600.0,24,19.03,2601.84,0.75,4.0,0,Poor,Mortgage,Central,Defaulted,Yes,Poor (<580),Low (<$40k),1
